Order_ID,Order_Date,Customer_Name,Gender,Age,City,State,Region,Product,Category,Sub_Category,Salesperson,Quantity,Unit_Price,Discount,Sales_Amount,Profit,Payment_Mode,Order_Status,Delivery_Status
ORD00001,2025-08-03,Arjun Patel,Male,28,Delhi,Delhi,North,Smartwatch,Accessories,Wearables,Meera Mehta,5,5300.0,15,0.0,0.0,UPI,Cancelled,Cancelled
ORD00002,2025-11-10,Vivaan Shah,Female,42,Jaipur,Rajasthan,North,Headphones,Electronics,Accessories,Aarav Shah,5,7800.0,15,33150.0,-996.82,Credit Card,Returned,Returned
ORD00003,2025-06-16,Vivaan Shah,Female,21,Bengaluru,Karnataka,South,Jacket,Fashion,Clothing,Kabir Joshi,3,4200.0,25,9450.0,529.56,Net Banking,Completed,Delivered
ORD00004,2025-03-22,Rohan Kapoor,Female,57,Kochi,Kerala,South,Sofa,Furniture,Living Room,Anaya Joshi,2,20400.0,15,34680.0,2284.2,UPI,Completed,Delivered
ORD00005,2025-12-17,Anaya Kapoor,Female,32,Nagpur,Maharashtra,West,Dining Table,Furniture,Dining,Meera Mehta,4,19900.0,25,59700.0,6475.54,Credit Card,Completed,Delivered
ORD00006,2025-01-15,Kabir Desai,Male,18,Jaipur,Rajasthan,North,Jacket,Fashion,Clothing,Kabir Joshi,5,3500.0,15,14875.0,2610.31,Net Banking,Completed,Delivered
ORD00007,2025-02-10,Arjun Patel,Female,24,Ahmedabad,Gujarat,West,Bed,Furniture,Bedroom,Kabir Joshi,3,21500.0,15,54825.0,8238.29,Debit Card,Completed,Delivered
ORD00008,2025-01-05,Rohan Shah,Female,31,Surat,Gujarat,West,Laptop,Electronics,Computers,Arjun Patel,5,74200.0,15,315350.0,38775.95,UPI,Completed,Delivered
ORD00009,2025-08-19,Vivaan Singh,Male,32,Lucknow,Uttar Pradesh,North,T-Shirt,Fashion,Clothing,Anaya Joshi,2,600.0,0,1200.0,109.04,Net Banking,Completed,Delivered
ORD00010,2025-11-27,Anaya Kapoor,Female,45,Delhi,Delhi,North,Sunglasses,Accessories,Eyewear,Kabir Joshi,4,6600.0,15,22440.0,1429.75,UPI,Completed,Delivered
ORD00011,2025-12-25,Kabir Mehta,Female,25,Ahmedabad,Gujarat,West,Laptop,Electronics,Computers,Kabir Joshi,1,70900.0,0,0.0,0.0,Credit Card,Cancelled,Cancelled
ORD00012,2025-06-29,Meera Shah,Male,29,Ahmedabad,Gujarat,West,Sunglasses,Accessories,Eyewear,Arjun Patel,2,2800.0,20,4480.0,-222.61,Credit Card,Returned,Returned
ORD00013,2025-08-13,Vivaan Verma,Male,36,Bhopal,Madhya Pradesh,Central,Refrigerator,Appliances,Kitchen Appliances,Diya Patel,1,74900.0,5,71155.0,8207.61,Credit Card,Completed,Delivered
ORD00014,2025-07-17,Anaya Patel,Female,28,Nagpur,Maharashtra,West,Television,Electronics,Home Entertainment,Aarav Shah,3,49000.0,5,139650.0,-8811.98,UPI,Returned,Returned
ORD00015,2025-12-18,Rohan Joshi,Male,58,Nagpur,Maharashtra,West,Jacket,Fashion,Clothing,Aarav Shah,5,7100.0,10,31950.0,1666.4,Credit Card,Completed,Delivered
ORD00016,2025-09-09,Rohan Singh,Female,43,Delhi,Delhi,North,Watch,Accessories,Watches,Kabir Joshi,1,10600.0,15,9010.0,1533.59,Credit Card,Completed,In Transit
ORD00017,2025-08-21,Arjun Shah,Male,36,Bhopal,Madhya Pradesh,Central,Smartphone,Electronics,Mobiles,Rohan Mehta,1,16900.0,20,0.0,0.0,Cash,Cancelled,Cancelled
ORD00018,2025-06-02,Kabir Mehta,Male,35,Ahmedabad,Gujarat,West,Smartwatch,Accessories,Wearables,Diya Patel,3,17000.0,15,43350.0,5439.96,Credit Card,Completed,Delivered
ORD00019,2025-05-15,Meera Verma,Male,34,Vadodara,Gujarat,West,Jacket,Fashion,Clothing,Aarav Shah,5,3200.0,15,13600.0,1553.2,Credit Card,Completed,Delivered
ORD00020,2025-11-13,Aarav Desai,Female,36,Chandigarh,Chandigarh,North,Jeans,Fashion,Clothing,Anaya Joshi,5,3000.0,20,12000.0,1839.91,UPI,Completed,Delivered
ORD00021,2025-08-21,Ishita Mehta,Male,41,Bhopal,Madhya Pradesh,Central,Backpack,Fashion,Bags,Aarav Shah,4,4300.0,20,0.0,0.0,Credit Card,Cancelled,Cancelled
ORD00022,2025-08-11,Kabir Patel,Female,20,Vadodara,Gujarat,West,Laptop,Electronics,Computers,Meera Mehta,4,56800.0,10,204480.0,18648.55,UPI,Completed,Delivered
ORD00023,2025-02-08,Ishita Verma,Male,59,Kochi,Kerala,South,T-Shirt,Fashion,Clothing,Arjun Patel,2,1000.0,5,1900.0,277.97,Credit Card,Completed,Delivered
ORD00024,2025-09-21,Anaya Shah,Female,33,Kochi,Kerala,South,Running Shoes,Fashion,Footwear,Rohan Mehta,4,4300.0,10,0.0,0.0,UPI,Cancelled,Cancelled
ORD00025,2025-02-27,Ishita Patel,Female,59,Surat,Gujarat,West,Smartphone,Electronics,Mobiles,Ishita Shah,3,36700.0,10,0.0,0.0,UPI,Cancelled,Cancelled
ORD00026,2025-02-16,Anaya Kapoor,Male,57,Mysuru,Karnataka,South,Refrigerator,Appliances,Kitchen Appliances,Anaya Joshi,1,65900.0,5,62605.0,8199.74,UPI,Completed,Delivered
ORD00027,2025-11-14,Riya Desai,Male,26,Kochi,Kerala,South,Dining Table,Furniture,Dining,Vivaan Desai,3,46200.0,5,131670.0,19319.35,UPI,Completed,Delivered
ORD00028,2025-03-10,Arjun Verma,Female,46,Ahmedabad,Gujarat,West,T-Shirt,Fashion,Clothing,Arjun Patel,2,1000.0,0,2000.0,271.65,UPI,Completed,Delivered
ORD00029,2025-07-23,Anaya Desai,Female,43,Indore,Madhya Pradesh,Central,Sunglasses,Accessories,Eyewear,Riya Desai,5,1500.0,10,6750.0,377.87,Credit Card,Completed,Delivered
ORD00030,2025-08-11,Diya Joshi,Female,36,Delhi,Delhi,North,Television,Electronics,Home Entertainment,Riya Desai,1,55200.0,15,46920.0,6102.44,Credit Card,Completed,Delivered
ORD00031,2025-06-27,Anaya Verma,Male,50,Pune,Maharashtra,West,Running Shoes,Fashion,Footwear,Aarav Shah,4,4900.0,20,15680.0,838.04,Cash,Completed,Delivered
ORD00032,2025-08-30,Diya Desai,Male,40,Mysuru,Karnataka,South,Refrigerator,Appliances,Kitchen Appliances,Aarav Shah,4,42500.0,25,127500.0,9800.79,Debit Card,Completed,Delivered
ORD00033,2025-03-16,Diya Desai,Male,53,Bengaluru,Karnataka,South,Smartphone,Electronics,Mobiles,Kabir Joshi,3,26900.0,0,0.0,0.0,Cash,Cancelled,Cancelled
ORD00034,2025-04-06,Aarav Singh,Female,40,Mumbai,Maharashtra,West,Dining Table,Furniture,Dining,Vivaan Desai,5,44300.0,15,188275.0,27321.38,UPI,Completed,Delivered
ORD00035,2025-04-10,Rohan Shah,Female,58,Chennai,Tamil Nadu,South,Headphones,Electronics,Accessories,Rohan Mehta,1,3600.0,10,3240.0,510.1,UPI,Completed,Delivered
ORD00036,2025-01-25,Vivaan Mehta,Female,38,Delhi,Delhi,North,Jeans,Fashion,Clothing,Anaya Joshi,4,3400.0,15,0.0,0.0,Net Banking,Cancelled,Cancelled
ORD00037,2025-08-03,Vivaan Mehta,Male,60,Indore,Madhya Pradesh,Central,Air Conditioner,Appliances,Cooling,Diya Patel,5,76500.0,25,286875.0,-22794.4,Net Banking,Returned,Returned
ORD00038,2025-10-10,Riya Shah,Female,19,Udaipur,Rajasthan,North,Dining Table,Furniture,Dining,Vivaan Desai,2,38600.0,0,77200.0,-7186.33,Credit Card,Returned,Returned
ORD00039,2025-12-30,Rohan Desai,Female,56,Nagpur,Maharashtra,West,Sunglasses,Accessories,Eyewear,Riya Desai,5,3000.0,15,12750.0,1618.56,Net Banking,Completed,Delivered
ORD00040,2025-01-01,Kabir Singh,Male,30,Delhi,Delhi,North,Headphones,Electronics,Accessories,Kabir Joshi,5,1100.0,10,4950.0,724.32,Credit Card,Completed,Delivered
ORD00041,2025-08-01,Vivaan Verma,Male,54,Bhopal,Madhya Pradesh,Central,Laptop,Electronics,Computers,Anaya Joshi,5,83500.0,0,0.0,0.0,Credit Card,Cancelled,Cancelled
ORD00042,2025-01-12,Arjun Shah,Female,49,Patna,Bihar,East,Watch,Accessories,Watches,Meera Mehta,1,4400.0,5,4180.0,550.02,Credit Card,Completed,Delivered
ORD00043,2025-05-25,Ishita Singh,Male,50,Jaipur,Rajasthan,North,Television,Electronics,Home Entertainment,Vivaan Desai,2,50200.0,5,95380.0,5732.86,Cash,Completed,Delayed
ORD00044,2025-01-10,Kabir Patel,Female,47,Indore,Madhya Pradesh,Central,Running Shoes,Fashion,Footwear,Diya Patel,3,6000.0,20,0.0,0.0,Credit Card,Cancelled,Cancelled
ORD00045,2025-10-10,Ishita Mehta,Male,30,Pune,Maharashtra,West,Laptop,Electronics,Computers,Aarav Shah,1,64200.0,25,48150.0,6126.46,Credit Card,Completed,Delivered
ORD00046,2025-01-23,Rohan Desai,Male,54,Vadodara,Gujarat,West,Laptop,Electronics,Computers,Riya Desai,5,47300.0,20,189200.0,22602.78,Cash,Completed,Delivered
ORD00047,2025-10-15,Anaya Kapoor,Female,45,Bhopal,Madhya Pradesh,Central,Jeans,Fashion,Clothing,Meera Mehta,1,1700.0,20,0.0,0.0,UPI,Cancelled,Cancelled
ORD00048,2025-04-22,Kabir Shah,Male,40,Surat,Gujarat,West,Headphones,Electronics,Accessories,Vivaan Desai,3,3200.0,15,8160.0,1003.04,Debit Card,Completed,In Transit
ORD00049,2025-11-04,Rohan Singh,Male,55,Surat,Gujarat,West,Office Chair,Furniture,Office,Aarav Shah,3,16600.0,10,44820.0,4283.73,Cash,Completed,Delivered
ORD00050,2025-02-03,Meera Desai,Female,19,Bengaluru,Karnataka,South,Sunglasses,Accessories,Eyewear,Rohan Mehta,1,6700.0,5,6365.0,725.45,Credit Card,Completed,Delivered
ORD00051,2025-05-02,Diya Desai,Male,36,Indore,Madhya Pradesh,Central,Office Chair,Furniture,Office,Vivaan Desai,4,6500.0,10,23400.0,3829.67,UPI,Completed,Delivered
ORD00052,2025-03-14,Riya Desai,Female,39,Bengaluru,Karnataka,South,Washing Machine,Appliances,Laundry Appliances,Meera Mehta,1,43100.0,10,38790.0,-2435.4,Net Banking,Returned,Returned
ORD00053,2025-01-14,Meera Kapoor,Female,45,Indore,Madhya Pradesh,Central,Backpack,Fashion,Bags,Arjun Patel,2,4000.0,0,8000.0,591.9,Credit Card,Completed,Delivered
ORD00054,2025-10-21,Diya Patel,Male,32,Surat,Gujarat,West,Running Shoes,Fashion,Footwear,Kabir Joshi,2,1700.0,5,3230.0,537.4,Debit Card,Completed,Delivered
ORD00055,2025-07-31,Aarav Desai,Male,21,Bengaluru,Karnataka,South,Air Conditioner,Appliances,Cooling,Riya Desai,1,72000.0,0,72000.0,-2936.06,Cash,Returned,Returned
ORD00056,2025-06-29,Vivaan Kapoor,Female,51,Chennai,Tamil Nadu,South,Watch,Accessories,Watches,Meera Mehta,4,8800.0,10,31680.0,3908.67,Credit Card,Completed,Delivered
ORD00057,2025-11-27,Anaya Kapoor,Female,47,Nagpur,Maharashtra,West,Refrigerator,Appliances,Kitchen Appliances,Meera Mehta,1,34600.0,0,34600.0,-2175.72,Net Banking,Returned,Returned
ORD00058,2025-04-04,Ishita Kapoor,Female,55,Vadodara,Gujarat,West,Sunglasses,Accessories,Eyewear,Rohan Mehta,5,6900.0,0,34500.0,4308.35,Cash,Completed,Delayed
ORD00059,2025-07-31,Anaya Mehta,Male,37,Surat,Gujarat,West,T-Shirt,Fashion,Clothing,Aarav Shah,3,1600.0,5,4560.0,349.57,Credit Card,Completed,Delayed
ORD00060,2025-06-27,Rohan Shah,Female,27,Ahmedabad,Gujarat,West,Jeans,Fashion,Clothing,Vivaan Desai,5,3100.0,20,0.0,0.0,UPI,Cancelled,Cancelled
ORD00061,2025-09-22,Kabir Shah,Male,32,Hyderabad,Telangana,South,Smartphone,Electronics,Mobiles,Meera Mehta,5,48300.0,0,0.0,0.0,Debit Card,Cancelled,Cancelled
ORD00062,2025-03-17,Kabir Patel,Male,52,Vadodara,Gujarat,West,Backpack,Fashion,Bags,Aarav Shah,5,3900.0,25,14625.0,-1666.73,Debit Card,Returned,Returned
ORD00063,2025-05-12,Riya Kapoor,Male,59,Jaipur,Rajasthan,North,Office Chair,Furniture,Office,Kabir Joshi,1,14500.0,15,12325.0,879.44,Debit Card,Completed,In Transit
ORD00064,2025-11-05,Arjun Patel,Female,57,Jaipur,Rajasthan,North,Air Conditioner,Appliances,Cooling,Rohan Mehta,3,61200.0,10,165240.0,13250.21,Credit Card,Completed,In Transit
ORD00065,2025-08-19,Anaya Kapoor,Male,53,Nagpur,Maharashtra,West,Washing Machine,Appliances,Laundry Appliances,Ishita Shah,3,47500.0,10,128250.0,19650.88,Debit Card,Completed,Delivered
ORD00066,2025-08-04,Anaya Desai,Female,32,Pune,Maharashtra,West,Laptop,Electronics,Computers,Meera Mehta,4,67800.0,15,230520.0,34140.61,UPI,Completed,Delivered
ORD00067,2025-01-11,Vivaan Joshi,Female,27,Lucknow,Uttar Pradesh,North,Television,Electronics,Home Entertainment,Meera Mehta,4,75200.0,0,300800.0,42176.16,Credit Card,Completed,Delivered
ORD00068,2025-07-29,Meera Kapoor,Male,50,Jaipur,Rajasthan,North,T-Shirt,Fashion,Clothing,Meera Mehta,2,2400.0,5,0.0,0.0,Net Banking,Cancelled,Cancelled
ORD00069,2025-04-16,Meera Singh,Male,45,Hyderabad,Telangana,South,Bed,Furniture,Bedroom,Riya Desai,4,56100.0,15,0.0,0.0,UPI,Cancelled,Cancelled
ORD00070,2025-07-01,Riya Kapoor,Male,18,Chandigarh,Chandigarh,North,Jeans,Fashion,Clothing,Ishita Shah,1,4700.0,10,4230.0,-216.71,Credit Card,Returned,Returned
ORD00071,2025-03-04,Kabir Mehta,Female,42,Jaipur,Rajasthan,North,T-Shirt,Fashion,Clothing,Riya Desai,5,1300.0,15,5525.0,852.9,Net Banking,Completed,Delivered
ORD00072,2025-01-25,Ishita Verma,Male,23,Surat,Gujarat,West,Air Conditioner,Appliances,Cooling,Vivaan Desai,2,54000.0,20,86400.0,4688.93,Net Banking,Completed,Delayed
ORD00073,2025-03-04,Ishita Kapoor,Male,57,Bhopal,Madhya Pradesh,Central,Office Chair,Furniture,Office,Aarav Shah,2,4200.0,15,7140.0,1249.07,UPI,Completed,Delivered
ORD00074,2025-01-18,Meera Mehta,Male,31,Chennai,Tamil Nadu,South,Sunglasses,Accessories,Eyewear,Rohan Mehta,3,5700.0,10,15390.0,-725.82,Credit Card,Returned,Returned
ORD00075,2025-10-15,Arjun Mehta,Female,27,Surat,Gujarat,West,Backpack,Fashion,Bags,Rohan Mehta,2,2600.0,15,4420.0,325.54,Debit Card,Completed,In Transit
ORD00076,2025-09-06,Meera Kapoor,Male,54,Ahmedabad,Gujarat,West,Watch,Accessories,Watches,Rohan Mehta,5,7000.0,10,31500.0,2521.25,Net Banking,Completed,Delivered
ORD00077,2025-06-14,Anaya Joshi,Female,38,Lucknow,Uttar Pradesh,North,Microwave,Appliances,Kitchen Appliances,Arjun Patel,2,21500.0,25,32250.0,-3377.21,Net Banking,Returned,Returned
ORD00078,2025-10-12,Rohan Joshi,Female,35,Delhi,Delhi,North,Dining Table,Furniture,Dining,Diya Patel,1,20900.0,0,0.0,0.0,Net Banking,Cancelled,Cancelled
ORD00079,2025-02-22,Kabir Patel,Female,52,Pune,Maharashtra,West,Smartwatch,Accessories,Wearables,Anaya Joshi,3,6500.0,10,17550.0,2772.64,Net Banking,Completed,Delivered
ORD00080,2025-08-25,Kabir Verma,Male,56,Hyderabad,Telangana,South,Backpack,Fashion,Bags,Kabir Joshi,2,2900.0,25,4350.0,491.64,UPI,Completed,Delivered
ORD00081,2025-12-07,Diya Verma,Female,53,Mysuru,Karnataka,South,Jeans,Fashion,Clothing,Kabir Joshi,4,1700.0,20,5440.0,464.58,UPI,Completed,Delivered
ORD00082,2025-01-27,Riya Kapoor,Male,48,Bhopal,Madhya Pradesh,Central,Refrigerator,Appliances,Kitchen Appliances,Ishita Shah,1,48400.0,15,0.0,0.0,Debit Card,Cancelled,Cancelled
ORD00083,2025-07-09,Aarav Patel,Female,19,Surat,Gujarat,West,Bed,Furniture,Bedroom,Ishita Shah,5,43900.0,5,0.0,0.0,Debit Card,Cancelled,Cancelled
ORD00084,2025-08-15,Arjun Verma,Female,51,Chandigarh,Chandigarh,North,Television,Electronics,Home Entertainment,Arjun Patel,3,40900.0,10,110430.0,10627.5,Debit Card,Completed,Delivered
ORD00085,2025-06-03,Diya Shah,Female,26,Pune,Maharashtra,West,Laptop,Electronics,Computers,Kabir Joshi,2,46200.0,5,87780.0,13992.03,Credit Card,Completed,In Transit
ORD00086,2025-01-12,Ishita Patel,Male,54,Ahmedabad,Gujarat,West,Office Chair,Furniture,Office,Aarav Shah,2,10400.0,0,20800.0,3201.62,UPI,Completed,Delivered
ORD00087,2025-07-17,Aarav Singh,Female,42,Bengaluru,Karnataka,South,Backpack,Fashion,Bags,Diya Patel,4,2800.0,20,0.0,0.0,Credit Card,Cancelled,Cancelled
ORD00088,2025-09-27,Riya Singh,Male,24,Lucknow,Uttar Pradesh,North,Sofa,Furniture,Living Room,Kabir Joshi,5,51800.0,0,259000.0,19029.97,UPI,Completed,Delivered
ORD00089,2025-04-13,Rohan Patel,Male,31,Jaipur,Rajasthan,North,Watch,Accessories,Watches,Meera Mehta,3,14200.0,10,38340.0,-1339.58,UPI,Returned,Returned
ORD00090,2025-07-29,Anaya Desai,Male,33,Chennai,Tamil Nadu,South,Smartphone,Electronics,Mobiles,Riya Desai,3,48900.0,10,132030.0,16426.59,Net Banking,Completed,In Transit
ORD00091,2025-04-06,Diya Verma,Male,56,Surat,Gujarat,West,Headphones,Electronics,Accessories,Anaya Joshi,2,7900.0,0,0.0,0.0,UPI,Cancelled,Cancelled
ORD00092,2025-03-06,Arjun Joshi,Female,20,Bhopal,Madhya Pradesh,Central,Bed,Furniture,Bedroom,Meera Mehta,1,39900.0,5,37905.0,5681.03,UPI,Completed,Delivered
ORD00093,2025-12-10,Aarav Shah,Female,29,Mumbai,Maharashtra,West,Watch,Accessories,Watches,Riya Desai,5,2100.0,0,10500.0,-357.62,Cash,Returned,Returned
ORD00094,2025-07-18,Diya Shah,Female,21,Pune,Maharashtra,West,Office Chair,Furniture,Office,Meera Mehta,4,9800.0,20,31360.0,-2636.49,Net Banking,Returned,Returned
ORD00095,2025-09-18,Ishita Desai,Female,40,Chandigarh,Chandigarh,North,Running Shoes,Fashion,Footwear,Aarav Shah,2,1800.0,10,3240.0,240.53,Credit Card,Completed,Delivered
ORD00096,2025-09-26,Rohan Kapoor,Female,42,Patna,Bihar,East,Backpack,Fashion,Bags,Kabir Joshi,5,1800.0,10,8100.0,1137.91,Net Banking,Completed,Delivered
ORD00097,2025-06-19,Diya Joshi,Male,32,Pune,Maharashtra,West,Smartphone,Electronics,Mobiles,Meera Mehta,3,58500.0,5,166725.0,18667.86,Net Banking,Completed,Delivered
ORD00098,2025-02-06,Riya Patel,Female,30,Mysuru,Karnataka,South,Smartphone,Electronics,Mobiles,Vivaan Desai,4,31800.0,5,0.0,0.0,Net Banking,Cancelled,Cancelled
ORD00099,2025-08-25,Meera Mehta,Male,23,Kochi,Kerala,South,Microwave,Appliances,Kitchen Appliances,Meera Mehta,5,15700.0,10,70650.0,8779.78,Cash,Completed,Delivered
ORD00100,2025-06-04,Anaya Singh,Female,24,Jaipur,Rajasthan,North,Laptop,Electronics,Computers,Vivaan Desai,3,79700.0,15,203235.0,16468.07,Net Banking,Completed,Delayed
ORD00101,2025-08-12,Arjun Patel,Male,44,Chandigarh,Chandigarh,North,Dining Table,Furniture,Dining,Aarav Shah,2,47300.0,5,89870.0,14049.89,Credit Card,Completed,In Transit
ORD00102,2025-08-21,Arjun Patel,Female,51,Jaipur,Rajasthan,North,Smartphone,Electronics,Mobiles,Vivaan Desai,4,12500.0,15,42500.0,-2358.79,UPI,Returned,Returned
ORD00103,2025-01-22,Ishita Shah,Female,35,Mumbai,Maharashtra,West,Smartwatch,Accessories,Wearables,Diya Patel,4,3600.0,5,13680.0,2055.12,Net Banking,Completed,Delivered
ORD00104,2025-03-20,Ishita Singh,Female,28,Lucknow,Uttar Pradesh,North,Bed,Furniture,Bedroom,Riya Desai,4,43100.0,10,155160.0,8253.94,UPI,Completed,Delivered
ORD00105,2025-09-28,Kabir Singh,Male,46,Surat,Gujarat,West,Jeans,Fashion,Clothing,Anaya Joshi,2,5000.0,10,0.0,0.0,Cash,Cancelled,Cancelled
ORD00106,2025-12-23,Vivaan Singh,Male,37,Lucknow,Uttar Pradesh,North,Jeans,Fashion,Clothing,Ishita Shah,4,3700.0,5,14060.0,2463.6,Debit Card,Completed,Delivered
ORD00107,2025-01-12,Kabir Verma,Female,32,Pune,Maharashtra,West,Headphones,Electronics,Accessories,Meera Mehta,3,3900.0,20,9360.0,727.31,UPI,Completed,Delivered
ORD00108,2025-02-15,Meera Joshi,Male,42,Bhopal,Madhya Pradesh,Central,Microwave,Appliances,Kitchen Appliances,Arjun Patel,3,22200.0,15,56610.0,8694.37,UPI,Completed,Delivered
ORD00109,2025-12-10,Vivaan Patel,Female,28,Hyderabad,Telangana,South,Smartwatch,Accessories,Wearables,Aarav Shah,4,11200.0,5,42560.0,2483.26,UPI,Completed,Delivered
ORD00110,2025-03-29,Ishita Mehta,Male,34,Kochi,Kerala,South,Watch,Accessories,Watches,Kabir Joshi,3,10900.0,20,26160.0,-2922.17,Credit Card,Returned,Returned
ORD00111,2025-03-18,Aarav Shah,Female,43,Lucknow,Uttar Pradesh,North,Jacket,Fashion,Clothing,Ishita Shah,4,6200.0,10,22320.0,2063.26,UPI,Completed,Delivered
ORD00112,2025-11-13,Meera Mehta,Male,23,Nagpur,Maharashtra,West,Air Conditioner,Appliances,Cooling,Kabir Joshi,2,64500.0,15,109650.0,6069.55,Net Banking,Completed,Delivered
ORD00113,2025-03-25,Arjun Mehta,Female,21,Delhi,Delhi,North,Sofa,Furniture,Living Room,Ishita Shah,2,66400.0,20,106240.0,16384.83,Cash,Completed,Delivered
ORD00114,2025-08-31,Kabir Desai,Female,36,Vadodara,Gujarat,West,Sofa,Furniture,Living Room,Arjun Patel,4,55200.0,0,220800.0,-18413.63,Credit Card,Returned,Returned
ORD00115,2025-02-06,Rohan Kapoor,Female,58,Chennai,Tamil Nadu,South,Microwave,Appliances,Kitchen Appliances,Rohan Mehta,5,21200.0,15,90100.0,6398.67,UPI,Completed,Delivered
ORD00116,2025-01-24,Vivaan Singh,Female,54,Chandigarh,Chandigarh,North,Headphones,Electronics,Accessories,Anaya Joshi,5,1500.0,0,7500.0,1194.44,Debit Card,Completed,Delivered
ORD00117,2025-09-19,Diya Singh,Male,59,Patna,Bihar,East,Watch,Accessories,Watches,Rohan Mehta,1,8400.0,10,7560.0,1090.78,Credit Card,Completed,Delivered
ORD00118,2025-01-14,Arjun Patel,Female,19,Hyderabad,Telangana,South,Headphones,Electronics,Accessories,Arjun Patel,5,4300.0,15,18275.0,1226.32,Credit Card,Completed,Delivered
ORD00119,2025-05-10,Kabir Joshi,Male,23,Nagpur,Maharashtra,West,Running Shoes,Fashion,Footwear,Aarav Shah,1,2900.0,20,2320.0,-177.09,Credit Card,Returned,Returned
ORD00120,2025-04-28,Riya Mehta,Female,33,Surat,Gujarat,West,Headphones,Electronics,Accessories,Riya Desai,5,1100.0,10,4950.0,331.72,Credit Card,Completed,Delayed
ORD00121,2025-05-01,Anaya Joshi,Male,54,Hyderabad,Telangana,South,Sofa,Furniture,Living Room,Vivaan Desai,1,39700.0,10,35730.0,5069.41,Credit Card,Completed,Delivered
ORD00122,2025-11-30,Anaya Patel,Female,26,Bhopal,Madhya Pradesh,Central,Backpack,Fashion,Bags,Vivaan Desai,4,2500.0,20,8000.0,-388.21,Net Banking,Returned,Returned
ORD00123,2025-08-30,Anaya Desai,Female,60,Ahmedabad,Gujarat,West,Headphones,Electronics,Accessories,Diya Patel,5,7500.0,5,35625.0,4489.01,UPI,Completed,Delivered
ORD00124,2025-08-22,Anaya Verma,Female,25,Delhi,Delhi,North,T-Shirt,Fashion,Clothing,Diya Patel,3,1500.0,15,3825.0,253.77,UPI,Completed,Delivered
ORD00125,2025-04-24,Riya Kapoor,Female,34,Jaipur,Rajasthan,North,Washing Machine,Appliances,Laundry Appliances,Riya Desai,5,63300.0,5,300675.0,47793.79,Net Banking,Completed,Delayed
ORD00126,2025-03-10,Vivaan Verma,Male,43,Jaipur,Rajasthan,North,Backpack,Fashion,Bags,Diya Patel,4,1200.0,15,4080.0,562.82,Net Banking,Completed,Delivered
ORD00127,2025-04-12,Anaya Patel,Female,21,Nagpur,Maharashtra,West,Sofa,Furniture,Living Room,Ishita Shah,1,37400.0,20,29920.0,1847.94,Credit Card,Completed,Delivered
ORD00128,2025-08-01,Arjun Shah,Male,18,Surat,Gujarat,West,Watch,Accessories,Watches,Riya Desai,5,12300.0,10,55350.0,5470.65,Credit Card,Completed,Delivered
ORD00129,2025-04-20,Rohan Verma,Female,27,Chandigarh,Chandigarh,North,Laptop,Electronics,Computers,Diya Patel,1,66800.0,10,60120.0,-2199.65,Credit Card,Returned,Returned
ORD00130,2025-10-27,Vivaan Singh,Female,32,Vadodara,Gujarat,West,Microwave,Appliances,Kitchen Appliances,Arjun Patel,2,15600.0,0,31200.0,2001.77,Cash,Completed,Delivered
ORD00131,2025-07-22,Kabir Joshi,Male,32,Kochi,Kerala,South,Bed,Furniture,Bedroom,Anaya Joshi,3,37000.0,15,94350.0,4810.26,Net Banking,Completed,Delivered
ORD00132,2025-05-24,Rohan Verma,Female,53,Chandigarh,Chandigarh,North,Smartphone,Electronics,Mobiles,Diya Patel,5,44700.0,10,201150.0,-11597.52,Credit Card,Returned,Returned
ORD00133,2025-11-08,Arjun Singh,Male,59,Chennai,Tamil Nadu,South,Television,Electronics,Home Entertainment,Riya Desai,2,32900.0,5,62510.0,4599.92,Net Banking,Completed,Delivered
ORD00134,2025-08-08,Vivaan Kapoor,Male,43,Patna,Bihar,East,Television,Electronics,Home Entertainment,Kabir Joshi,1,49300.0,10,44370.0,2233.4,Debit Card,Completed,Delivered
ORD00135,2025-12-11,Arjun Patel,Female,36,Bengaluru,Karnataka,South,Microwave,Appliances,Kitchen Appliances,Anaya Joshi,1,11300.0,15,9605.0,1394.21,UPI,Completed,In Transit
ORD00136,2025-10-20,Aarav Kapoor,Male,52,Kochi,Kerala,South,Refrigerator,Appliances,Kitchen Appliances,Arjun Patel,1,61100.0,20,0.0,0.0,Credit Card,Cancelled,Cancelled
ORD00137,2025-02-11,Diya Mehta,Female,56,Bengaluru,Karnataka,South,Sofa,Furniture,Living Room,Kabir Joshi,5,47700.0,10,214650.0,18393.41,Debit Card,Completed,Delivered
ORD00138,2025-08-17,Anaya Verma,Male,53,Delhi,Delhi,North,Jeans,Fashion,Clothing,Rohan Mehta,3,3500.0,10,0.0,0.0,Credit Card,Cancelled,Cancelled
ORD00139,2025-08-18,Vivaan Verma,Female,20,Ahmedabad,Gujarat,West,Washing Machine,Appliances,Laundry Appliances,Ishita Shah,1,47000.0,10,42300.0,2486.8,UPI,Completed,In Transit
ORD00140,2025-05-30,Anaya Verma,Female,53,Vadodara,Gujarat,West,Washing Machine,Appliances,Laundry Appliances,Vivaan Desai,2,64700.0,15,109990.0,19733.58,UPI,Completed,Delivered
ORD00141,2025-05-24,Anaya Mehta,Female,40,Lucknow,Uttar Pradesh,North,Jacket,Fashion,Clothing,Rohan Mehta,2,2400.0,10,4320.0,411.2,UPI,Completed,Delivered
ORD00142,2025-06-10,Arjun Verma,Male,33,Pune,Maharashtra,West,Smartwatch,Accessories,Wearables,Ishita Shah,4,6300.0,15,21420.0,2807.44,UPI,Completed,Delivered
ORD00143,2025-11-27,Kabir Shah,Male,40,Kolkata,West Bengal,East,Television,Electronics,Home Entertainment,Riya Desai,1,39800.0,10,35820.0,2199.12,Debit Card,Completed,Delayed
ORD00144,2025-03-23,Riya Kapoor,Male,52,Nagpur,Maharashtra,West,Headphones,Electronics,Accessories,Meera Mehta,3,5000.0,10,13500.0,1040.94,Credit Card,Completed,Delayed
ORD00145,2025-07-25,Diya Mehta,Female,35,Kolkata,West Bengal,East,Washing Machine,Appliances,Laundry Appliances,Riya Desai,3,55100.0,5,157035.0,14436.01,Cash,Completed,Delivered
ORD00146,2025-01-25,Anaya Mehta,Male,51,Ahmedabad,Gujarat,West,Television,Electronics,Home Entertainment,Meera Mehta,1,64400.0,15,0.0,0.0,Credit Card,Cancelled,Cancelled
ORD00147,2025-11-12,Diya Desai,Male,23,Mumbai,Maharashtra,West,T-Shirt,Fashion,Clothing,Diya Patel,4,700.0,15,2380.0,215.48,Debit Card,Completed,Delivered
ORD00148,2025-03-24,Meera Singh,Male,52,Chandigarh,Chandigarh,North,Sunglasses,Accessories,Eyewear,Vivaan Desai,5,5600.0,10,25200.0,2847.55,UPI,Completed,Delivered
ORD00149,2025-05-04,Anaya Joshi,Female,56,Kolkata,West Bengal,East,Sunglasses,Accessories,Eyewear,Diya Patel,4,4600.0,15,15640.0,1255.01,UPI,Completed,Delivered
ORD00150,2025-07-02,Ishita Desai,Female,44,Patna,Bihar,East,Headphones,Electronics,Accessories,Vivaan Desai,3,3900.0,15,0.0,0.0,UPI,Cancelled,Cancelled
ORD00151,2025-08-30,Vivaan Patel,Male,38,Lucknow,Uttar Pradesh,North,Dining Table,Furniture,Dining,Vivaan Desai,2,20200.0,10,0.0,0.0,Cash,Cancelled,Cancelled
ORD00152,2025-07-02,Anaya Verma,Male,43,Chennai,Tamil Nadu,South,Television,Electronics,Home Entertainment,Anaya Joshi,1,32100.0,10,0.0,0.0,Net Banking,Cancelled,Cancelled
ORD00153,2025-04-23,Riya Desai,Male,34,Indore,Madhya Pradesh,Central,Watch,Accessories,Watches,Meera Mehta,3,6600.0,10,17820.0,-1163.92,UPI,Returned,Returned
ORD00154,2025-07-22,Vivaan Joshi,Male,51,Ahmedabad,Gujarat,West,Smartphone,Electronics,Mobiles,Meera Mehta,4,16100.0,5,61180.0,3364.62,Net Banking,Completed,Delayed
ORD00155,2025-01-08,Arjun Desai,Male,25,Jaipur,Rajasthan,North,Backpack,Fashion,Bags,Kabir Joshi,1,1000.0,10,900.0,57.37,Debit Card,Completed,Delayed
ORD00156,2025-08-20,Anaya Desai,Female,48,Ahmedabad,Gujarat,West,Running Shoes,Fashion,Footwear,Anaya Joshi,3,1900.0,0,0.0,0.0,UPI,Cancelled,Cancelled
ORD00157,2025-12-18,Vivaan Kapoor,Female,27,Lucknow,Uttar Pradesh,North,Sunglasses,Accessories,Eyewear,Ishita Shah,3,1900.0,5,0.0,0.0,UPI,Cancelled,Cancelled
ORD00158,2025-08-05,Kabir Shah,Female,27,Indore,Madhya Pradesh,Central,Backpack,Fashion,Bags,Vivaan Desai,1,4400.0,15,3740.0,246.02,UPI,Completed,Delivered
ORD00159,2025-07-02,Aarav Verma,Male,42,Jaipur,Rajasthan,North,Smartphone,Electronics,Mobiles,Meera Mehta,5,42900.0,15,182325.0,12828.93,Credit Card,Completed,Delivered
ORD00160,2025-05-02,Vivaan Mehta,Female,47,Kochi,Kerala,South,Smartwatch,Accessories,Wearables,Arjun Patel,4,4400.0,5,16720.0,-520.73,Net Banking,Returned,Returned
ORD00161,2025-05-15,Meera Kapoor,Male,49,Hyderabad,Telangana,South,Sofa,Furniture,Living Room,Ishita Shah,2,50000.0,5,95000.0,-10049.09,Debit Card,Returned,Returned
ORD00162,2025-02-13,Arjun Verma,Male,39,Chennai,Tamil Nadu,South,Watch,Accessories,Watches,Vivaan Desai,2,3300.0,15,5610.0,984.37,Credit Card,Completed,Delivered
ORD00163,2025-05-24,Riya Patel,Female,18,Vadodara,Gujarat,West,Sunglasses,Accessories,Eyewear,Vivaan Desai,5,1300.0,10,5850.0,871.33,Net Banking,Completed,Delivered
ORD00164,2025-03-07,Arjun Mehta,Male,30,Mumbai,Maharashtra,West,Microwave,Appliances,Kitchen Appliances,Kabir Joshi,3,14200.0,15,36210.0,3274.14,Credit Card,Completed,Delivered
ORD00165,2025-03-16,Kabir Joshi,Female,48,Bengaluru,Karnataka,South,Bed,Furniture,Bedroom,Arjun Patel,1,12500.0,15,0.0,0.0,Credit Card,Cancelled,Cancelled
ORD00166,2025-08-18,Riya Desai,Male,57,Chandigarh,Chandigarh,North,Refrigerator,Appliances,Kitchen Appliances,Arjun Patel,2,41500.0,10,74700.0,11313.46,UPI,Completed,Delivered
ORD00167,2025-08-17,Rohan Verma,Female,21,Nagpur,Maharashtra,West,Jeans,Fashion,Clothing,Meera Mehta,4,1900.0,10,6840.0,865.03,Debit Card,Completed,Delivered
ORD00168,2025-03-17,Meera Desai,Female,55,Surat,Gujarat,West,Watch,Accessories,Watches,Vivaan Desai,3,5100.0,15,13005.0,1726.33,Cash,Completed,Delivered
ORD00169,2025-04-28,Kabir Joshi,Male,50,Chandigarh,Chandigarh,North,Jacket,Fashion,Clothing,Aarav Shah,5,2700.0,10,12150.0,747.44,Debit Card,Completed,Delivered
ORD00170,2025-03-02,Vivaan Shah,Female,20,Patna,Bihar,East,Jacket,Fashion,Clothing,Aarav Shah,3,6100.0,25,13725.0,1371.1,Credit Card,Completed,Delivered
ORD00171,2025-12-15,Rohan Desai,Female,54,Chennai,Tamil Nadu,South,Washing Machine,Appliances,Laundry Appliances,Anaya Joshi,1,61700.0,15,52445.0,4390.1,Cash,Completed,Delivered
ORD00172,2025-10-24,Anaya Kapoor,Female,48,Bengaluru,Karnataka,South,Refrigerator,Appliances,Kitchen Appliances,Anaya Joshi,4,29100.0,0,116400.0,19580.89,Debit Card,Completed,In Transit
ORD00173,2025-07-01,Riya Verma,Male,59,Mumbai,Maharashtra,West,Bed,Furniture,Bedroom,Kabir Joshi,2,25500.0,5,48450.0,4158.44,Debit Card,Completed,In Transit
ORD00174,2025-01-07,Anaya Patel,Female,32,Hyderabad,Telangana,South,Sofa,Furniture,Living Room,Diya Patel,5,61900.0,0,309500.0,51945.51,Debit Card,Completed,Delivered
ORD00175,2025-03-23,Riya Desai,Male,20,Mysuru,Karnataka,South,Smartwatch,Accessories,Wearables,Arjun Patel,5,3300.0,10,14850.0,-1422.24,UPI,Returned,Returned
ORD00176,2025-11-23,Vivaan Joshi,Female,50,Bhopal,Madhya Pradesh,Central,Sunglasses,Accessories,Eyewear,Aarav Shah,3,6800.0,10,18360.0,1354.82,Net Banking,Completed,Delivered
ORD00177,2025-12-07,Aarav Patel,Male,19,Surat,Gujarat,West,Office Chair,Furniture,Office,Ishita Shah,1,15100.0,10,13590.0,823.88,Cash,Completed,Delivered
ORD00178,2025-02-28,Meera Kapoor,Female,52,Surat,Gujarat,West,Dining Table,Furniture,Dining,Rohan Mehta,2,49100.0,10,88380.0,-4962.79,Cash,Returned,Returned
ORD00179,2025-03-20,Meera Desai,Female,45,Delhi,Delhi,North,Smartwatch,Accessories,Wearables,Kabir Joshi,2,7600.0,15,12920.0,-408.47,Credit Card,Returned,Returned
ORD00180,2025-10-06,Ishita Singh,Male,60,Bhopal,Madhya Pradesh,Central,Smartphone,Electronics,Mobiles,Rohan Mehta,1,17000.0,10,15300.0,1836.48,Credit Card,Completed,Delivered
ORD00181,2025-02-16,Arjun Shah,Male,57,Mysuru,Karnataka,South,Bed,Furniture,Bedroom,Diya Patel,2,16500.0,10,29700.0,3715.09,UPI,Completed,Delivered
ORD00182,2025-04-24,Rohan Mehta,Male,57,Patna,Bihar,East,Washing Machine,Appliances,Laundry Appliances,Ishita Shah,4,25800.0,10,0.0,0.0,UPI,Cancelled,Cancelled
ORD00183,2025-09-03,Anaya Kapoor,Male,49,Ahmedabad,Gujarat,West,Microwave,Appliances,Kitchen Appliances,Kabir Joshi,5,20200.0,15,0.0,0.0,Cash,Cancelled,Cancelled
ORD00184,2025-04-12,Diya Joshi,Female,48,Kolkata,West Bengal,East,Jacket,Fashion,Clothing,Arjun Patel,1,4400.0,25,0.0,0.0,UPI,Cancelled,Cancelled
ORD00185,2025-05-14,Kabir Joshi,Male,28,Pune,Maharashtra,West,Headphones,Electronics,Accessories,Diya Patel,1,1200.0,15,1020.0,61.53,Cash,Completed,Delivered
ORD00186,2025-09-05,Vivaan Joshi,Female,50,Hyderabad,Telangana,South,Sofa,Furniture,Living Room,Vivaan Desai,5,29000.0,15,123250.0,11533.37,Credit Card,Completed,Delivered
ORD00187,2025-04-18,Aarav Desai,Male,47,Surat,Gujarat,West,Sofa,Furniture,Living Room,Rohan Mehta,3,39800.0,15,101490.0,10820.43,UPI,Completed,Delivered
ORD00188,2025-09-04,Aarav Verma,Male,20,Indore,Madhya Pradesh,Central,Smartphone,Electronics,Mobiles,Anaya Joshi,2,28700.0,0,57400.0,-6142.74,Net Banking,Returned,Returned
ORD00189,2025-02-08,Anaya Joshi,Male,52,Lucknow,Uttar Pradesh,North,Washing Machine,Appliances,Laundry Appliances,Diya Patel,5,19600.0,5,93100.0,-9154.75,Debit Card,Returned,Returned
ORD00190,2025-10-08,Anaya Shah,Female,41,Nagpur,Maharashtra,West,Smartphone,Electronics,Mobiles,Riya Desai,4,32200.0,5,122360.0,21655.77,Net Banking,Completed,Delivered
ORD00191,2025-05-04,Kabir Mehta,Male,36,Indore,Madhya Pradesh,Central,Sunglasses,Accessories,Eyewear,Anaya Joshi,3,5900.0,15,15045.0,787.47,UPI,Completed,Delayed
ORD00192,2025-11-30,Rohan Shah,Female,58,Nagpur,Maharashtra,West,Television,Electronics,Home Entertainment,Anaya Joshi,1,40700.0,0,40700.0,3628.99,UPI,Completed,Delivered
ORD00193,2025-06-07,Aarav Verma,Female,52,Jaipur,Rajasthan,North,Smartphone,Electronics,Mobiles,Diya Patel,1,29500.0,10,0.0,0.0,Credit Card,Cancelled,Cancelled
ORD00194,2025-11-20,Kabir Desai,Male,34,Pune,Maharashtra,West,Jacket,Fashion,Clothing,Diya Patel,4,3200.0,10,0.0,0.0,Net Banking,Cancelled,Cancelled
ORD00195,2025-01-26,Kabir Mehta,Female,46,Ahmedabad,Gujarat,West,Microwave,Appliances,Kitchen Appliances,Ishita Shah,5,19500.0,0,97500.0,-6738.58,Debit Card,Returned,Returned
ORD00196,2025-07-13,Rohan Kapoor,Female,51,Chandigarh,Chandigarh,North,Washing Machine,Appliances,Laundry Appliances,Arjun Patel,4,55100.0,15,187340.0,11905.31,Net Banking,Completed,Delivered
ORD00197,2025-12-28,Meera Mehta,Male,46,Jaipur,Rajasthan,North,Washing Machine,Appliances,Laundry Appliances,Aarav Shah,1,18100.0,0,18100.0,-617.36,Debit Card,Returned,Returned
ORD00198,2025-10-29,Ishita Shah,Male,25,Kolkata,West Bengal,East,Headphones,Electronics,Accessories,Anaya Joshi,5,4300.0,10,0.0,0.0,UPI,Cancelled,Cancelled
ORD00199,2025-10-04,Aarav Verma,Male,56,Delhi,Delhi,North,Backpack,Fashion,Bags,Arjun Patel,2,1900.0,20,3040.0,474.75,Net Banking,Completed,Delivered
ORD00200,2025-04-18,Aarav Verma,Male,29,Chennai,Tamil Nadu,South,Office Chair,Furniture,Office,Meera Mehta,3,10300.0,20,0.0,0.0,Net Banking,Cancelled,Cancelled
ORD00201,2025-08-03,Arjun Kapoor,Male,37,Chennai,Tamil Nadu,South,Bed,Furniture,Bedroom,Diya Patel,5,26800.0,15,113900.0,17854.48,UPI,Completed,Delivered
ORD00202,2025-05-23,Riya Mehta,Male,56,Mumbai,Maharashtra,West,Laptop,Electronics,Computers,Diya Patel,4,59800.0,5,227240.0,27597.36,Debit Card,Completed,Delayed
ORD00203,2025-02-08,Ishita Shah,Female,20,Udaipur,Rajasthan,North,Dining Table,Furniture,Dining,Anaya Joshi,2,50200.0,10,90360.0,-7883.79,Debit Card,Returned,Returned
ORD00204,2025-10-28,Aarav Singh,Male,43,Surat,Gujarat,West,Washing Machine,Appliances,Laundry Appliances,Vivaan Desai,3,43100.0,5,122835.0,17238.01,UPI,Completed,Delivered
ORD00205,2025-05-02,Vivaan Kapoor,Female,51,Bhopal,Madhya Pradesh,Central,Washing Machine,Appliances,Laundry Appliances,Rohan Mehta,4,36200.0,20,115840.0,15926.34,Credit Card,Completed,Delivered
ORD00206,2025-06-16,Aarav Verma,Female,45,Hyderabad,Telangana,South,T-Shirt,Fashion,Clothing,Vivaan Desai,1,1400.0,5,1330.0,130.48,Debit Card,Completed,Delivered
ORD00207,2025-10-21,Aarav Shah,Female,22,Pune,Maharashtra,West,Laptop,Electronics,Computers,Meera Mehta,1,82900.0,10,74610.0,9994.53,Credit Card,Completed,Delivered
ORD00208,2025-02-14,Rohan Mehta,Female,43,Patna,Bihar,East,Bed,Furniture,Bedroom,Ishita Shah,1,17100.0,5,16245.0,1837.74,Net Banking,Completed,Delivered
ORD00209,2025-05-02,Riya Desai,Male,54,Bengaluru,Karnataka,South,Sunglasses,Accessories,Eyewear,Riya Desai,2,2700.0,5,0.0,0.0,Credit Card,Cancelled,Cancelled
ORD00210,2025-04-19,Anaya Shah,Female,39,Vadodara,Gujarat,West,Washing Machine,Appliances,Laundry Appliances,Anaya Joshi,4,64800.0,10,0.0,0.0,Net Banking,Cancelled,Cancelled
ORD00211,2025-04-19,Diya Verma,Male,38,Udaipur,Rajasthan,North,Backpack,Fashion,Bags,Vivaan Desai,5,2800.0,15,11900.0,1892.24,Net Banking,Completed,Delivered
ORD00212,2025-04-21,Rohan Desai,Female,28,Delhi,Delhi,North,Television,Electronics,Home Entertainment,Anaya Joshi,3,35700.0,10,0.0,0.0,Credit Card,Cancelled,Cancelled
ORD00213,2025-01-05,Meera Joshi,Male,54,Bhopal,Madhya Pradesh,Central,Headphones,Electronics,Accessories,Anaya Joshi,4,3100.0,10,11160.0,1227.47,Net Banking,Completed,Delivered
ORD00214,2025-07-03,Vivaan Shah,Female,58,Surat,Gujarat,West,Office Chair,Furniture,Office,Riya Desai,5,10400.0,0,52000.0,-5259.59,Net Banking,Returned,Returned
ORD00215,2025-04-12,Riya Joshi,Male,50,Bhopal,Madhya Pradesh,Central,Sunglasses,Accessories,Eyewear,Meera Mehta,3,3900.0,0,11700.0,1898.46,Credit Card,Completed,Delivered
ORD00216,2025-12-31,Anaya Singh,Male,26,Mysuru,Karnataka,South,Sunglasses,Accessories,Eyewear,Meera Mehta,2,5300.0,20,8480.0,873.32,Cash,Completed,In Transit
ORD00217,2025-07-08,Vivaan Desai,Male,33,Bhopal,Madhya Pradesh,Central,Backpack,Fashion,Bags,Diya Patel,1,1900.0,5,1805.0,-95.74,Credit Card,Returned,Returned
ORD00218,2025-02-26,Meera Kapoor,Female,52,Mysuru,Karnataka,South,Headphones,Electronics,Accessories,Rohan Mehta,2,1900.0,5,3610.0,558.02,UPI,Completed,Delivered
ORD00219,2025-07-07,Meera Desai,Female,26,Bhopal,Madhya Pradesh,Central,Microwave,Appliances,Kitchen Appliances,Aarav Shah,3,20300.0,15,51765.0,3052.78,Cash,Completed,Delivered
ORD00220,2025-09-16,Rohan Verma,Female,30,Surat,Gujarat,West,Microwave,Appliances,Kitchen Appliances,Diya Patel,1,20000.0,5,19000.0,1955.55,UPI,Completed,Delivered
ORD00221,2025-01-13,Diya Patel,Female,48,Chandigarh,Chandigarh,North,Washing Machine,Appliances,Laundry Appliances,Diya Patel,2,21600.0,10,38880.0,3168.33,UPI,Completed,Delivered
ORD00222,2025-02-22,Vivaan Mehta,Male,42,Jaipur,Rajasthan,North,Jeans,Fashion,Clothing,Ishita Shah,3,1300.0,10,3510.0,426.0,UPI,Completed,Delivered
ORD00223,2025-12-01,Anaya Desai,Female,47,Bengaluru,Karnataka,South,Dining Table,Furniture,Dining,Anaya Joshi,4,38900.0,0,155600.0,12673.79,UPI,Completed,Delivered
ORD00224,2025-02-18,Kabir Joshi,Male,48,Jaipur,Rajasthan,North,Watch,Accessories,Watches,Aarav Shah,4,8200.0,5,31160.0,4894.96,Credit Card,Completed,Delivered
ORD00225,2025-04-17,Kabir Shah,Male,26,Kochi,Kerala,South,Washing Machine,Appliances,Laundry Appliances,Diya Patel,1,20900.0,15,17765.0,1674.32,UPI,Completed,Delayed
ORD00226,2025-11-12,Arjun Patel,Male,42,Mumbai,Maharashtra,West,Watch,Accessories,Watches,Meera Mehta,3,7400.0,20,17760.0,2446.76,Debit Card,Completed,Delivered
ORD00227,2025-12-06,Kabir Desai,Male,36,Lucknow,Uttar Pradesh,North,Office Chair,Furniture,Office,Vivaan Desai,5,6600.0,5,31350.0,5442.37,UPI,Completed,Delivered
ORD00228,2025-01-13,Kabir Joshi,Female,54,Pune,Maharashtra,West,Jacket,Fashion,Clothing,Anaya Joshi,4,7200.0,10,25920.0,3433.76,Cash,Completed,Delivered
ORD00229,2025-08-25,Arjun Desai,Female,26,Indore,Madhya Pradesh,Central,Sofa,Furniture,Living Room,Meera Mehta,1,62800.0,15,53380.0,-2637.86,Net Banking,Returned,Returned
ORD00230,2025-03-06,Meera Kapoor,Female,38,Mumbai,Maharashtra,West,Watch,Accessories,Watches,Rohan Mehta,3,5800.0,15,0.0,0.0,Debit Card,Cancelled,Cancelled
ORD00231,2025-09-15,Ishita Verma,Female,34,Bhopal,Madhya Pradesh,Central,Dining Table,Furniture,Dining,Anaya Joshi,5,23500.0,15,99875.0,-5170.53,Net Banking,Returned,Returned
ORD00232,2025-07-07,Kabir Joshi,Female,55,Vadodara,Gujarat,West,Headphones,Electronics,Accessories,Aarav Shah,1,7300.0,5,0.0,0.0,UPI,Cancelled,Cancelled
ORD00233,2025-05-14,Kabir Patel,Male,49,Indore,Madhya Pradesh,Central,T-Shirt,Fashion,Clothing,Vivaan Desai,1,1500.0,25,1125.0,140.4,UPI,Completed,Delivered
ORD00234,2025-11-03,Anaya Singh,Male,49,Delhi,Delhi,North,Smartwatch,Accessories,Wearables,Meera Mehta,1,8300.0,0,8300.0,1130.38,Cash,Completed,Delivered
ORD00235,2025-08-06,Arjun Joshi,Female,43,Jaipur,Rajasthan,North,Running Shoes,Fashion,Footwear,Meera Mehta,3,3200.0,0,9600.0,1649.85,Net Banking,Completed,Delivered
ORD00236,2025-07-18,Riya Joshi,Female,43,Pune,Maharashtra,West,Smartwatch,Accessories,Wearables,Kabir Joshi,2,12500.0,10,22500.0,-1415.5,Cash,Returned,Returned
ORD00237,2025-06-24,Aarav Shah,Female,55,Chennai,Tamil Nadu,South,Sunglasses,Accessories,Eyewear,Meera Mehta,3,6900.0,10,18630.0,1871.6,Debit Card,Completed,Delivered
ORD00238,2025-08-14,Ishita Shah,Male,49,Lucknow,Uttar Pradesh,North,Sofa,Furniture,Living Room,Riya Desai,2,53000.0,20,84800.0,11195.28,Debit Card,Completed,Delivered
ORD00239,2025-01-08,Ishita Desai,Female,60,Pune,Maharashtra,West,Washing Machine,Appliances,Laundry Appliances,Aarav Shah,2,43700.0,5,83030.0,-6682.15,UPI,Returned,Returned
ORD00240,2025-09-09,Anaya Mehta,Female,43,Mysuru,Karnataka,South,Running Shoes,Fashion,Footwear,Kabir Joshi,2,6200.0,5,11780.0,-468.85,UPI,Returned,Returned
ORD00241,2025-02-28,Rohan Desai,Male,51,Pune,Maharashtra,West,Watch,Accessories,Watches,Aarav Shah,3,3900.0,5,11115.0,1973.5,Net Banking,Completed,Delivered
ORD00242,2025-02-08,Aarav Mehta,Male,37,Indore,Madhya Pradesh,Central,Smartphone,Electronics,Mobiles,Meera Mehta,2,52100.0,5,98990.0,-9369.38,Debit Card,Returned,Returned
ORD00243,2025-09-09,Meera Patel,Female,19,Hyderabad,Telangana,South,Sofa,Furniture,Living Room,Arjun Patel,5,15500.0,10,69750.0,5561.03,Debit Card,Completed,Delivered
ORD00244,2025-05-09,Diya Mehta,Female,42,Pune,Maharashtra,West,Headphones,Electronics,Accessories,Arjun Patel,4,5600.0,0,22400.0,1567.89,Credit Card,Completed,Delayed
ORD00245,2025-06-30,Anaya Desai,Male,35,Patna,Bihar,East,Smartwatch,Accessories,Wearables,Anaya Joshi,5,3000.0,0,15000.0,1287.32,Cash,Completed,Delivered
ORD00246,2025-10-05,Aarav Shah,Female,58,Ahmedabad,Gujarat,West,Running Shoes,Fashion,Footwear,Anaya Joshi,4,2100.0,10,7560.0,1116.84,Credit Card,Completed,Delivered
ORD00247,2025-06-03,Arjun Singh,Female,22,Mysuru,Karnataka,South,Sunglasses,Accessories,Eyewear,Vivaan Desai,5,4000.0,15,17000.0,1167.83,Debit Card,Completed,Delivered
ORD00248,2025-11-20,Kabir Mehta,Female,32,Bengaluru,Karnataka,South,Smartwatch,Accessories,Wearables,Rohan Mehta,2,5700.0,10,10260.0,907.4,Credit Card,Completed,Delivered
ORD00249,2025-10-17,Anaya Mehta,Male,40,Vadodara,Gujarat,West,T-Shirt,Fashion,Clothing,Vivaan Desai,3,2200.0,10,5940.0,894.61,UPI,Completed,Delivered
ORD00250,2025-06-17,Kabir Patel,Male,56,Chennai,Tamil Nadu,South,Refrigerator,Appliances,Kitchen Appliances,Ishita Shah,5,62600.0,0,313000.0,18145.56,UPI,Completed,Delivered
ORD00251,2025-12-09,Kabir Desai,Female,47,Patna,Bihar,East,Headphones,Electronics,Accessories,Vivaan Desai,3,1400.0,5,3990.0,315.84,Debit Card,Completed,Delivered
ORD00252,2025-08-01,Meera Kapoor,Female,38,Chandigarh,Chandigarh,North,Jeans,Fashion,Clothing,Meera Mehta,1,2600.0,20,2080.0,-138.36,Debit Card,Returned,Returned
ORD00253,2025-11-20,Kabir Shah,Female,42,Bengaluru,Karnataka,South,Dining Table,Furniture,Dining,Vivaan Desai,3,23600.0,10,63720.0,11073.82,Credit Card,Completed,Delivered
ORD00254,2025-06-16,Ishita Shah,Male,34,Bhopal,Madhya Pradesh,Central,Laptop,Electronics,Computers,Diya Patel,1,51900.0,25,38925.0,5474.3,Cash,Completed,Delivered
ORD00255,2025-03-06,Arjun Verma,Male,20,Udaipur,Rajasthan,North,Running Shoes,Fashion,Footwear,Riya Desai,4,6900.0,20,22080.0,3190.94,UPI,Completed,Delivered
ORD00256,2025-09-04,Diya Desai,Female,41,Mumbai,Maharashtra,West,Watch,Accessories,Watches,Rohan Mehta,1,1800.0,15,1530.0,-142.8,Debit Card,Returned,Returned
ORD00257,2025-07-23,Rohan Mehta,Female,60,Ahmedabad,Gujarat,West,Backpack,Fashion,Bags,Riya Desai,3,2400.0,5,6840.0,-278.14,Cash,Returned,Returned
ORD00258,2025-07-25,Meera Singh,Female,20,Mumbai,Maharashtra,West,Bed,Furniture,Bedroom,Diya Patel,2,53800.0,15,0.0,0.0,Cash,Cancelled,Cancelled
ORD00259,2025-05-20,Vivaan Mehta,Male,23,Chandigarh,Chandigarh,North,Sunglasses,Accessories,Eyewear,Aarav Shah,2,2300.0,5,4370.0,530.31,Credit Card,Completed,Delivered
ORD00260,2025-02-16,Diya Kapoor,Male,21,Kolkata,West Bengal,East,Refrigerator,Appliances,Kitchen Appliances,Aarav Shah,3,40900.0,0,122700.0,17068.52,Debit Card,Completed,Delivered
ORD00261,2025-02-26,Riya Shah,Female,43,Delhi,Delhi,North,T-Shirt,Fashion,Clothing,Riya Desai,3,2100.0,10,5670.0,488.31,UPI,Completed,Delivered
ORD00262,2025-03-12,Aarav Joshi,Male,20,Nagpur,Maharashtra,West,Refrigerator,Appliances,Kitchen Appliances,Riya Desai,4,43400.0,15,147560.0,18545.9,Credit Card,Completed,Delivered
ORD00263,2025-08-07,Arjun Singh,Male,55,Vadodara,Gujarat,West,Jacket,Fashion,Clothing,Anaya Joshi,2,3600.0,15,6120.0,-262.88,UPI,Returned,Returned
ORD00264,2025-05-14,Ishita Mehta,Male,44,Patna,Bihar,East,Bed,Furniture,Bedroom,Riya Desai,3,41900.0,15,106845.0,-9375.31,Credit Card,Returned,Returned
ORD00265,2025-09-23,Riya Shah,Male,32,Indore,Madhya Pradesh,Central,Washing Machine,Appliances,Laundry Appliances,Ishita Shah,1,42700.0,5,40565.0,6595.56,Net Banking,Completed,Delayed
ORD00266,2025-11-01,Anaya Singh,Male,53,Mumbai,Maharashtra,West,Smartphone,Electronics,Mobiles,Rohan Mehta,1,14700.0,15,0.0,0.0,Net Banking,Cancelled,Cancelled
ORD00267,2025-10-10,Aarav Patel,Female,52,Mumbai,Maharashtra,West,Sofa,Furniture,Living Room,Anaya Joshi,5,48900.0,15,207825.0,-24508.93,Debit Card,Returned,Returned
ORD00268,2025-06-19,Kabir Shah,Female,37,Lucknow,Uttar Pradesh,North,T-Shirt,Fashion,Clothing,Meera Mehta,4,1400.0,15,4760.0,854.49,Debit Card,Completed,Delivered
ORD00269,2025-11-10,Rohan Kapoor,Male,28,Lucknow,Uttar Pradesh,North,Smartwatch,Accessories,Wearables,Diya Patel,1,5800.0,5,5510.0,320.29,Credit Card,Completed,Delivered
ORD00270,2025-04-01,Ishita Shah,Female,25,Bengaluru,Karnataka,South,Watch,Accessories,Watches,Rohan Mehta,3,8200.0,5,23370.0,-1537.05,Debit Card,Returned,Returned
ORD00271,2025-12-04,Vivaan Shah,Female,38,Bhopal,Madhya Pradesh,Central,Sofa,Furniture,Living Room,Diya Patel,5,47100.0,10,211950.0,34436.6,Debit Card,Completed,Delayed
ORD00272,2025-05-30,Diya Singh,Female,28,Mysuru,Karnataka,South,Washing Machine,Appliances,Laundry Appliances,Riya Desai,2,41500.0,10,74700.0,12827.22,UPI,Completed,Delivered
ORD00273,2025-05-01,Ishita Patel,Male,55,Mumbai,Maharashtra,West,Air Conditioner,Appliances,Cooling,Ishita Shah,5,53500.0,0,267500.0,17040.05,UPI,Completed,Delivered
ORD00274,2025-03-10,Rohan Joshi,Male,21,Pune,Maharashtra,West,Backpack,Fashion,Bags,Meera Mehta,2,4300.0,15,7310.0,1139.16,Credit Card,Completed,Delivered
ORD00275,2025-11-13,Aarav Desai,Male,23,Patna,Bihar,East,Running Shoes,Fashion,Footwear,Rohan Mehta,5,3300.0,10,14850.0,1266.63,Cash,Completed,Delivered
ORD00276,2025-08-27,Kabir Desai,Male,40,Delhi,Delhi,North,Sofa,Furniture,Living Room,Anaya Joshi,5,52200.0,15,221850.0,23047.35,UPI,Completed,Delivered
ORD00277,2025-08-23,Aarav Kapoor,Female,59,Chennai,Tamil Nadu,South,Backpack,Fashion,Bags,Rohan Mehta,5,3500.0,15,14875.0,1317.66,UPI,Completed,Delivered
ORD00278,2025-09-03,Arjun Singh,Male,36,Bengaluru,Karnataka,South,T-Shirt,Fashion,Clothing,Ishita Shah,4,1700.0,0,6800.0,877.25,UPI,Completed,Delivered
ORD00279,2025-12-20,Riya Shah,Male,30,Jaipur,Rajasthan,North,Office Chair,Furniture,Office,Ishita Shah,5,9800.0,15,41650.0,5011.23,Credit Card,Completed,Delivered
ORD00280,2025-12-10,Arjun Verma,Female,34,Indore,Madhya Pradesh,Central,T-Shirt,Fashion,Clothing,Arjun Patel,5,1900.0,10,0.0,0.0,UPI,Cancelled,Cancelled
ORD00281,2025-01-29,Rohan Singh,Male,60,Bhopal,Madhya Pradesh,Central,Headphones,Electronics,Accessories,Riya Desai,2,4600.0,10,8280.0,1072.04,UPI,Completed,In Transit
ORD00282,2025-12-05,Arjun Kapoor,Male,19,Udaipur,Rajasthan,North,Laptop,Electronics,Computers,Kabir Joshi,5,77900.0,20,311600.0,20740.17,Net Banking,Completed,Delivered
ORD00283,2025-01-06,Meera Kapoor,Female,57,Vadodara,Gujarat,West,Office Chair,Furniture,Office,Anaya Joshi,5,9700.0,15,41225.0,6894.08,Cash,Completed,Delivered
ORD00284,2025-11-19,Riya Desai,Male,20,Patna,Bihar,East,Backpack,Fashion,Bags,Ishita Shah,5,2500.0,10,11250.0,-776.39,Debit Card,Returned,Returned
ORD00285,2025-09-13,Diya Kapoor,Male,26,Jaipur,Rajasthan,North,Television,Electronics,Home Entertainment,Diya Patel,3,49000.0,0,147000.0,25108.7,Debit Card,Completed,Delivered
ORD00286,2025-11-10,Arjun Verma,Female,34,Lucknow,Uttar Pradesh,North,Jacket,Fashion,Clothing,Rohan Mehta,1,5400.0,10,4860.0,737.04,Debit Card,Completed,Delivered
ORD00287,2025-08-03,Riya Shah,Male,20,Hyderabad,Telangana,South,Air Conditioner,Appliances,Cooling,Vivaan Desai,4,39700.0,20,0.0,0.0,Debit Card,Cancelled,Cancelled
ORD00288,2025-01-08,Ishita Verma,Female,57,Mumbai,Maharashtra,West,Dining Table,Furniture,Dining,Diya Patel,5,35300.0,15,150025.0,16744.25,Credit Card,Completed,Delivered
ORD00289,2025-05-26,Riya Singh,Female,49,Hyderabad,Telangana,South,Dining Table,Furniture,Dining,Aarav Shah,4,44100.0,10,158760.0,22305.83,UPI,Completed,Delivered
ORD00290,2025-04-20,Vivaan Patel,Male,44,Nagpur,Maharashtra,West,T-Shirt,Fashion,Clothing,Anaya Joshi,3,2400.0,15,6120.0,726.65,Cash,Completed,In Transit
ORD00291,2025-12-06,Riya Desai,Female,50,Bengaluru,Karnataka,South,Air Conditioner,Appliances,Cooling,Meera Mehta,5,70700.0,15,300475.0,-30289.01,UPI,Returned,Returned
ORD00292,2025-09-12,Meera Verma,Male,24,Nagpur,Maharashtra,West,Headphones,Electronics,Accessories,Meera Mehta,5,5400.0,20,21600.0,-1481.95,Debit Card,Returned,Returned
ORD00293,2025-10-26,Anaya Joshi,Male,48,Kochi,Kerala,South,Smartphone,Electronics,Mobiles,Riya Desai,3,55100.0,15,140505.0,-5415.43,UPI,Returned,Returned
ORD00294,2025-03-27,Vivaan Mehta,Female,48,Vadodara,Gujarat,West,T-Shirt,Fashion,Clothing,Meera Mehta,5,1100.0,25,4125.0,399.53,Debit Card,Completed,In Transit
ORD00295,2025-05-18,Vivaan Desai,Male,42,Mumbai,Maharashtra,West,T-Shirt,Fashion,Clothing,Anaya Joshi,3,500.0,20,0.0,0.0,Net Banking,Cancelled,Cancelled
ORD00296,2025-01-28,Diya Singh,Male,22,Chandigarh,Chandigarh,North,Office Chair,Furniture,Office,Rohan Mehta,2,13900.0,10,25020.0,3103.31,Credit Card,Completed,In Transit
ORD00297,2025-02-24,Diya Mehta,Female,35,Kochi,Kerala,South,Television,Electronics,Home Entertainment,Meera Mehta,1,55000.0,20,44000.0,-1531.26,Net Banking,Returned,Returned
ORD00298,2025-03-05,Rohan Shah,Male,21,Hyderabad,Telangana,South,Refrigerator,Appliances,Kitchen Appliances,Aarav Shah,1,56100.0,25,42075.0,-2304.7,UPI,Returned,Returned
ORD00299,2025-01-20,Meera Kapoor,Female,55,Hyderabad,Telangana,South,Watch,Accessories,Watches,Rohan Mehta,1,12800.0,5,12160.0,1691.47,Debit Card,Completed,Delivered
ORD00300,2025-05-30,Meera Mehta,Female,25,Chennai,Tamil Nadu,South,Running Shoes,Fashion,Footwear,Meera Mehta,2,4600.0,5,8740.0,526.26,UPI,Completed,Delivered
ORD00301,2025-06-04,Meera Verma,Male,40,Bhopal,Madhya Pradesh,Central,Smartwatch,Accessories,Wearables,Meera Mehta,4,6300.0,15,21420.0,1659.2,Net Banking,Completed,In Transit
ORD00302,2025-08-19,Anaya Joshi,Male,29,Udaipur,Rajasthan,North,Headphones,Electronics,Accessories,Aarav Shah,3,1200.0,20,2880.0,318.1,Debit Card,Completed,In Transit
ORD00303,2025-02-21,Ishita Verma,Male,54,Bengaluru,Karnataka,South,Sunglasses,Accessories,Eyewear,Anaya Joshi,3,5700.0,10,15390.0,1228.39,Net Banking,Completed,Delivered
ORD00304,2025-05-18,Meera Joshi,Male,45,Jaipur,Rajasthan,North,Microwave,Appliances,Kitchen Appliances,Aarav Shah,4,12000.0,15,40800.0,-3539.49,Credit Card,Returned,Returned
ORD00305,2025-10-05,Meera Singh,Female,48,Chennai,Tamil Nadu,South,Television,Electronics,Home Entertainment,Arjun Patel,5,36100.0,20,144400.0,13652.13,Debit Card,Completed,In Transit
ORD00306,2025-03-06,Arjun Shah,Male,48,Kolkata,West Bengal,East,Refrigerator,Appliances,Kitchen Appliances,Riya Desai,2,48800.0,5,92720.0,4673.86,Cash,Completed,Delivered
ORD00307,2025-11-15,Riya Singh,Male,56,Bengaluru,Karnataka,South,Smartphone,Electronics,Mobiles,Aarav Shah,1,22100.0,10,19890.0,2719.71,Debit Card,Completed,Delivered
ORD00308,2025-11-23,Rohan Joshi,Male,52,Jaipur,Rajasthan,North,Smartwatch,Accessories,Wearables,Diya Patel,2,5500.0,10,9900.0,1128.94,UPI,Completed,Delivered
ORD00309,2025-08-17,Aarav Shah,Female,36,Delhi,Delhi,North,Television,Electronics,Home Entertainment,Kabir Joshi,3,74600.0,5,0.0,0.0,Credit Card,Cancelled,Cancelled
ORD00310,2025-05-11,Vivaan Kapoor,Male,51,Kolkata,West Bengal,East,Television,Electronics,Home Entertainment,Ishita Shah,4,60900.0,10,219240.0,14987.04,Debit Card,Completed,Delivered
ORD00311,2025-10-14,Aarav Mehta,Male,22,Nagpur,Maharashtra,West,Microwave,Appliances,Kitchen Appliances,Anaya Joshi,1,21100.0,5,20045.0,1959.62,Debit Card,Completed,Delivered
ORD00312,2025-09-30,Aarav Kapoor,Female,25,Udaipur,Rajasthan,North,Smartwatch,Accessories,Wearables,Diya Patel,4,2500.0,20,8000.0,455.66,Net Banking,Completed,Delivered
ORD00313,2025-07-08,Aarav Joshi,Female,19,Kolkata,West Bengal,East,Microwave,Appliances,Kitchen Appliances,Ishita Shah,3,11300.0,20,0.0,0.0,Credit Card,Cancelled,Cancelled
ORD00314,2025-05-29,Vivaan Kapoor,Female,34,Bhopal,Madhya Pradesh,Central,Air Conditioner,Appliances,Cooling,Meera Mehta,5,68500.0,10,308250.0,-22444.27,UPI,Returned,Returned
ORD00315,2025-01-01,Kabir Kapoor,Female,52,Lucknow,Uttar Pradesh,North,Sofa,Furniture,Living Room,Diya Patel,4,43000.0,10,154800.0,13343.94,UPI,Completed,In Transit
ORD00316,2025-07-09,Meera Patel,Male,28,Lucknow,Uttar Pradesh,North,Bed,Furniture,Bedroom,Arjun Patel,1,49100.0,20,39280.0,2849.94,UPI,Completed,Delivered
ORD00317,2025-07-11,Ishita Desai,Male,25,Bhopal,Madhya Pradesh,Central,Laptop,Electronics,Computers,Kabir Joshi,2,72100.0,10,129780.0,-8167.02,UPI,Returned,Returned
ORD00318,2025-07-03,Ishita Mehta,Female,45,Chandigarh,Chandigarh,North,Office Chair,Furniture,Office,Diya Patel,1,8700.0,5,8265.0,1097.78,Debit Card,Completed,Delivered
ORD00319,2025-04-15,Riya Verma,Female,36,Pune,Maharashtra,West,Sunglasses,Accessories,Eyewear,Riya Desai,4,5400.0,5,20520.0,1932.37,UPI,Completed,Delivered
ORD00320,2025-05-17,Diya Joshi,Male,33,Kolkata,West Bengal,East,Microwave,Appliances,Kitchen Appliances,Meera Mehta,3,22300.0,0,66900.0,11480.91,Credit Card,Completed,Delivered
ORD00321,2025-12-26,Kabir Patel,Female,36,Kolkata,West Bengal,East,Running Shoes,Fashion,Footwear,Rohan Mehta,1,6500.0,5,6175.0,-218.65,UPI,Returned,Returned
ORD00322,2025-06-11,Riya Singh,Male,48,Vadodara,Gujarat,West,Jacket,Fashion,Clothing,Diya Patel,1,1800.0,5,0.0,0.0,Net Banking,Cancelled,Cancelled
ORD00323,2025-08-02,Aarav Joshi,Male,50,Mumbai,Maharashtra,West,Jacket,Fashion,Clothing,Anaya Joshi,1,4500.0,15,3825.0,361.36,UPI,Completed,Delivered
ORD00324,2025-04-01,Arjun Joshi,Female,38,Lucknow,Uttar Pradesh,North,Jeans,Fashion,Clothing,Rohan Mehta,4,4000.0,15,13600.0,1369.73,Credit Card,Completed,Delivered
ORD00325,2025-02-06,Vivaan Singh,Female,55,Vadodara,Gujarat,West,Microwave,Appliances,Kitchen Appliances,Vivaan Desai,2,17100.0,20,27360.0,4216.93,UPI,Completed,Delivered
ORD00326,2025-08-08,Riya Desai,Female,47,Indore,Madhya Pradesh,Central,Smartphone,Electronics,Mobiles,Kabir Joshi,1,49100.0,10,44190.0,5267.36,UPI,Completed,Delivered
ORD00327,2025-09-06,Aarav Shah,Male,59,Lucknow,Uttar Pradesh,North,Smartphone,Electronics,Mobiles,Ishita Shah,4,13400.0,10,48240.0,-2430.67,Net Banking,Returned,Returned
ORD00328,2025-12-03,Aarav Kapoor,Female,31,Lucknow,Uttar Pradesh,North,Backpack,Fashion,Bags,Ishita Shah,3,2100.0,10,5670.0,525.4,Credit Card,Completed,Delivered
ORD00329,2025-09-02,Aarav Singh,Female,52,Kolkata,West Bengal,East,T-Shirt,Fashion,Clothing,Ishita Shah,5,1700.0,15,0.0,0.0,Debit Card,Cancelled,Cancelled
ORD00330,2025-09-30,Diya Patel,Male,31,Bhopal,Madhya Pradesh,Central,Smartphone,Electronics,Mobiles,Arjun Patel,2,61700.0,5,117230.0,-5217.87,Credit Card,Returned,Returned
ORD00331,2025-02-13,Riya Verma,Female,41,Lucknow,Uttar Pradesh,North,Sunglasses,Accessories,Eyewear,Aarav Shah,3,1000.0,15,2550.0,245.07,Net Banking,Completed,Delivered
ORD00332,2025-07-06,Anaya Verma,Female,45,Kochi,Kerala,South,Laptop,Electronics,Computers,Anaya Joshi,3,59200.0,10,159840.0,19166.7,Credit Card,Completed,Delivered
ORD00333,2025-03-12,Diya Verma,Female,56,Chennai,Tamil Nadu,South,Smartphone,Electronics,Mobiles,Riya Desai,3,24300.0,10,65610.0,5518.1,UPI,Completed,Delivered
ORD00334,2025-04-08,Arjun Joshi,Male,40,Indore,Madhya Pradesh,Central,Headphones,Electronics,Accessories,Vivaan Desai,2,3200.0,0,0.0,0.0,UPI,Cancelled,Cancelled
ORD00335,2025-07-21,Kabir Desai,Female,23,Kolkata,West Bengal,East,Bed,Furniture,Bedroom,Meera Mehta,4,48900.0,10,176040.0,28121.97,UPI,Completed,Delivered
ORD00336,2025-10-18,Ishita Verma,Female,18,Vadodara,Gujarat,West,Dining Table,Furniture,Dining,Anaya Joshi,3,42700.0,15,108885.0,8755.07,Credit Card,Completed,Delivered
ORD00337,2025-08-21,Aarav Mehta,Male,40,Mysuru,Karnataka,South,Running Shoes,Fashion,Footwear,Riya Desai,3,5800.0,25,13050.0,1771.35,Debit Card,Completed,Delivered
ORD00338,2025-07-25,Kabir Patel,Female,47,Lucknow,Uttar Pradesh,North,Refrigerator,Appliances,Kitchen Appliances,Arjun Patel,4,51000.0,10,183600.0,12294.8,Cash,Completed,Delivered
ORD00339,2025-07-28,Arjun Singh,Female,19,Kolkata,West Bengal,East,Headphones,Electronics,Accessories,Kabir Joshi,4,3300.0,0,13200.0,700.68,Credit Card,Completed,In Transit
ORD00340,2025-07-07,Riya Joshi,Male,21,Mysuru,Karnataka,South,Jacket,Fashion,Clothing,Arjun Patel,1,1900.0,20,1520.0,191.25,UPI,Completed,Delivered
ORD00341,2025-01-08,Anaya Desai,Male,43,Lucknow,Uttar Pradesh,North,Microwave,Appliances,Kitchen Appliances,Anaya Joshi,4,14700.0,15,49980.0,3940.01,Credit Card,Completed,Delivered
ORD00342,2025-07-14,Vivaan Desai,Male,53,Lucknow,Uttar Pradesh,North,Bed,Furniture,Bedroom,Anaya Joshi,5,16000.0,5,76000.0,10348.43,UPI,Completed,In Transit
ORD00343,2025-09-29,Ishita Verma,Female,22,Bengaluru,Karnataka,South,Refrigerator,Appliances,Kitchen Appliances,Ishita Shah,3,70300.0,10,189810.0,16107.78,UPI,Completed,Delivered
ORD00344,2025-06-29,Anaya Kapoor,Female,53,Chennai,Tamil Nadu,South,Sunglasses,Accessories,Eyewear,Kabir Joshi,2,1900.0,15,0.0,0.0,UPI,Cancelled,Cancelled
ORD00345,2025-12-09,Vivaan Joshi,Female,28,Chandigarh,Chandigarh,North,Washing Machine,Appliances,Laundry Appliances,Vivaan Desai,4,49600.0,15,168640.0,20392.91,UPI,Completed,Delivered
ORD00346,2025-12-07,Rohan Shah,Male,48,Mumbai,Maharashtra,West,Bed,Furniture,Bedroom,Rohan Mehta,2,13400.0,10,24120.0,4270.36,Net Banking,Completed,In Transit
ORD00347,2025-04-17,Arjun Desai,Female,18,Surat,Gujarat,West,Smartwatch,Accessories,Wearables,Arjun Patel,2,9100.0,10,16380.0,1885.21,UPI,Completed,Delivered
ORD00348,2025-07-18,Vivaan Patel,Female,59,Delhi,Delhi,North,T-Shirt,Fashion,Clothing,Meera Mehta,2,1000.0,10,1800.0,322.12,Credit Card,Completed,Delivered
ORD00349,2025-11-01,Ishita Patel,Female,19,Chandigarh,Chandigarh,North,Office Chair,Furniture,Office,Ishita Shah,2,13400.0,20,21440.0,1495.03,Credit Card,Completed,In Transit
ORD00350,2025-08-25,Ishita Verma,Female,37,Nagpur,Maharashtra,West,Dining Table,Furniture,Dining,Diya Patel,4,52600.0,10,189360.0,25523.95,UPI,Completed,Delivered
ORD00351,2025-12-18,Kabir Patel,Male,51,Udaipur,Rajasthan,North,Jacket,Fashion,Clothing,Anaya Joshi,2,2900.0,10,5220.0,486.28,Credit Card,Completed,Delivered
ORD00352,2025-01-15,Diya Desai,Female,54,Surat,Gujarat,West,Laptop,Electronics,Computers,Anaya Joshi,3,66900.0,5,190665.0,25233.28,Credit Card,Completed,In Transit
ORD00353,2025-01-22,Anaya Desai,Female,33,Bengaluru,Karnataka,South,Jeans,Fashion,Clothing,Anaya Joshi,5,3500.0,10,15750.0,1619.99,Debit Card,Completed,Delivered
ORD00354,2025-05-29,Vivaan Joshi,Female,31,Ahmedabad,Gujarat,West,Running Shoes,Fashion,Footwear,Arjun Patel,4,4900.0,10,0.0,0.0,UPI,Cancelled,Cancelled
ORD00355,2025-11-06,Aarav Shah,Male,51,Nagpur,Maharashtra,West,Bed,Furniture,Bedroom,Vivaan Desai,1,43900.0,10,39510.0,-1663.84,UPI,Returned,Returned
ORD00356,2025-03-24,Rohan Shah,Female,40,Patna,Bihar,East,Microwave,Appliances,Kitchen Appliances,Meera Mehta,3,12400.0,20,0.0,0.0,Net Banking,Cancelled,Cancelled
ORD00357,2025-08-07,Vivaan Joshi,Male,25,Patna,Bihar,East,Headphones,Electronics,Accessories,Arjun Patel,5,4600.0,0,23000.0,2298.29,Credit Card,Completed,Delivered
ORD00358,2025-04-21,Riya Desai,Male,34,Hyderabad,Telangana,South,Office Chair,Furniture,Office,Diya Patel,3,11400.0,20,27360.0,4538.24,Debit Card,Completed,Delivered
ORD00359,2025-10-03,Anaya Desai,Male,56,Nagpur,Maharashtra,West,Microwave,Appliances,Kitchen Appliances,Anaya Joshi,5,19500.0,10,87750.0,5851.38,Credit Card,Completed,Delivered
ORD00360,2025-12-08,Vivaan Desai,Male,36,Chandigarh,Chandigarh,North,Washing Machine,Appliances,Laundry Appliances,Meera Mehta,3,47100.0,5,134235.0,20105.03,UPI,Completed,Delivered
ORD00361,2025-09-25,Arjun Mehta,Male,48,Bengaluru,Karnataka,South,Jacket,Fashion,Clothing,Arjun Patel,3,4800.0,10,12960.0,1947.84,UPI,Completed,Delivered
ORD00362,2025-08-08,Aarav Patel,Male,52,Bengaluru,Karnataka,South,Office Chair,Furniture,Office,Meera Mehta,2,11000.0,15,18700.0,-1568.44,Credit Card,Returned,Returned
ORD00363,2025-02-15,Rohan Desai,Male,41,Patna,Bihar,East,T-Shirt,Fashion,Clothing,Kabir Joshi,3,2300.0,25,5175.0,730.84,Net Banking,Completed,Delivered
ORD00364,2025-10-06,Arjun Desai,Female,45,Patna,Bihar,East,Television,Electronics,Home Entertainment,Kabir Joshi,3,85500.0,15,218025.0,22586.6,Credit Card,Completed,Delayed
ORD00365,2025-06-22,Anaya Desai,Male,42,Chandigarh,Chandigarh,North,Laptop,Electronics,Computers,Rohan Mehta,4,51600.0,0,206400.0,37091.61,UPI,Completed,Delivered
ORD00366,2025-11-26,Aarav Shah,Female,24,Lucknow,Uttar Pradesh,North,Smartwatch,Accessories,Wearables,Diya Patel,2,3500.0,15,5950.0,862.54,Credit Card,Completed,Delivered
ORD00367,2025-01-01,Riya Joshi,Male,47,Patna,Bihar,East,Laptop,Electronics,Computers,Diya Patel,1,51500.0,15,43775.0,6367.84,Net Banking,Completed,Delivered
ORD00368,2025-06-05,Kabir Patel,Female,46,Vadodara,Gujarat,West,Microwave,Appliances,Kitchen Appliances,Rohan Mehta,5,11600.0,5,55100.0,3322.88,UPI,Completed,Delivered
ORD00369,2025-09-25,Diya Joshi,Female,53,Mumbai,Maharashtra,West,Refrigerator,Appliances,Kitchen Appliances,Diya Patel,1,49800.0,5,47310.0,7460.65,UPI,Completed,Delivered
ORD00370,2025-03-27,Meera Verma,Male,54,Delhi,Delhi,North,Laptop,Electronics,Computers,Diya Patel,2,84500.0,10,152100.0,-14447.36,Credit Card,Returned,Returned
ORD00371,2025-11-28,Kabir Kapoor,Male,46,Pune,Maharashtra,West,Dining Table,Furniture,Dining,Aarav Shah,1,18400.0,15,15640.0,-500.26,Credit Card,Returned,Returned
ORD00372,2025-07-05,Ishita Desai,Male,48,Lucknow,Uttar Pradesh,North,Smartphone,Electronics,Mobiles,Riya Desai,4,13300.0,0,53200.0,6805.87,Credit Card,Completed,Delayed
ORD00373,2025-07-04,Kabir Singh,Male,33,Kochi,Kerala,South,Television,Electronics,Home Entertainment,Arjun Patel,1,57700.0,0,57700.0,9080.32,Debit Card,Completed,Delivered
ORD00374,2025-02-11,Arjun Desai,Male,49,Chandigarh,Chandigarh,North,Backpack,Fashion,Bags,Riya Desai,1,900.0,15,0.0,0.0,Credit Card,Cancelled,Cancelled
ORD00375,2025-04-21,Ishita Joshi,Female,30,Lucknow,Uttar Pradesh,North,Air Conditioner,Appliances,Cooling,Rohan Mehta,5,30600.0,5,145350.0,11089.95,Net Banking,Completed,Delivered
ORD00376,2025-01-09,Rohan Verma,Female,31,Jaipur,Rajasthan,North,Smartwatch,Accessories,Wearables,Vivaan Desai,4,2600.0,0,0.0,0.0,UPI,Cancelled,Cancelled
ORD00377,2025-07-27,Aarav Patel,Female,25,Lucknow,Uttar Pradesh,North,Air Conditioner,Appliances,Cooling,Meera Mehta,2,39300.0,10,0.0,0.0,Credit Card,Cancelled,Cancelled
ORD00378,2025-06-20,Kabir Singh,Female,22,Kochi,Kerala,South,Bed,Furniture,Bedroom,Kabir Joshi,1,18100.0,5,17195.0,-896.31,UPI,Returned,Returned
ORD00379,2025-08-08,Kabir Verma,Male,21,Chennai,Tamil Nadu,South,Office Chair,Furniture,Office,Kabir Joshi,4,5100.0,0,20400.0,1166.96,UPI,Completed,Delivered
ORD00380,2025-10-28,Diya Patel,Female,29,Vadodara,Gujarat,West,Microwave,Appliances,Kitchen Appliances,Diya Patel,5,11300.0,0,56500.0,-4835.14,Debit Card,Returned,Returned
ORD00381,2025-07-12,Meera Shah,Male,60,Mysuru,Karnataka,South,Sunglasses,Accessories,Eyewear,Arjun Patel,3,2700.0,15,6885.0,-721.25,Debit Card,Returned,Returned
ORD00382,2025-05-06,Anaya Desai,Male,54,Chandigarh,Chandigarh,North,Watch,Accessories,Watches,Riya Desai,4,11400.0,10,41040.0,4037.34,Net Banking,Completed,Delivered
ORD00383,2025-06-22,Rohan Joshi,Female,25,Vadodara,Gujarat,West,Microwave,Appliances,Kitchen Appliances,Arjun Patel,5,18100.0,10,81450.0,-3434.71,Net Banking,Returned,Returned
ORD00384,2025-08-13,Diya Singh,Male,56,Jaipur,Rajasthan,North,Sofa,Furniture,Living Room,Arjun Patel,1,34500.0,5,32775.0,4624.37,UPI,Completed,Delivered
ORD00385,2025-04-19,Kabir Desai,Male,48,Hyderabad,Telangana,South,Watch,Accessories,Watches,Vivaan Desai,3,12700.0,5,36195.0,2013.56,Debit Card,Completed,Delivered
ORD00386,2025-01-25,Aarav Joshi,Female,58,Indore,Madhya Pradesh,Central,Running Shoes,Fashion,Footwear,Ishita Shah,5,3900.0,5,18525.0,-1254.49,Net Banking,Returned,Returned
ORD00387,2025-05-26,Meera Mehta,Female,41,Nagpur,Maharashtra,West,Washing Machine,Appliances,Laundry Appliances,Rohan Mehta,5,33000.0,0,165000.0,11991.08,Net Banking,Completed,Delivered
ORD00388,2025-01-25,Arjun Mehta,Female,26,Mumbai,Maharashtra,West,Running Shoes,Fashion,Footwear,Aarav Shah,1,6200.0,10,5580.0,508.28,UPI,Completed,Delivered
ORD00389,2025-12-18,Riya Kapoor,Male,60,Ahmedabad,Gujarat,West,Smartphone,Electronics,Mobiles,Arjun Patel,4,53900.0,10,194040.0,23705.36,Debit Card,Completed,Delivered
ORD00390,2025-04-19,Meera Shah,Male,43,Bengaluru,Karnataka,South,Smartwatch,Accessories,Wearables,Anaya Joshi,2,6900.0,10,12420.0,1597.57,UPI,Completed,Delivered
ORD00391,2025-04-19,Anaya Patel,Female,48,Lucknow,Uttar Pradesh,North,Headphones,Electronics,Accessories,Kabir Joshi,1,7200.0,10,6480.0,1004.42,Net Banking,Completed,In Transit
ORD00392,2025-06-13,Riya Desai,Female,30,Indore,Madhya Pradesh,Central,Jeans,Fashion,Clothing,Vivaan Desai,1,1700.0,0,0.0,0.0,UPI,Cancelled,Cancelled
ORD00393,2025-07-25,Arjun Desai,Female,22,Udaipur,Rajasthan,North,Smartwatch,Accessories,Wearables,Arjun Patel,2,13000.0,20,0.0,0.0,UPI,Cancelled,Cancelled
ORD00394,2025-03-11,Riya Singh,Male,52,Kochi,Kerala,South,Smartwatch,Accessories,Wearables,Diya Patel,4,3300.0,5,12540.0,1815.92,UPI,Completed,Delivered
ORD00395,2025-11-20,Meera Shah,Male,42,Patna,Bihar,East,Refrigerator,Appliances,Kitchen Appliances,Arjun Patel,3,43100.0,0,129300.0,-6190.48,Debit Card,Returned,Returned
ORD00396,2025-06-28,Ishita Verma,Female,35,Kolkata,West Bengal,East,Backpack,Fashion,Bags,Anaya Joshi,3,4300.0,10,11610.0,1769.78,Credit Card,Completed,Delayed
ORD00397,2025-10-12,Arjun Kapoor,Female,42,Bhopal,Madhya Pradesh,Central,Running Shoes,Fashion,Footwear,Arjun Patel,5,6300.0,15,26775.0,1849.36,Credit Card,Completed,Delivered
ORD00398,2025-06-25,Rohan Patel,Male,56,Mysuru,Karnataka,South,Sunglasses,Accessories,Eyewear,Meera Mehta,2,1100.0,5,0.0,0.0,Net Banking,Cancelled,Cancelled
ORD00399,2025-08-25,Rohan Kapoor,Female,24,Indore,Madhya Pradesh,Central,Air Conditioner,Appliances,Cooling,Aarav Shah,1,79300.0,10,71370.0,-3761.79,Credit Card,Returned,Returned
ORD00400,2025-07-06,Anaya Desai,Male,34,Nagpur,Maharashtra,West,Air Conditioner,Appliances,Cooling,Rohan Mehta,4,39700.0,15,134980.0,16380.94,Cash,Completed,Delivered
ORD00401,2025-01-24,Aarav Joshi,Female,40,Indore,Madhya Pradesh,Central,Headphones,Electronics,Accessories,Diya Patel,4,7500.0,10,27000.0,-2440.56,Credit Card,Returned,Returned
ORD00402,2025-12-18,Diya Verma,Male,49,Kolkata,West Bengal,East,Watch,Accessories,Watches,Anaya Joshi,3,10700.0,15,27285.0,3597.57,Credit Card,Completed,In Transit
ORD00403,2025-01-14,Kabir Kapoor,Female,44,Ahmedabad,Gujarat,West,Smartphone,Electronics,Mobiles,Ishita Shah,4,40000.0,5,152000.0,16307.54,Credit Card,Completed,In Transit
ORD00404,2025-10-18,Vivaan Kapoor,Male,33,Pune,Maharashtra,West,Jeans,Fashion,Clothing,Diya Patel,1,3500.0,10,0.0,0.0,Debit Card,Cancelled,Cancelled
ORD00405,2025-11-21,Ishita Shah,Male,37,Bhopal,Madhya Pradesh,Central,Office Chair,Furniture,Office,Rohan Mehta,1,7900.0,0,7900.0,921.72,UPI,Completed,Delivered
ORD00406,2025-06-06,Ishita Patel,Female,50,Jaipur,Rajasthan,North,Sofa,Furniture,Living Room,Diya Patel,5,62400.0,0,312000.0,52712.46,Debit Card,Completed,In Transit
ORD00407,2025-08-16,Riya Shah,Female,23,Ahmedabad,Gujarat,West,Laptop,Electronics,Computers,Diya Patel,4,65500.0,10,235800.0,34597.45,UPI,Completed,Delivered
ORD00408,2025-03-20,Riya Shah,Female,40,Bengaluru,Karnataka,South,Backpack,Fashion,Bags,Ishita Shah,5,1100.0,10,4950.0,533.33,UPI,Completed,Delivered
ORD00409,2025-11-01,Aarav Joshi,Female,60,Surat,Gujarat,West,Television,Electronics,Home Entertainment,Vivaan Desai,3,77500.0,10,209250.0,-10959.35,Credit Card,Returned,Returned
ORD00410,2025-11-24,Meera Mehta,Male,41,Udaipur,Rajasthan,North,T-Shirt,Fashion,Clothing,Arjun Patel,4,2400.0,5,9120.0,-550.48,UPI,Returned,Returned
ORD00411,2025-05-02,Diya Singh,Male,55,Vadodara,Gujarat,West,Office Chair,Furniture,Office,Arjun Patel,4,15300.0,15,52020.0,3323.25,UPI,Completed,Delayed
ORD00412,2025-11-17,Ishita Desai,Male,18,Kolkata,West Bengal,East,Headphones,Electronics,Accessories,Vivaan Desai,3,3300.0,0,9900.0,739.7,Cash,Completed,In Transit
ORD00413,2025-06-30,Arjun Singh,Male,32,Hyderabad,Telangana,South,Microwave,Appliances,Kitchen Appliances,Diya Patel,2,16200.0,15,27540.0,3175.93,Credit Card,Completed,Delivered
ORD00414,2025-05-09,Kabir Joshi,Female,23,Mumbai,Maharashtra,West,Jeans,Fashion,Clothing,Rohan Mehta,3,3900.0,5,11115.0,1283.06,Credit Card,Completed,In Transit
ORD00415,2025-08-07,Arjun Verma,Male,22,Chennai,Tamil Nadu,South,Laptop,Electronics,Computers,Diya Patel,2,53400.0,5,101460.0,9720.12,Debit Card,Completed,Delivered
ORD00416,2025-06-18,Diya Shah,Male,40,Ahmedabad,Gujarat,West,Jacket,Fashion,Clothing,Arjun Patel,5,3900.0,15,0.0,0.0,Net Banking,Cancelled,Cancelled
ORD00417,2025-08-14,Arjun Patel,Female,53,Kochi,Kerala,South,Office Chair,Furniture,Office,Vivaan Desai,1,8700.0,5,8265.0,-512.73,Credit Card,Returned,Returned
ORD00418,2025-01-15,Kabir Verma,Female,44,Bhopal,Madhya Pradesh,Central,Laptop,Electronics,Computers,Aarav Shah,2,83700.0,15,142290.0,19004.73,UPI,Completed,Delivered
ORD00419,2025-07-22,Riya Shah,Female,42,Kochi,Kerala,South,Smartphone,Electronics,Mobiles,Vivaan Desai,4,39400.0,10,141840.0,19702.02,Credit Card,Completed,Delivered
ORD00420,2025-11-14,Diya Verma,Female,26,Nagpur,Maharashtra,West,Sofa,Furniture,Living Room,Anaya Joshi,5,45000.0,5,213750.0,13181.69,Net Banking,Completed,Delayed
ORD00421,2025-12-31,Meera Patel,Male,35,Kochi,Kerala,South,Jacket,Fashion,Clothing,Riya Desai,2,6400.0,10,0.0,0.0,UPI,Cancelled,Cancelled
ORD00422,2025-02-16,Anaya Patel,Male,26,Pune,Maharashtra,West,Running Shoes,Fashion,Footwear,Vivaan Desai,2,2600.0,20,0.0,0.0,Net Banking,Cancelled,Cancelled
ORD00423,2025-03-17,Aarav Joshi,Male,20,Patna,Bihar,East,Jeans,Fashion,Clothing,Aarav Shah,4,3600.0,15,12240.0,1171.55,Cash,Completed,Delayed
ORD00424,2025-11-06,Meera Desai,Female,18,Vadodara,Gujarat,West,Microwave,Appliances,Kitchen Appliances,Aarav Shah,4,21200.0,10,76320.0,-7383.69,UPI,Returned,Returned
ORD00425,2025-11-30,Arjun Shah,Male,43,Indore,Madhya Pradesh,Central,Jacket,Fashion,Clothing,Riya Desai,2,5400.0,10,9720.0,-846.87,Credit Card,Returned,Returned
ORD00426,2025-01-02,Riya Mehta,Female,47,Ahmedabad,Gujarat,West,Running Shoes,Fashion,Footwear,Aarav Shah,4,2700.0,25,0.0,0.0,Net Banking,Cancelled,Cancelled
ORD00427,2025-03-07,Anaya Verma,Female,26,Hyderabad,Telangana,South,Laptop,Electronics,Computers,Arjun Patel,5,69700.0,15,296225.0,19565.21,UPI,Completed,Delivered
ORD00428,2025-04-10,Meera Patel,Female,33,Bhopal,Madhya Pradesh,Central,Jacket,Fashion,Clothing,Rohan Mehta,4,6400.0,20,20480.0,-1720.78,UPI,Returned,Returned
ORD00429,2025-03-12,Vivaan Mehta,Female,36,Kolkata,West Bengal,East,Washing Machine,Appliances,Laundry Appliances,Ishita Shah,5,60200.0,0,301000.0,48001.64,UPI,Completed,Delivered
ORD00430,2025-09-28,Vivaan Shah,Male,46,Mysuru,Karnataka,South,Refrigerator,Appliances,Kitchen Appliances,Ishita Shah,3,58100.0,5,165585.0,11841.81,UPI,Completed,Delivered
ORD00431,2025-10-21,Riya Joshi,Female,51,Jaipur,Rajasthan,North,Office Chair,Furniture,Office,Kabir Joshi,2,13300.0,10,23940.0,-1289.34,Cash,Returned,Returned
ORD00432,2025-03-26,Diya Patel,Female,21,Bhopal,Madhya Pradesh,Central,Backpack,Fashion,Bags,Diya Patel,3,1900.0,10,5130.0,294.72,Debit Card,Completed,Delivered
ORD00433,2025-05-20,Rohan Mehta,Male,19,Surat,Gujarat,West,Bed,Furniture,Bedroom,Meera Mehta,1,46600.0,5,0.0,0.0,UPI,Cancelled,Cancelled
ORD00434,2025-09-10,Riya Joshi,Female,38,Mumbai,Maharashtra,West,Dining Table,Furniture,Dining,Ishita Shah,5,46600.0,5,0.0,0.0,Credit Card,Cancelled,Cancelled
ORD00435,2025-11-26,Ishita Joshi,Male,23,Kochi,Kerala,South,Air Conditioner,Appliances,Cooling,Aarav Shah,4,76100.0,10,273960.0,39507.91,Debit Card,Completed,In Transit
ORD00436,2025-10-16,Arjun Verma,Male,35,Nagpur,Maharashtra,West,Sunglasses,Accessories,Eyewear,Meera Mehta,2,4900.0,10,8820.0,-752.14,Debit Card,Returned,Returned
ORD00437,2025-10-06,Kabir Mehta,Female,57,Patna,Bihar,East,Bed,Furniture,Bedroom,Arjun Patel,2,21400.0,10,38520.0,3818.84,UPI,Completed,Delayed
ORD00438,2025-09-03,Rohan Patel,Female,41,Delhi,Delhi,North,Microwave,Appliances,Kitchen Appliances,Meera Mehta,1,22200.0,5,21090.0,2132.71,UPI,Completed,Delivered
ORD00439,2025-11-20,Meera Shah,Female,36,Hyderabad,Telangana,South,Dining Table,Furniture,Dining,Diya Patel,4,54700.0,20,175040.0,28436.87,Credit Card,Completed,Delivered
ORD00440,2025-07-01,Vivaan Patel,Male,36,Chandigarh,Chandigarh,North,Jacket,Fashion,Clothing,Rohan Mehta,1,2400.0,10,2160.0,244.37,Cash,Completed,Delayed
ORD00441,2025-09-15,Ishita Joshi,Male,54,Hyderabad,Telangana,South,Smartphone,Electronics,Mobiles,Arjun Patel,3,51400.0,10,0.0,0.0,Net Banking,Cancelled,Cancelled
ORD00442,2025-11-26,Vivaan Mehta,Female,30,Hyderabad,Telangana,South,Jacket,Fashion,Clothing,Kabir Joshi,4,6800.0,5,0.0,0.0,UPI,Cancelled,Cancelled
ORD00443,2025-07-17,Anaya Desai,Male,21,Kochi,Kerala,South,T-Shirt,Fashion,Clothing,Riya Desai,2,1500.0,15,2550.0,351.73,Net Banking,Completed,Delivered
ORD00444,2025-05-24,Arjun Mehta,Female,21,Indore,Madhya Pradesh,Central,Running Shoes,Fashion,Footwear,Meera Mehta,5,3900.0,20,0.0,0.0,Credit Card,Cancelled,Cancelled
ORD00445,2025-07-01,Ishita Joshi,Female,52,Bengaluru,Karnataka,South,Bed,Furniture,Bedroom,Vivaan Desai,4,30300.0,5,115140.0,7054.84,Net Banking,Completed,Delivered
ORD00446,2025-02-25,Aarav Singh,Male,25,Surat,Gujarat,West,Running Shoes,Fashion,Footwear,Vivaan Desai,2,4200.0,15,7140.0,1227.82,Net Banking,Completed,Delivered
ORD00447,2025-11-03,Rohan Kapoor,Female,29,Bengaluru,Karnataka,South,Office Chair,Furniture,Office,Ishita Shah,1,7300.0,5,0.0,0.0,Net Banking,Cancelled,Cancelled
ORD00448,2025-03-04,Vivaan Patel,Male,51,Kochi,Kerala,South,Jacket,Fashion,Clothing,Kabir Joshi,4,7900.0,10,28440.0,3747.07,Credit Card,Completed,Delivered
ORD00449,2025-12-18,Aarav Singh,Female,34,Udaipur,Rajasthan,North,Running Shoes,Fashion,Footwear,Meera Mehta,2,5600.0,5,10640.0,850.67,Credit Card,Completed,Delivered
ORD00450,2025-07-18,Kabir Joshi,Male,19,Bengaluru,Karnataka,South,Air Conditioner,Appliances,Cooling,Aarav Shah,2,59900.0,15,101830.0,-3765.01,Debit Card,Returned,Returned
ORD00451,2025-07-14,Anaya Verma,Female,39,Lucknow,Uttar Pradesh,North,T-Shirt,Fashion,Clothing,Diya Patel,3,1500.0,20,3600.0,515.68,Net Banking,Completed,Delivered
ORD00452,2025-01-16,Arjun Joshi,Male,38,Bhopal,Madhya Pradesh,Central,Bed,Furniture,Bedroom,Aarav Shah,5,32000.0,20,128000.0,20152.37,Credit Card,Completed,Delivered
ORD00453,2025-04-27,Arjun Shah,Female,51,Chennai,Tamil Nadu,South,Sunglasses,Accessories,Eyewear,Diya Patel,5,1900.0,5,9025.0,1290.57,UPI,Completed,Delayed
ORD00454,2025-07-12,Rohan Desai,Female,56,Bengaluru,Karnataka,South,Dining Table,Furniture,Dining,Vivaan Desai,1,19700.0,20,15760.0,1309.93,Debit Card,Completed,Delivered
ORD00455,2025-11-02,Rohan Joshi,Male,30,Bhopal,Madhya Pradesh,Central,Sofa,Furniture,Living Room,Meera Mehta,1,57600.0,5,54720.0,7046.11,Net Banking,Completed,Delivered
ORD00456,2025-08-07,Arjun Patel,Male,45,Mysuru,Karnataka,South,Backpack,Fashion,Bags,Meera Mehta,4,2600.0,10,9360.0,-1046.43,Net Banking,Returned,Returned
ORD00457,2025-12-19,Rohan Verma,Male,20,Patna,Bihar,East,Smartwatch,Accessories,Wearables,Riya Desai,1,17400.0,5,16530.0,1523.45,Credit Card,Completed,Delayed
ORD00458,2025-06-21,Arjun Joshi,Male,51,Udaipur,Rajasthan,North,Microwave,Appliances,Kitchen Appliances,Vivaan Desai,3,20100.0,10,0.0,0.0,Credit Card,Cancelled,Cancelled
ORD00459,2025-04-28,Rohan Verma,Male,59,Indore,Madhya Pradesh,Central,Washing Machine,Appliances,Laundry Appliances,Riya Desai,3,30200.0,10,81540.0,4142.55,Net Banking,Completed,In Transit
ORD00460,2025-09-03,Diya Desai,Male,24,Udaipur,Rajasthan,North,Backpack,Fashion,Bags,Aarav Shah,3,1800.0,10,4860.0,716.03,Net Banking,Completed,Delivered
ORD00461,2025-06-01,Anaya Mehta,Female,22,Jaipur,Rajasthan,North,Running Shoes,Fashion,Footwear,Diya Patel,4,6900.0,20,22080.0,3529.52,UPI,Completed,Delivered
ORD00462,2025-07-07,Kabir Singh,Male,52,Chandigarh,Chandigarh,North,Bed,Furniture,Bedroom,Ishita Shah,2,29800.0,15,50660.0,2622.97,Cash,Completed,In Transit
ORD00463,2025-12-08,Arjun Joshi,Female,49,Chennai,Tamil Nadu,South,Bed,Furniture,Bedroom,Diya Patel,4,23400.0,5,88920.0,7174.03,Debit Card,Completed,Delivered
ORD00464,2025-07-20,Ishita Mehta,Female,25,Bhopal,Madhya Pradesh,Central,Watch,Accessories,Watches,Rohan Mehta,4,7600.0,20,24320.0,2392.25,Net Banking,Completed,Delivered
ORD00465,2025-10-06,Ishita Singh,Female,37,Pune,Maharashtra,West,Jeans,Fashion,Clothing,Ishita Shah,4,3800.0,15,12920.0,2139.18,UPI,Completed,Delivered
ORD00466,2025-03-15,Arjun Patel,Male,47,Lucknow,Uttar Pradesh,North,Laptop,Electronics,Computers,Riya Desai,1,46900.0,20,37520.0,2813.76,Cash,Completed,Delivered
ORD00467,2025-02-13,Riya Mehta,Male,31,Delhi,Delhi,North,Sofa,Furniture,Living Room,Ishita Shah,3,48400.0,0,145200.0,8469.85,Cash,Completed,Delivered
ORD00468,2025-09-26,Aarav Singh,Female,19,Kochi,Kerala,South,Headphones,Electronics,Accessories,Anaya Joshi,3,1900.0,20,4560.0,268.86,UPI,Completed,Delivered
ORD00469,2025-06-01,Ishita Joshi,Male,52,Bhopal,Madhya Pradesh,Central,Smartwatch,Accessories,Wearables,Rohan Mehta,3,8900.0,15,22695.0,2636.88,Credit Card,Completed,Delivered
ORD00470,2025-11-30,Anaya Kapoor,Male,44,Pune,Maharashtra,West,Microwave,Appliances,Kitchen Appliances,Ishita Shah,3,11800.0,10,0.0,0.0,Debit Card,Cancelled,Cancelled
ORD00471,2025-11-04,Anaya Patel,Female,60,Jaipur,Rajasthan,North,Backpack,Fashion,Bags,Riya Desai,3,3200.0,25,0.0,0.0,Credit Card,Cancelled,Cancelled
ORD00472,2025-02-08,Anaya Singh,Male,58,Mysuru,Karnataka,South,Headphones,Electronics,Accessories,Kabir Joshi,3,6700.0,25,0.0,0.0,Debit Card,Cancelled,Cancelled
ORD00473,2025-01-05,Rohan Mehta,Female,28,Hyderabad,Telangana,South,Running Shoes,Fashion,Footwear,Arjun Patel,2,2400.0,15,0.0,0.0,UPI,Cancelled,Cancelled
ORD00474,2025-01-20,Ishita Shah,Male,51,Bengaluru,Karnataka,South,Dining Table,Furniture,Dining,Diya Patel,4,34300.0,0,137200.0,14873.15,Credit Card,Completed,Delivered
ORD00475,2025-03-30,Ishita Joshi,Male,46,Hyderabad,Telangana,South,Air Conditioner,Appliances,Cooling,Meera Mehta,1,52800.0,5,50160.0,6558.11,Credit Card,Completed,Delivered
ORD00476,2025-08-31,Vivaan Kapoor,Male,27,Patna,Bihar,East,Laptop,Electronics,Computers,Riya Desai,2,66100.0,0,132200.0,-4980.52,Credit Card,Returned,Returned
ORD00477,2025-11-11,Kabir Verma,Male,45,Hyderabad,Telangana,South,Watch,Accessories,Watches,Vivaan Desai,1,2900.0,10,2610.0,428.11,UPI,Completed,Delivered
ORD00478,2025-08-14,Ishita Desai,Male,32,Patna,Bihar,East,Running Shoes,Fashion,Footwear,Riya Desai,3,2700.0,10,0.0,0.0,Credit Card,Cancelled,Cancelled
ORD00479,2025-04-07,Anaya Mehta,Female,28,Chandigarh,Chandigarh,North,Sofa,Furniture,Living Room,Aarav Shah,5,62200.0,5,295450.0,32594.06,Cash,Completed,In Transit
ORD00480,2025-04-13,Rohan Singh,Male,42,Nagpur,Maharashtra,West,Jeans,Fashion,Clothing,Ishita Shah,2,1400.0,15,2380.0,391.06,Credit Card,Completed,Delivered
ORD00481,2025-01-10,Ishita Desai,Female,29,Chandigarh,Chandigarh,North,Smartphone,Electronics,Mobiles,Anaya Joshi,2,15400.0,10,27720.0,1584.56,Credit Card,Completed,Delivered
ORD00482,2025-08-24,Ishita Singh,Female,25,Bhopal,Madhya Pradesh,Central,T-Shirt,Fashion,Clothing,Vivaan Desai,1,2500.0,15,2125.0,294.79,UPI,Completed,Delivered
ORD00483,2025-11-07,Meera Verma,Male,38,Indore,Madhya Pradesh,Central,Laptop,Electronics,Computers,Diya Patel,5,50600.0,15,0.0,0.0,Debit Card,Cancelled,Cancelled
ORD00484,2025-01-21,Arjun Verma,Female,38,Nagpur,Maharashtra,West,Washing Machine,Appliances,Laundry Appliances,Meera Mehta,1,59200.0,5,0.0,0.0,UPI,Cancelled,Cancelled
ORD00485,2025-10-19,Ishita Verma,Female,54,Kolkata,West Bengal,East,Watch,Accessories,Watches,Ishita Shah,1,8600.0,10,7740.0,-759.28,Net Banking,Returned,Returned
ORD00486,2025-03-14,Vivaan Shah,Male,44,Udaipur,Rajasthan,North,Microwave,Appliances,Kitchen Appliances,Meera Mehta,5,7300.0,0,36500.0,-1761.37,Net Banking,Returned,Returned
ORD00487,2025-05-15,Vivaan Patel,Female,53,Chandigarh,Chandigarh,North,Backpack,Fashion,Bags,Kabir Joshi,3,3900.0,15,0.0,0.0,UPI,Cancelled,Cancelled
ORD00488,2025-05-05,Rohan Kapoor,Female,23,Kolkata,West Bengal,East,Smartphone,Electronics,Mobiles,Vivaan Desai,1,52200.0,10,46980.0,5481.09,Cash,Completed,Delivered
ORD00489,2025-04-26,Aarav Desai,Male,47,Kochi,Kerala,South,Smartphone,Electronics,Mobiles,Kabir Joshi,4,47700.0,10,171720.0,22883.09,UPI,Completed,Delivered
ORD00490,2025-02-28,Meera Verma,Male,32,Kolkata,West Bengal,East,Office Chair,Furniture,Office,Kabir Joshi,4,4700.0,10,16920.0,2515.45,Credit Card,Completed,Delivered
ORD00491,2025-10-24,Diya Singh,Female,40,Ahmedabad,Gujarat,West,T-Shirt,Fashion,Clothing,Arjun Patel,2,1100.0,10,1980.0,141.58,UPI,Completed,Delivered
ORD00492,2025-04-27,Anaya Joshi,Female,49,Vadodara,Gujarat,West,Bed,Furniture,Bedroom,Aarav Shah,1,55000.0,0,55000.0,9234.95,Credit Card,Completed,Delivered
ORD00493,2025-08-04,Rohan Kapoor,Male,54,Vadodara,Gujarat,West,Jacket,Fashion,Clothing,Vivaan Desai,4,2700.0,0,10800.0,1260.62,Credit Card,Completed,Delivered
ORD00494,2025-10-27,Anaya Verma,Male,56,Mumbai,Maharashtra,West,Television,Electronics,Home Entertainment,Ishita Shah,4,78400.0,10,282240.0,27537.28,UPI,Completed,Delivered
ORD00495,2025-06-25,Diya Joshi,Female,31,Bhopal,Madhya Pradesh,Central,Jacket,Fashion,Clothing,Aarav Shah,4,5300.0,15,18020.0,-1094.85,Net Banking,Returned,Returned
ORD00496,2025-01-29,Anaya Joshi,Male,31,Delhi,Delhi,North,T-Shirt,Fashion,Clothing,Arjun Patel,3,2100.0,0,6300.0,1016.96,UPI,Completed,In Transit
ORD00497,2025-04-10,Aarav Shah,Female,26,Pune,Maharashtra,West,Backpack,Fashion,Bags,Kabir Joshi,2,4300.0,20,6880.0,1196.22,UPI,Completed,Delivered
ORD00498,2025-08-30,Anaya Patel,Male,56,Kochi,Kerala,South,Jeans,Fashion,Clothing,Rohan Mehta,1,2200.0,15,0.0,0.0,Credit Card,Cancelled,Cancelled
ORD00499,2025-07-15,Ishita Desai,Male,31,Bengaluru,Karnataka,South,Washing Machine,Appliances,Laundry Appliances,Aarav Shah,5,45200.0,20,180800.0,28305.69,Net Banking,Completed,Delayed
ORD00500,2025-02-01,Kabir Patel,Male,20,Pune,Maharashtra,West,Microwave,Appliances,Kitchen Appliances,Diya Patel,4,20900.0,15,0.0,0.0,UPI,Cancelled,Cancelled
ORD00501,2025-05-10,Rohan Singh,Male,58,Vadodara,Gujarat,West,Sofa,Furniture,Living Room,Diya Patel,2,37000.0,10,66600.0,6933.12,UPI,Completed,Delivered
ORD00502,2025-02-24,Arjun Singh,Male,30,Chennai,Tamil Nadu,South,Jeans,Fashion,Clothing,Rohan Mehta,5,2900.0,15,12325.0,1194.35,Credit Card,Completed,Delivered
ORD00503,2025-05-26,Diya Patel,Male,53,Nagpur,Maharashtra,West,Office Chair,Furniture,Office,Meera Mehta,4,12300.0,20,39360.0,5626.27,UPI,Completed,Delivered
ORD00504,2025-10-08,Anaya Verma,Male,22,Hyderabad,Telangana,South,Watch,Accessories,Watches,Meera Mehta,3,11400.0,10,30780.0,2189.27,Debit Card,Completed,Delayed
ORD00505,2025-01-16,Aarav Singh,Male,24,Jaipur,Rajasthan,North,Sunglasses,Accessories,Eyewear,Riya Desai,2,700.0,10,1260.0,86.84,UPI,Completed,In Transit
ORD00506,2025-10-06,Aarav Mehta,Male,60,Jaipur,Rajasthan,North,Refrigerator,Appliances,Kitchen Appliances,Diya Patel,2,55300.0,15,94010.0,12004.35,UPI,Completed,Delivered
ORD00507,2025-02-19,Ishita Kapoor,Female,59,Indore,Madhya Pradesh,Central,Running Shoes,Fashion,Footwear,Meera Mehta,1,4100.0,10,3690.0,-207.34,Credit Card,Returned,Returned
ORD00508,2025-05-30,Riya Kapoor,Female,23,Udaipur,Rajasthan,North,Microwave,Appliances,Kitchen Appliances,Riya Desai,4,10500.0,10,0.0,0.0,Credit Card,Cancelled,Cancelled
ORD00509,2025-07-02,Riya Desai,Male,26,Vadodara,Gujarat,West,Jeans,Fashion,Clothing,Anaya Joshi,3,1700.0,10,4590.0,784.39,Credit Card,Completed,Delivered
ORD00510,2025-07-11,Ishita Singh,Male,36,Chennai,Tamil Nadu,South,Smartphone,Electronics,Mobiles,Rohan Mehta,3,61400.0,5,174990.0,10665.24,Credit Card,Completed,Delayed
ORD00511,2025-04-02,Aarav Mehta,Male,46,Udaipur,Rajasthan,North,Smartwatch,Accessories,Wearables,Diya Patel,4,12500.0,5,47500.0,-3475.4,UPI,Returned,Returned
ORD00512,2025-01-29,Riya Kapoor,Male,32,Udaipur,Rajasthan,North,Smartphone,Electronics,Mobiles,Riya Desai,5,25200.0,25,94500.0,11276.69,Net Banking,Completed,Delayed
ORD00513,2025-10-09,Rohan Verma,Male,20,Indore,Madhya Pradesh,Central,Dining Table,Furniture,Dining,Riya Desai,1,53500.0,10,48150.0,4090.41,Cash,Completed,Delayed
ORD00514,2025-10-10,Aarav Desai,Female,23,Indore,Madhya Pradesh,Central,Laptop,Electronics,Computers,Arjun Patel,5,69900.0,5,332025.0,43524.06,Debit Card,Completed,Delivered
ORD00515,2025-10-29,Diya Verma,Female,40,Mumbai,Maharashtra,West,Running Shoes,Fashion,Footwear,Vivaan Desai,1,6500.0,0,6500.0,507.19,UPI,Completed,In Transit
ORD00516,2025-01-31,Rohan Joshi,Male,40,Mysuru,Karnataka,South,Refrigerator,Appliances,Kitchen Appliances,Kabir Joshi,3,52100.0,10,140670.0,12035.79,UPI,Completed,Delivered
ORD00517,2025-12-07,Anaya Desai,Male,37,Udaipur,Rajasthan,North,Headphones,Electronics,Accessories,Ishita Shah,2,5700.0,15,0.0,0.0,Debit Card,Cancelled,Cancelled
ORD00518,2025-10-18,Kabir Shah,Female,47,Surat,Gujarat,West,Washing Machine,Appliances,Laundry Appliances,Vivaan Desai,1,25000.0,15,21250.0,3438.09,Credit Card,Completed,Delivered
ORD00519,2025-03-10,Anaya Singh,Female,57,Delhi,Delhi,North,Running Shoes,Fashion,Footwear,Ishita Shah,1,5900.0,15,0.0,0.0,Net Banking,Cancelled,Cancelled
ORD00520,2025-03-30,Riya Singh,Female,49,Kochi,Kerala,South,Smartwatch,Accessories,Wearables,Meera Mehta,4,15100.0,5,0.0,0.0,UPI,Cancelled,Cancelled
ORD00521,2025-11-15,Anaya Shah,Male,39,Hyderabad,Telangana,South,Sofa,Furniture,Living Room,Kabir Joshi,2,15900.0,10,28620.0,2755.78,Debit Card,Completed,In Transit
ORD00522,2025-01-29,Riya Patel,Male,31,Kochi,Kerala,South,Backpack,Fashion,Bags,Aarav Shah,2,4000.0,10,7200.0,630.63,UPI,Completed,Delivered
ORD00523,2025-03-18,Arjun Verma,Female,40,Bhopal,Madhya Pradesh,Central,Office Chair,Furniture,Office,Aarav Shah,1,9000.0,10,8100.0,-861.34,Cash,Returned,Returned
ORD00524,2025-03-25,Vivaan Patel,Male,21,Kochi,Kerala,South,Sofa,Furniture,Living Room,Riya Desai,1,66400.0,15,56440.0,4570.73,UPI,Completed,In Transit
ORD00525,2025-01-12,Riya Verma,Male,38,Mysuru,Karnataka,South,Jacket,Fashion,Clothing,Diya Patel,2,2900.0,10,5220.0,284.86,UPI,Completed,Delivered
ORD00526,2025-04-13,Ishita Mehta,Male,18,Indore,Madhya Pradesh,Central,Backpack,Fashion,Bags,Vivaan Desai,1,2600.0,5,2470.0,189.64,UPI,Completed,Delivered
ORD00527,2025-11-11,Riya Singh,Male,46,Surat,Gujarat,West,T-Shirt,Fashion,Clothing,Riya Desai,5,2200.0,5,10450.0,-486.14,UPI,Returned,Returned
ORD00528,2025-01-25,Ishita Mehta,Male,49,Kolkata,West Bengal,East,Microwave,Appliances,Kitchen Appliances,Anaya Joshi,4,8500.0,5,0.0,0.0,Credit Card,Cancelled,Cancelled
ORD00529,2025-12-21,Vivaan Joshi,Male,28,Kochi,Kerala,South,Refrigerator,Appliances,Kitchen Appliances,Aarav Shah,2,48200.0,10,86760.0,12556.15,Cash,Completed,Delivered
ORD00530,2025-12-30,Diya Mehta,Female,37,Mumbai,Maharashtra,West,Sunglasses,Accessories,Eyewear,Anaya Joshi,4,4400.0,15,0.0,0.0,Credit Card,Cancelled,Cancelled
ORD00531,2025-02-19,Vivaan Patel,Female,27,Kochi,Kerala,South,Washing Machine,Appliances,Laundry Appliances,Rohan Mehta,3,55700.0,10,150390.0,9638.8,Net Banking,Completed,In Transit
ORD00532,2025-01-15,Riya Mehta,Male,39,Mysuru,Karnataka,South,Bed,Furniture,Bedroom,Vivaan Desai,4,20300.0,15,69020.0,9552.11,UPI,Completed,Delivered
ORD00533,2025-05-26,Vivaan Patel,Male,25,Hyderabad,Telangana,South,Watch,Accessories,Watches,Rohan Mehta,5,13500.0,0,67500.0,5171.41,UPI,Completed,Delivered
ORD00534,2025-12-03,Diya Singh,Female,24,Bhopal,Madhya Pradesh,Central,Office Chair,Furniture,Office,Aarav Shah,2,16400.0,0,32800.0,2368.35,UPI,Completed,Delivered
ORD00535,2025-01-24,Ishita Kapoor,Male,35,Nagpur,Maharashtra,West,Sunglasses,Accessories,Eyewear,Kabir Joshi,3,1600.0,15,4080.0,-409.82,Net Banking,Returned,Returned
ORD00536,2025-08-08,Diya Kapoor,Female,25,Jaipur,Rajasthan,North,Air Conditioner,Appliances,Cooling,Riya Desai,5,76000.0,15,323000.0,48368.05,Net Banking,Completed,Delayed
ORD00537,2025-10-20,Riya Shah,Female,24,Jaipur,Rajasthan,North,Television,Electronics,Home Entertainment,Meera Mehta,3,85600.0,0,256800.0,17961.54,UPI,Completed,Delivered
ORD00538,2025-07-16,Ishita Joshi,Male,48,Delhi,Delhi,North,Jeans,Fashion,Clothing,Riya Desai,5,1700.0,25,6375.0,612.9,Net Banking,Completed,Delivered
ORD00539,2025-10-17,Arjun Kapoor,Female,36,Chandigarh,Chandigarh,North,Jacket,Fashion,Clothing,Riya Desai,4,5800.0,20,0.0,0.0,Credit Card,Cancelled,Cancelled
ORD00540,2025-12-01,Arjun Singh,Female,44,Chandigarh,Chandigarh,North,Watch,Accessories,Watches,Meera Mehta,1,3800.0,15,3230.0,199.89,UPI,Completed,Delivered
ORD00541,2025-10-13,Riya Mehta,Female,20,Mumbai,Maharashtra,West,Sunglasses,Accessories,Eyewear,Vivaan Desai,3,4600.0,15,11730.0,-579.36,Net Banking,Returned,Returned
ORD00542,2025-09-15,Diya Shah,Male,50,Mysuru,Karnataka,South,Jacket,Fashion,Clothing,Riya Desai,2,2100.0,20,3360.0,300.38,Credit Card,Completed,Delivered
ORD00543,2025-06-04,Rohan Verma,Male,60,Jaipur,Rajasthan,North,Refrigerator,Appliances,Kitchen Appliances,Anaya Joshi,4,54200.0,20,0.0,0.0,UPI,Cancelled,Cancelled
ORD00544,2025-11-06,Diya Singh,Female,42,Jaipur,Rajasthan,North,Refrigerator,Appliances,Kitchen Appliances,Rohan Mehta,1,44900.0,25,33675.0,3009.97,Credit Card,Completed,Delivered
ORD00545,2025-08-07,Ishita Desai,Female,57,Kolkata,West Bengal,East,Smartphone,Electronics,Mobiles,Diya Patel,3,49300.0,0,147900.0,22351.86,Credit Card,Completed,Delivered
ORD00546,2025-04-23,Kabir Shah,Male,30,Hyderabad,Telangana,South,Backpack,Fashion,Bags,Vivaan Desai,1,2700.0,15,0.0,0.0,UPI,Cancelled,Cancelled
ORD00547,2025-08-21,Kabir Shah,Male,28,Pune,Maharashtra,West,Dining Table,Furniture,Dining,Riya Desai,3,33900.0,10,91530.0,9648.97,UPI,Completed,Delivered
ORD00548,2025-11-29,Meera Mehta,Female,48,Bhopal,Madhya Pradesh,Central,Office Chair,Furniture,Office,Ishita Shah,4,11100.0,5,42180.0,3150.49,Cash,Completed,Delivered
ORD00549,2025-01-07,Arjun Joshi,Female,56,Mumbai,Maharashtra,West,Smartwatch,Accessories,Wearables,Riya Desai,5,17700.0,10,0.0,0.0,Credit Card,Cancelled,Cancelled
ORD00550,2025-04-03,Diya Desai,Female,45,Jaipur,Rajasthan,North,Sofa,Furniture,Living Room,Meera Mehta,1,65600.0,5,62320.0,9990.06,Credit Card,Completed,Delayed
ORD00551,2025-04-19,Arjun Desai,Male,54,Patna,Bihar,East,Dining Table,Furniture,Dining,Riya Desai,4,38500.0,5,146300.0,-7145.49,Net Banking,Returned,Returned
ORD00552,2025-04-29,Arjun Desai,Female,39,Pune,Maharashtra,West,Running Shoes,Fashion,Footwear,Meera Mehta,4,5300.0,15,18020.0,-1365.05,Credit Card,Returned,Returned
ORD00553,2025-12-28,Meera Singh,Male,46,Ahmedabad,Gujarat,West,Jeans,Fashion,Clothing,Diya Patel,1,5000.0,5,4750.0,-505.47,Net Banking,Returned,Returned
ORD00554,2025-03-31,Kabir Joshi,Male,29,Bhopal,Madhya Pradesh,Central,Jacket,Fashion,Clothing,Arjun Patel,3,5000.0,0,15000.0,-1141.32,Credit Card,Returned,Returned
ORD00555,2025-08-14,Anaya Mehta,Female,22,Udaipur,Rajasthan,North,Air Conditioner,Appliances,Cooling,Diya Patel,2,74300.0,15,126310.0,19408.01,Credit Card,Completed,Delivered
ORD00556,2025-11-10,Arjun Shah,Male,46,Patna,Bihar,East,Office Chair,Furniture,Office,Ishita Shah,2,16300.0,10,29340.0,3823.67,UPI,Completed,Delivered
ORD00557,2025-02-03,Ishita Joshi,Female,24,Jaipur,Rajasthan,North,Smartwatch,Accessories,Wearables,Riya Desai,3,5600.0,5,15960.0,2808.1,Credit Card,Completed,Delivered
ORD00558,2025-12-21,Aarav Mehta,Female,35,Kolkata,West Bengal,East,Air Conditioner,Appliances,Cooling,Aarav Shah,1,66100.0,5,62795.0,5974.79,Debit Card,Completed,Delivered
ORD00559,2025-08-01,Ishita Joshi,Female,36,Bengaluru,Karnataka,South,Office Chair,Furniture,Office,Rohan Mehta,3,11700.0,15,29835.0,3497.47,Credit Card,Completed,Delivered
ORD00560,2025-11-07,Arjun Kapoor,Male,53,Chandigarh,Chandigarh,North,Sunglasses,Accessories,Eyewear,Vivaan Desai,2,3800.0,15,6460.0,555.59,UPI,Completed,Delivered
ORD00561,2025-08-16,Rohan Singh,Female,30,Delhi,Delhi,North,Dining Table,Furniture,Dining,Arjun Patel,1,53400.0,10,48060.0,7658.07,UPI,Completed,Delivered
ORD00562,2025-01-15,Diya Singh,Male,28,Pune,Maharashtra,West,Air Conditioner,Appliances,Cooling,Diya Patel,1,72300.0,15,0.0,0.0,UPI,Cancelled,Cancelled
ORD00563,2025-03-18,Arjun Kapoor,Male,19,Mysuru,Karnataka,South,Smartphone,Electronics,Mobiles,Kabir Joshi,5,21900.0,0,109500.0,15863.28,Net Banking,Completed,Delivered
ORD00564,2025-10-02,Arjun Patel,Female,23,Nagpur,Maharashtra,West,Air Conditioner,Appliances,Cooling,Aarav Shah,1,42500.0,15,0.0,0.0,Credit Card,Cancelled,Cancelled
ORD00565,2025-11-29,Aarav Shah,Male,37,Delhi,Delhi,North,Sofa,Furniture,Living Room,Aarav Shah,1,53300.0,15,45305.0,-1948.08,UPI,Returned,Returned
ORD00566,2025-06-02,Ishita Desai,Female,39,Kochi,Kerala,South,Sofa,Furniture,Living Room,Vivaan Desai,3,45500.0,0,136500.0,23774.58,UPI,Completed,Delivered
ORD00567,2025-02-25,Aarav Kapoor,Female,34,Nagpur,Maharashtra,West,Smartwatch,Accessories,Wearables,Vivaan Desai,5,11200.0,10,50400.0,7417.7,Net Banking,Completed,Delivered
ORD00568,2025-07-21,Ishita Joshi,Female,39,Kolkata,West Bengal,East,Jacket,Fashion,Clothing,Aarav Shah,4,4100.0,20,13120.0,2159.84,Credit Card,Completed,Delayed
ORD00569,2025-04-04,Rohan Singh,Male,31,Ahmedabad,Gujarat,West,Refrigerator,Appliances,Kitchen Appliances,Aarav Shah,2,35200.0,10,63360.0,-3621.0,Credit Card,Returned,Returned
ORD00570,2025-06-04,Arjun Singh,Female,54,Patna,Bihar,East,Office Chair,Furniture,Office,Ishita Shah,1,11300.0,0,11300.0,1767.51,Debit Card,Completed,In Transit
ORD00571,2025-08-15,Ishita Kapoor,Female,18,Kochi,Kerala,South,Sofa,Furniture,Living Room,Anaya Joshi,1,35400.0,10,31860.0,2859.16,UPI,Completed,Delivered
ORD00572,2025-11-10,Diya Shah,Female,41,Nagpur,Maharashtra,West,Office Chair,Furniture,Office,Kabir Joshi,4,11800.0,15,40120.0,6271.26,Net Banking,Completed,Delivered
ORD00573,2025-05-18,Anaya Joshi,Female,24,Udaipur,Rajasthan,North,Dining Table,Furniture,Dining,Diya Patel,4,41100.0,5,156180.0,17851.0,Credit Card,Completed,In Transit
ORD00574,2025-03-06,Vivaan Mehta,Female,18,Udaipur,Rajasthan,North,Smartphone,Electronics,Mobiles,Rohan Mehta,4,34200.0,5,129960.0,-4665.84,UPI,Returned,Returned
ORD00575,2025-10-19,Meera Kapoor,Male,28,Patna,Bihar,East,Television,Electronics,Home Entertainment,Meera Mehta,4,73400.0,5,278920.0,-15374.9,Cash,Returned,Returned
ORD00576,2025-06-12,Aarav Mehta,Male,46,Chennai,Tamil Nadu,South,Jacket,Fashion,Clothing,Vivaan Desai,5,3400.0,10,15300.0,-1361.54,Credit Card,Returned,Returned
ORD00577,2025-10-15,Riya Kapoor,Female,49,Delhi,Delhi,North,Dining Table,Furniture,Dining,Riya Desai,4,41300.0,5,156940.0,23967.42,Debit Card,Completed,Delivered
ORD00578,2025-03-14,Aarav Shah,Female,36,Bengaluru,Karnataka,South,Smartphone,Electronics,Mobiles,Anaya Joshi,1,42300.0,15,35955.0,2859.75,UPI,Completed,Delivered
ORD00579,2025-02-17,Ishita Mehta,Female,24,Chennai,Tamil Nadu,South,Television,Electronics,Home Entertainment,Vivaan Desai,1,40100.0,15,34085.0,2282.29,Credit Card,Completed,Delivered
ORD00580,2025-10-13,Aarav Patel,Male,37,Chandigarh,Chandigarh,North,Refrigerator,Appliances,Kitchen Appliances,Diya Patel,3,61500.0,0,184500.0,28091.2,UPI,Completed,Delivered
ORD00581,2025-07-20,Aarav Patel,Female,52,Bengaluru,Karnataka,South,Television,Electronics,Home Entertainment,Kabir Joshi,5,61600.0,20,246400.0,40781.5,Cash,Completed,Delivered
ORD00582,2025-02-10,Ishita Verma,Male,24,Bengaluru,Karnataka,South,Laptop,Electronics,Computers,Meera Mehta,2,72200.0,0,144400.0,14876.99,UPI,Completed,Delivered
ORD00583,2025-06-18,Vivaan Singh,Female,46,Udaipur,Rajasthan,North,Washing Machine,Appliances,Laundry Appliances,Riya Desai,2,65000.0,5,123500.0,15778.9,Net Banking,Completed,Delivered
ORD00584,2025-08-18,Rohan Verma,Female,54,Mumbai,Maharashtra,West,T-Shirt,Fashion,Clothing,Diya Patel,2,1100.0,10,1980.0,262.73,Credit Card,Completed,Delivered
ORD00585,2025-02-03,Arjun Shah,Female,50,Delhi,Delhi,North,Watch,Accessories,Watches,Diya Patel,1,8000.0,10,7200.0,616.85,Credit Card,Completed,Delivered
ORD00586,2025-12-20,Aarav Shah,Male,31,Bengaluru,Karnataka,South,Smartwatch,Accessories,Wearables,Riya Desai,1,4200.0,15,3570.0,296.69,Credit Card,Completed,Delayed
ORD00587,2025-01-20,Aarav Mehta,Female,26,Bhopal,Madhya Pradesh,Central,T-Shirt,Fashion,Clothing,Diya Patel,1,1400.0,10,1260.0,92.43,UPI,Completed,Delivered
ORD00588,2025-08-30,Ishita Kapoor,Female,47,Mumbai,Maharashtra,West,Television,Electronics,Home Entertainment,Diya Patel,2,80900.0,15,137530.0,16179.31,Credit Card,Completed,Delayed
ORD00589,2025-01-08,Vivaan Joshi,Female,22,Indore,Madhya Pradesh,Central,Bed,Furniture,Bedroom,Diya Patel,1,31400.0,20,0.0,0.0,Credit Card,Cancelled,Cancelled
ORD00590,2025-07-20,Riya Kapoor,Female,48,Nagpur,Maharashtra,West,Office Chair,Furniture,Office,Riya Desai,5,8000.0,10,36000.0,2581.33,UPI,Completed,Delivered
ORD00591,2025-11-27,Ishita Singh,Female,47,Nagpur,Maharashtra,West,Jeans,Fashion,Clothing,Kabir Joshi,4,2100.0,20,6720.0,938.63,Net Banking,Completed,Delivered
ORD00592,2025-07-13,Kabir Patel,Female,26,Delhi,Delhi,North,Sunglasses,Accessories,Eyewear,Rohan Mehta,2,2200.0,5,0.0,0.0,Credit Card,Cancelled,Cancelled
ORD00593,2025-07-12,Vivaan Shah,Male,27,Surat,Gujarat,West,Microwave,Appliances,Kitchen Appliances,Arjun Patel,3,14800.0,5,42180.0,-4183.78,Credit Card,Returned,Returned
ORD00594,2025-10-12,Kabir Mehta,Female,37,Bengaluru,Karnataka,South,T-Shirt,Fashion,Clothing,Diya Patel,3,2400.0,0,7200.0,499.84,Credit Card,Completed,Delivered
ORD00595,2025-08-08,Rohan Verma,Female,48,Jaipur,Rajasthan,North,Dining Table,Furniture,Dining,Rohan Mehta,2,25800.0,10,0.0,0.0,UPI,Cancelled,Cancelled
ORD00596,2025-05-19,Vivaan Verma,Female,52,Bhopal,Madhya Pradesh,Central,Television,Electronics,Home Entertainment,Vivaan Desai,1,77100.0,10,69390.0,-4680.1,UPI,Returned,Returned
ORD00597,2025-12-06,Vivaan Joshi,Female,21,Mysuru,Karnataka,South,Smartwatch,Accessories,Wearables,Kabir Joshi,4,16600.0,10,59760.0,-6818.44,Credit Card,Returned,Returned
ORD00598,2025-03-18,Aarav Desai,Female,45,Udaipur,Rajasthan,North,Running Shoes,Fashion,Footwear,Vivaan Desai,2,3300.0,0,6600.0,466.36,Credit Card,Completed,Delivered
ORD00599,2025-08-12,Diya Shah,Male,25,Chennai,Tamil Nadu,South,Sofa,Furniture,Living Room,Anaya Joshi,1,44600.0,0,44600.0,6655.58,UPI,Completed,Delivered
ORD00600,2025-04-02,Diya Singh,Female,40,Hyderabad,Telangana,South,Smartwatch,Accessories,Wearables,Aarav Shah,3,13000.0,15,33150.0,3850.78,Cash,Completed,Delivered
ORD00601,2025-03-16,Ishita Joshi,Male,48,Lucknow,Uttar Pradesh,North,Air Conditioner,Appliances,Cooling,Kabir Joshi,4,33800.0,10,121680.0,-8177.0,Credit Card,Returned,Returned
ORD00602,2025-12-11,Arjun Desai,Female,33,Chandigarh,Chandigarh,North,Smartphone,Electronics,Mobiles,Ishita Shah,4,50200.0,10,180720.0,28830.17,UPI,Completed,Delivered
ORD00603,2025-03-08,Kabir Patel,Female,56,Patna,Bihar,East,T-Shirt,Fashion,Clothing,Aarav Shah,1,1000.0,0,1000.0,-110.67,UPI,Returned,Returned
ORD00604,2025-12-23,Rohan Singh,Male,29,Mysuru,Karnataka,South,Backpack,Fashion,Bags,Anaya Joshi,5,3600.0,10,0.0,0.0,UPI,Cancelled,Cancelled
ORD00605,2025-11-03,Kabir Desai,Female,34,Udaipur,Rajasthan,North,Sofa,Furniture,Living Room,Ishita Shah,2,25500.0,10,0.0,0.0,Debit Card,Cancelled,Cancelled
ORD00606,2025-08-31,Meera Joshi,Female,58,Kochi,Kerala,South,Sunglasses,Accessories,Eyewear,Riya Desai,1,5100.0,10,4590.0,666.7,UPI,Completed,Delivered
ORD00607,2025-12-06,Vivaan Singh,Male,29,Udaipur,Rajasthan,North,Running Shoes,Fashion,Footwear,Vivaan Desai,4,6200.0,20,19840.0,-1396.28,Credit Card,Returned,Returned
ORD00608,2025-11-24,Kabir Mehta,Male,22,Udaipur,Rajasthan,North,Watch,Accessories,Watches,Kabir Joshi,1,10800.0,15,9180.0,-444.93,Net Banking,Returned,Returned
ORD00609,2025-06-21,Riya Singh,Female,31,Udaipur,Rajasthan,North,Watch,Accessories,Watches,Meera Mehta,1,7600.0,10,6840.0,1151.9,Credit Card,Completed,Delayed
ORD00610,2025-04-03,Vivaan Patel,Male,21,Lucknow,Uttar Pradesh,North,Sunglasses,Accessories,Eyewear,Aarav Shah,2,2200.0,20,3520.0,182.14,Credit Card,Completed,Delivered
ORD00611,2025-09-23,Ishita Singh,Male,44,Bhopal,Madhya Pradesh,Central,Air Conditioner,Appliances,Cooling,Kabir Joshi,4,51600.0,10,185760.0,10083.65,Net Banking,Completed,Delivered
ORD00612,2025-10-21,Diya Singh,Male,23,Ahmedabad,Gujarat,West,Backpack,Fashion,Bags,Meera Mehta,4,1900.0,10,0.0,0.0,UPI,Cancelled,Cancelled
ORD00613,2025-06-07,Arjun Joshi,Male,20,Kolkata,West Bengal,East,Bed,Furniture,Bedroom,Diya Patel,2,21200.0,5,40280.0,5491.5,Debit Card,Completed,Delivered
ORD00614,2025-08-06,Meera Joshi,Female,50,Patna,Bihar,East,Refrigerator,Appliances,Kitchen Appliances,Ishita Shah,4,64600.0,0,258400.0,36468.37,UPI,Completed,Delivered
ORD00615,2025-03-27,Arjun Verma,Female,60,Kochi,Kerala,South,Office Chair,Furniture,Office,Kabir Joshi,2,8000.0,10,14400.0,-1115.18,UPI,Returned,Returned
ORD00616,2025-06-12,Anaya Patel,Male,49,Delhi,Delhi,North,Sofa,Furniture,Living Room,Ishita Shah,5,57600.0,15,0.0,0.0,Credit Card,Cancelled,Cancelled
ORD00617,2025-09-28,Rohan Mehta,Female,26,Ahmedabad,Gujarat,West,Smartwatch,Accessories,Wearables,Vivaan Desai,3,4100.0,25,9225.0,-957.94,Debit Card,Returned,Returned
ORD00618,2025-09-10,Riya Verma,Male,60,Nagpur,Maharashtra,West,Watch,Accessories,Watches,Rohan Mehta,4,8200.0,10,29520.0,3871.4,Credit Card,Completed,Delivered
ORD00619,2025-11-19,Anaya Patel,Male,19,Chandigarh,Chandigarh,North,Running Shoes,Fashion,Footwear,Kabir Joshi,4,5100.0,10,18360.0,2114.84,UPI,Completed,Delivered
ORD00620,2025-10-24,Arjun Joshi,Male,32,Nagpur,Maharashtra,West,Microwave,Appliances,Kitchen Appliances,Meera Mehta,3,9000.0,15,22950.0,1673.82,UPI,Completed,In Transit
ORD00621,2025-07-18,Arjun Singh,Male,48,Chandigarh,Chandigarh,North,T-Shirt,Fashion,Clothing,Anaya Joshi,2,2200.0,0,4400.0,754.24,Cash,Completed,Delivered
ORD00622,2025-11-23,Aarav Joshi,Male,32,Surat,Gujarat,West,Jacket,Fashion,Clothing,Riya Desai,5,5000.0,5,23750.0,1507.1,Net Banking,Completed,Delivered
ORD00623,2025-07-06,Riya Shah,Male,45,Udaipur,Rajasthan,North,Dining Table,Furniture,Dining,Kabir Joshi,4,36500.0,10,131400.0,6729.04,Debit Card,Completed,Delivered
ORD00624,2025-04-01,Ishita Kapoor,Male,32,Kolkata,West Bengal,East,T-Shirt,Fashion,Clothing,Riya Desai,2,2100.0,20,3360.0,400.35,UPI,Completed,Delivered
ORD00625,2025-08-06,Meera Singh,Female,38,Mumbai,Maharashtra,West,Laptop,Electronics,Computers,Kabir Joshi,3,55600.0,20,133440.0,13523.19,UPI,Completed,Delivered
ORD00626,2025-05-08,Diya Joshi,Male,22,Nagpur,Maharashtra,West,Laptop,Electronics,Computers,Riya Desai,5,58100.0,15,0.0,0.0,Net Banking,Cancelled,Cancelled
ORD00627,2025-08-27,Aarav Shah,Male,55,Surat,Gujarat,West,Air Conditioner,Appliances,Cooling,Kabir Joshi,2,51500.0,20,82400.0,-5672.63,UPI,Returned,Returned
ORD00628,2025-03-30,Vivaan Verma,Male,42,Ahmedabad,Gujarat,West,Refrigerator,Appliances,Kitchen Appliances,Aarav Shah,1,48700.0,10,43830.0,7595.53,UPI,Completed,In Transit
ORD00629,2025-09-30,Anaya Desai,Male,29,Bengaluru,Karnataka,South,Headphones,Electronics,Accessories,Anaya Joshi,1,5600.0,10,5040.0,670.93,UPI,Completed,Delivered
ORD00630,2025-08-18,Arjun Joshi,Female,33,Mysuru,Karnataka,South,Watch,Accessories,Watches,Diya Patel,4,6900.0,5,26220.0,3105.95,Credit Card,Completed,Delivered
ORD00631,2025-03-02,Ishita Patel,Female,48,Udaipur,Rajasthan,North,Bed,Furniture,Bedroom,Kabir Joshi,1,41200.0,10,37080.0,-3826.9,UPI,Returned,Returned
ORD00632,2025-11-06,Anaya Joshi,Male,34,Vadodara,Gujarat,West,Jeans,Fashion,Clothing,Rohan Mehta,5,2100.0,0,10500.0,791.25,Credit Card,Completed,Delayed
ORD00633,2025-08-16,Riya Shah,Male,34,Mysuru,Karnataka,South,Jacket,Fashion,Clothing,Riya Desai,3,5300.0,15,13515.0,1547.72,UPI,Completed,Delivered
ORD00634,2025-07-08,Kabir Desai,Female,33,Ahmedabad,Gujarat,West,Bed,Furniture,Bedroom,Diya Patel,4,30700.0,5,116660.0,-5118.26,Credit Card,Returned,Returned
ORD00635,2025-02-23,Arjun Shah,Female,39,Jaipur,Rajasthan,North,Office Chair,Furniture,Office,Diya Patel,2,8200.0,5,15580.0,1513.75,Cash,Completed,Delivered
ORD00636,2025-10-02,Vivaan Mehta,Male,43,Surat,Gujarat,West,Watch,Accessories,Watches,Ishita Shah,2,5900.0,0,11800.0,1029.12,Debit Card,Completed,Delivered
ORD00637,2025-06-13,Anaya Mehta,Male,41,Udaipur,Rajasthan,North,Watch,Accessories,Watches,Arjun Patel,1,10800.0,10,9720.0,-732.87,UPI,Returned,Returned
ORD00638,2025-06-20,Anaya Patel,Female,20,Delhi,Delhi,North,Television,Electronics,Home Entertainment,Aarav Shah,5,41500.0,15,0.0,0.0,UPI,Cancelled,Cancelled
ORD00639,2025-03-15,Aarav Joshi,Male,59,Bengaluru,Karnataka,South,Microwave,Appliances,Kitchen Appliances,Meera Mehta,5,10400.0,15,44200.0,4905.89,Debit Card,Completed,Delivered
ORD00640,2025-04-10,Kabir Shah,Male,46,Ahmedabad,Gujarat,West,Headphones,Electronics,Accessories,Riya Desai,5,4000.0,15,17000.0,2831.81,Debit Card,Completed,Delivered
ORD00641,2025-08-17,Anaya Desai,Male,48,Bhopal,Madhya Pradesh,Central,Jeans,Fashion,Clothing,Vivaan Desai,2,3700.0,10,6660.0,1062.33,Net Banking,Completed,Delivered
ORD00642,2025-06-23,Ishita Mehta,Male,39,Vadodara,Gujarat,West,Washing Machine,Appliances,Laundry Appliances,Aarav Shah,3,59000.0,25,132750.0,23614.25,Net Banking,Completed,Delayed
ORD00643,2025-06-08,Vivaan Kapoor,Female,48,Kolkata,West Bengal,East,Bed,Furniture,Bedroom,Kabir Joshi,1,30400.0,15,25840.0,3355.12,Credit Card,Completed,Delivered
ORD00644,2025-02-21,Rohan Mehta,Female,45,Ahmedabad,Gujarat,West,Running Shoes,Fashion,Footwear,Rohan Mehta,4,5200.0,0,0.0,0.0,Credit Card,Cancelled,Cancelled
ORD00645,2025-07-08,Ishita Desai,Male,47,Chennai,Tamil Nadu,South,Laptop,Electronics,Computers,Diya Patel,2,61800.0,25,92700.0,15285.22,UPI,Completed,Delayed
ORD00646,2025-10-21,Kabir Desai,Female,43,Delhi,Delhi,North,Laptop,Electronics,Computers,Aarav Shah,5,79700.0,20,318800.0,36925.19,Credit Card,Completed,Delayed
ORD00647,2025-01-12,Anaya Patel,Male,59,Ahmedabad,Gujarat,West,Laptop,Electronics,Computers,Kabir Joshi,4,54000.0,10,194400.0,25122.47,UPI,Completed,In Transit
ORD00648,2025-08-30,Diya Shah,Female,26,Chandigarh,Chandigarh,North,Sofa,Furniture,Living Room,Diya Patel,2,45800.0,15,77860.0,-7867.3,UPI,Returned,Returned
ORD00649,2025-03-13,Arjun Verma,Female,54,Chandigarh,Chandigarh,North,T-Shirt,Fashion,Clothing,Kabir Joshi,3,1400.0,10,0.0,0.0,UPI,Cancelled,Cancelled
ORD00650,2025-07-15,Kabir Kapoor,Female,37,Ahmedabad,Gujarat,West,Smartphone,Electronics,Mobiles,Rohan Mehta,3,43300.0,25,97425.0,17046.79,UPI,Completed,Delivered
ORD00651,2025-04-20,Riya Verma,Male,54,Kochi,Kerala,South,Television,Electronics,Home Entertainment,Arjun Patel,1,66000.0,10,59400.0,7159.77,Debit Card,Completed,Delivered
ORD00652,2025-03-21,Aarav Patel,Female,21,Hyderabad,Telangana,South,Office Chair,Furniture,Office,Anaya Joshi,1,15500.0,0,15500.0,2692.06,Debit Card,Completed,Delivered
ORD00653,2025-07-23,Aarav Shah,Female,58,Chandigarh,Chandigarh,North,Sofa,Furniture,Living Room,Arjun Patel,1,21600.0,10,19440.0,1939.76,UPI,Completed,Delivered
ORD00654,2025-01-25,Meera Mehta,Female,22,Indore,Madhya Pradesh,Central,Watch,Accessories,Watches,Arjun Patel,1,3100.0,25,0.0,0.0,Debit Card,Cancelled,Cancelled
ORD00655,2025-09-29,Kabir Singh,Male,33,Kochi,Kerala,South,Watch,Accessories,Watches,Ishita Shah,5,5700.0,20,0.0,0.0,Cash,Cancelled,Cancelled
ORD00656,2025-05-24,Anaya Desai,Female,34,Kolkata,West Bengal,East,Office Chair,Furniture,Office,Vivaan Desai,5,6500.0,20,26000.0,-1886.54,Net Banking,Returned,Returned
ORD00657,2025-07-29,Kabir Shah,Female,46,Chennai,Tamil Nadu,South,Microwave,Appliances,Kitchen Appliances,Arjun Patel,5,8700.0,15,36975.0,4316.7,Credit Card,Completed,Delivered
ORD00658,2025-02-23,Arjun Mehta,Female,42,Chennai,Tamil Nadu,South,Backpack,Fashion,Bags,Kabir Joshi,2,4100.0,15,6970.0,388.23,Credit Card,Completed,Delivered
ORD00659,2025-07-12,Meera Mehta,Male,29,Pune,Maharashtra,West,Backpack,Fashion,Bags,Anaya Joshi,4,2600.0,15,8840.0,611.45,UPI,Completed,Delivered
ORD00660,2025-09-23,Vivaan Patel,Female,54,Udaipur,Rajasthan,North,Air Conditioner,Appliances,Cooling,Meera Mehta,5,45000.0,5,213750.0,-11749.5,Credit Card,Returned,Returned
ORD00661,2025-12-15,Meera Mehta,Female,56,Mumbai,Maharashtra,West,Dining Table,Furniture,Dining,Diya Patel,1,53500.0,0,53500.0,3874.36,Debit Card,Completed,Delivered
ORD00662,2025-08-23,Aarav Shah,Male,43,Bhopal,Madhya Pradesh,Central,Washing Machine,Appliances,Laundry Appliances,Anaya Joshi,1,44800.0,15,38080.0,6272.58,UPI,Completed,Delivered
ORD00663,2025-12-05,Arjun Joshi,Male,21,Chennai,Tamil Nadu,South,Laptop,Electronics,Computers,Rohan Mehta,5,75000.0,15,318750.0,-29495.37,UPI,Returned,Returned
ORD00664,2025-03-11,Arjun Mehta,Female,19,Udaipur,Rajasthan,North,Running Shoes,Fashion,Footwear,Rohan Mehta,4,3000.0,10,0.0,0.0,Credit Card,Cancelled,Cancelled
ORD00665,2025-11-20,Meera Kapoor,Male,25,Chandigarh,Chandigarh,North,Laptop,Electronics,Computers,Kabir Joshi,5,82100.0,0,410500.0,58282.63,Cash,Completed,Delivered
ORD00666,2025-08-11,Vivaan Verma,Female,49,Indore,Madhya Pradesh,Central,Washing Machine,Appliances,Laundry Appliances,Diya Patel,5,61000.0,5,289750.0,36328.41,Credit Card,Completed,Delivered
ORD00667,2025-06-19,Ishita Shah,Male,39,Patna,Bihar,East,Bed,Furniture,Bedroom,Kabir Joshi,5,26500.0,15,112625.0,12158.01,Net Banking,Completed,In Transit
ORD00668,2025-07-07,Arjun Mehta,Male,24,Nagpur,Maharashtra,West,Watch,Accessories,Watches,Aarav Shah,4,1700.0,0,0.0,0.0,Credit Card,Cancelled,Cancelled
ORD00669,2025-07-21,Riya Mehta,Male,54,Chandigarh,Chandigarh,North,Running Shoes,Fashion,Footwear,Arjun Patel,5,6200.0,5,0.0,0.0,Debit Card,Cancelled,Cancelled
ORD00670,2025-05-31,Arjun Kapoor,Male,39,Chennai,Tamil Nadu,South,Running Shoes,Fashion,Footwear,Vivaan Desai,2,4000.0,0,8000.0,1063.99,Credit Card,Completed,Delivered
ORD00671,2025-12-30,Arjun Shah,Male,50,Chandigarh,Chandigarh,North,Laptop,Electronics,Computers,Meera Mehta,4,69100.0,20,221120.0,11076.61,Credit Card,Completed,Delayed
ORD00672,2025-08-19,Rohan Patel,Male,35,Bengaluru,Karnataka,South,Running Shoes,Fashion,Footwear,Aarav Shah,4,3600.0,25,10800.0,1739.81,Credit Card,Completed,Delivered
ORD00673,2025-09-02,Riya Kapoor,Male,47,Pune,Maharashtra,West,Smartphone,Electronics,Mobiles,Rohan Mehta,1,46600.0,0,46600.0,4638.99,UPI,Completed,Delivered
ORD00674,2025-08-17,Aarav Mehta,Female,34,Hyderabad,Telangana,South,Television,Electronics,Home Entertainment,Kabir Joshi,1,51300.0,5,48735.0,2663.35,Credit Card,Completed,Delivered
ORD00675,2025-10-25,Anaya Shah,Male,24,Chennai,Tamil Nadu,South,Headphones,Electronics,Accessories,Meera Mehta,3,4300.0,15,10965.0,1783.3,Credit Card,Completed,Delivered
ORD00676,2025-07-03,Riya Desai,Female,23,Pune,Maharashtra,West,Smartphone,Electronics,Mobiles,Riya Desai,2,33800.0,5,64220.0,10573.66,Credit Card,Completed,Delivered
ORD00677,2025-01-04,Diya Verma,Male,23,Mumbai,Maharashtra,West,Sofa,Furniture,Living Room,Ishita Shah,2,61200.0,0,122400.0,11351.46,Debit Card,Completed,Delivered
ORD00678,2025-09-04,Aarav Shah,Male,52,Bhopal,Madhya Pradesh,Central,Headphones,Electronics,Accessories,Arjun Patel,5,6800.0,5,32300.0,5582.92,Debit Card,Completed,Delivered
ORD00679,2025-12-15,Aarav Mehta,Female,33,Udaipur,Rajasthan,North,Bed,Furniture,Bedroom,Kabir Joshi,5,54500.0,10,245250.0,37184.64,Cash,Completed,Delivered
ORD00680,2025-01-26,Kabir Desai,Male,60,Lucknow,Uttar Pradesh,North,Jacket,Fashion,Clothing,Anaya Joshi,3,5900.0,15,15045.0,2081.69,UPI,Completed,Delivered
ORD00681,2025-05-22,Meera Shah,Female,22,Delhi,Delhi,North,Bed,Furniture,Bedroom,Arjun Patel,4,27200.0,5,103360.0,16634.25,Credit Card,Completed,In Transit
ORD00682,2025-10-07,Ishita Singh,Male,27,Lucknow,Uttar Pradesh,North,Washing Machine,Appliances,Laundry Appliances,Ishita Shah,1,23700.0,10,0.0,0.0,Net Banking,Cancelled,Cancelled
ORD00683,2025-05-27,Diya Joshi,Male,43,Bhopal,Madhya Pradesh,Central,Backpack,Fashion,Bags,Meera Mehta,1,4100.0,25,3075.0,445.12,Cash,Completed,Delayed
ORD00684,2025-11-20,Meera Joshi,Female,46,Nagpur,Maharashtra,West,Jacket,Fashion,Clothing,Vivaan Desai,2,7300.0,25,10950.0,602.44,UPI,Completed,In Transit
ORD00685,2025-11-25,Aarav Shah,Male,58,Chandigarh,Chandigarh,North,Refrigerator,Appliances,Kitchen Appliances,Riya Desai,3,26500.0,5,75525.0,12670.11,UPI,Completed,Delivered
ORD00686,2025-10-12,Ishita Verma,Male,58,Pune,Maharashtra,West,Headphones,Electronics,Accessories,Ishita Shah,3,4100.0,5,11685.0,1075.01,Net Banking,Completed,In Transit
ORD00687,2025-06-07,Anaya Shah,Female,59,Mysuru,Karnataka,South,Smartphone,Electronics,Mobiles,Aarav Shah,2,18200.0,5,34580.0,3775.88,Net Banking,Completed,Delayed
ORD00688,2025-08-16,Aarav Desai,Male,25,Patna,Bihar,East,Jacket,Fashion,Clothing,Diya Patel,4,3400.0,15,11560.0,662.88,Cash,Completed,Delivered
ORD00689,2025-06-11,Rohan Kapoor,Male,37,Bengaluru,Karnataka,South,Bed,Furniture,Bedroom,Meera Mehta,5,21900.0,5,104025.0,13168.56,Cash,Completed,Delivered
ORD00690,2025-01-10,Diya Verma,Male,29,Mysuru,Karnataka,South,Bed,Furniture,Bedroom,Arjun Patel,2,30200.0,15,51340.0,7868.88,Net Banking,Completed,Delivered
ORD00691,2025-03-24,Ishita Shah,Male,49,Kochi,Kerala,South,T-Shirt,Fashion,Clothing,Aarav Shah,3,1400.0,0,4200.0,467.5,Credit Card,Completed,Delivered
ORD00692,2025-04-15,Vivaan Desai,Female,24,Jaipur,Rajasthan,North,Television,Electronics,Home Entertainment,Aarav Shah,5,56200.0,10,252900.0,21098.29,Cash,Completed,Delayed
ORD00693,2025-07-05,Arjun Shah,Female,32,Patna,Bihar,East,Smartphone,Electronics,Mobiles,Riya Desai,3,34000.0,15,0.0,0.0,Credit Card,Cancelled,Cancelled
ORD00694,2025-03-09,Riya Verma,Female,39,Bhopal,Madhya Pradesh,Central,Sofa,Furniture,Living Room,Anaya Joshi,2,20800.0,15,35360.0,6137.75,Credit Card,Completed,Delivered
ORD00695,2025-11-28,Riya Patel,Female,42,Nagpur,Maharashtra,West,Office Chair,Furniture,Office,Meera Mehta,5,16800.0,10,75600.0,8111.74,Net Banking,Completed,Delivered
ORD00696,2025-02-11,Ishita Mehta,Male,39,Delhi,Delhi,North,Dining Table,Furniture,Dining,Anaya Joshi,3,30400.0,5,86640.0,13009.3,UPI,Completed,Delivered
ORD00697,2025-11-20,Arjun Shah,Male,49,Delhi,Delhi,North,Sofa,Furniture,Living Room,Riya Desai,4,60500.0,10,217800.0,38902.19,Cash,Completed,Delivered
ORD00698,2025-12-08,Vivaan Joshi,Male,21,Mumbai,Maharashtra,West,Sunglasses,Accessories,Eyewear,Kabir Joshi,2,5600.0,10,0.0,0.0,Debit Card,Cancelled,Cancelled
ORD00699,2025-07-10,Riya Kapoor,Male,42,Bengaluru,Karnataka,South,Jacket,Fashion,Clothing,Rohan Mehta,2,4400.0,10,7920.0,781.01,Debit Card,Completed,Delayed
ORD00700,2025-09-29,Ishita Mehta,Male,36,Mumbai,Maharashtra,West,Microwave,Appliances,Kitchen Appliances,Diya Patel,3,24000.0,15,61200.0,7034.41,Credit Card,Completed,In Transit
ORD00701,2025-01-28,Aarav Joshi,Female,43,Bhopal,Madhya Pradesh,Central,Sofa,Furniture,Living Room,Meera Mehta,1,35700.0,10,32130.0,2058.31,UPI,Completed,Delayed
ORD00702,2025-11-08,Rohan Desai,Female,50,Nagpur,Maharashtra,West,Laptop,Electronics,Computers,Meera Mehta,1,74200.0,0,74200.0,12085.59,UPI,Completed,Delivered
ORD00703,2025-08-04,Meera Desai,Female,28,Bengaluru,Karnataka,South,Washing Machine,Appliances,Laundry Appliances,Ishita Shah,1,50700.0,5,48165.0,4773.81,UPI,Completed,Delivered
ORD00704,2025-08-05,Aarav Singh,Female,56,Ahmedabad,Gujarat,West,Watch,Accessories,Watches,Riya Desai,5,6600.0,15,28050.0,-1940.24,Cash,Returned,Returned
ORD00705,2025-11-13,Vivaan Patel,Female,51,Delhi,Delhi,North,Jacket,Fashion,Clothing,Arjun Patel,5,7400.0,15,31450.0,2006.39,UPI,Completed,Delivered
ORD00706,2025-12-10,Anaya Singh,Male,24,Lucknow,Uttar Pradesh,North,Laptop,Electronics,Computers,Kabir Joshi,2,67100.0,10,120780.0,17994.97,UPI,Completed,Delivered
ORD00707,2025-10-20,Vivaan Mehta,Male,54,Pune,Maharashtra,West,Television,Electronics,Home Entertainment,Rohan Mehta,2,25300.0,10,45540.0,4714.63,Net Banking,Completed,Delivered
ORD00708,2025-01-08,Arjun Shah,Female,48,Patna,Bihar,East,Watch,Accessories,Watches,Riya Desai,2,9900.0,10,17820.0,1130.49,Net Banking,Completed,Delivered
ORD00709,2025-07-21,Arjun Desai,Male,26,Hyderabad,Telangana,South,Sunglasses,Accessories,Eyewear,Anaya Joshi,2,4800.0,10,8640.0,1213.78,Debit Card,Completed,Delivered
ORD00710,2025-05-19,Ishita Patel,Male,29,Chandigarh,Chandigarh,North,Backpack,Fashion,Bags,Riya Desai,1,3100.0,5,2945.0,156.87,Debit Card,Completed,Delivered
ORD00711,2025-09-09,Vivaan Desai,Female,52,Hyderabad,Telangana,South,Dining Table,Furniture,Dining,Meera Mehta,4,41800.0,0,0.0,0.0,Debit Card,Cancelled,Cancelled
ORD00712,2025-05-30,Aarav Joshi,Female,36,Kochi,Kerala,South,Sofa,Furniture,Living Room,Rohan Mehta,5,58400.0,5,277400.0,-13686.06,Credit Card,Returned,Returned
ORD00713,2025-02-27,Kabir Mehta,Female,44,Bengaluru,Karnataka,South,Watch,Accessories,Watches,Anaya Joshi,2,1900.0,10,3420.0,584.42,UPI,Completed,Delivered
ORD00714,2025-09-02,Ishita Desai,Male,59,Jaipur,Rajasthan,North,Sofa,Furniture,Living Room,Diya Patel,5,18600.0,15,79050.0,9693.18,Credit Card,Completed,Delayed
ORD00715,2025-01-31,Arjun Patel,Female,23,Mumbai,Maharashtra,West,Microwave,Appliances,Kitchen Appliances,Meera Mehta,3,13000.0,10,35100.0,5503.86,Credit Card,Completed,Delivered
ORD00716,2025-06-06,Kabir Desai,Female,42,Hyderabad,Telangana,South,Jeans,Fashion,Clothing,Kabir Joshi,3,4400.0,10,11880.0,898.73,Cash,Completed,Delivered
ORD00717,2025-03-12,Aarav Kapoor,Female,18,Indore,Madhya Pradesh,Central,Smartwatch,Accessories,Wearables,Anaya Joshi,5,10500.0,15,44625.0,-5225.93,Debit Card,Returned,Returned
ORD00718,2025-01-18,Meera Mehta,Male,41,Lucknow,Uttar Pradesh,North,Watch,Accessories,Watches,Rohan Mehta,3,7800.0,5,22230.0,1767.04,UPI,Completed,Delivered
ORD00719,2025-03-24,Meera Mehta,Female,26,Bhopal,Madhya Pradesh,Central,Bed,Furniture,Bedroom,Anaya Joshi,4,28000.0,10,100800.0,17570.65,Credit Card,Completed,Delivered
ORD00720,2025-08-19,Riya Kapoor,Male,23,Indore,Madhya Pradesh,Central,Refrigerator,Appliances,Kitchen Appliances,Arjun Patel,5,38800.0,20,0.0,0.0,Credit Card,Cancelled,Cancelled
ORD00721,2025-09-09,Anaya Singh,Female,60,Kochi,Kerala,South,Bed,Furniture,Bedroom,Kabir Joshi,3,33500.0,25,75375.0,8199.58,UPI,Completed,Delivered
ORD00722,2025-06-09,Vivaan Desai,Female,18,Pune,Maharashtra,West,Smartwatch,Accessories,Wearables,Ishita Shah,4,6000.0,0,24000.0,3643.95,Credit Card,Completed,Delivered
ORD00723,2025-04-15,Vivaan Desai,Female,42,Jaipur,Rajasthan,North,Microwave,Appliances,Kitchen Appliances,Riya Desai,4,11400.0,10,41040.0,5622.62,UPI,Completed,Delivered
ORD00724,2025-02-25,Kabir Verma,Male,52,Kolkata,West Bengal,East,Laptop,Electronics,Computers,Meera Mehta,1,76400.0,15,64940.0,9112.82,Net Banking,Completed,Delivered
ORD00725,2025-06-04,Vivaan Singh,Male,33,Jaipur,Rajasthan,North,Running Shoes,Fashion,Footwear,Rohan Mehta,1,4400.0,15,0.0,0.0,UPI,Cancelled,Cancelled
ORD00726,2025-10-30,Aarav Patel,Male,39,Ahmedabad,Gujarat,West,Bed,Furniture,Bedroom,Kabir Joshi,2,14700.0,0,29400.0,4164.17,Credit Card,Completed,Delivered
ORD00727,2025-03-17,Kabir Kapoor,Female,57,Mumbai,Maharashtra,West,Running Shoes,Fashion,Footwear,Aarav Shah,3,5700.0,0,0.0,0.0,Credit Card,Cancelled,Cancelled
ORD00728,2025-09-03,Ishita Verma,Male,23,Ahmedabad,Gujarat,West,Smartwatch,Accessories,Wearables,Aarav Shah,2,17900.0,10,32220.0,2935.04,Credit Card,Completed,Delivered
ORD00729,2025-12-04,Kabir Desai,Male,37,Bhopal,Madhya Pradesh,Central,Sunglasses,Accessories,Eyewear,Vivaan Desai,2,3500.0,20,0.0,0.0,UPI,Cancelled,Cancelled
ORD00730,2025-05-23,Meera Shah,Male,52,Hyderabad,Telangana,South,Refrigerator,Appliances,Kitchen Appliances,Aarav Shah,2,47800.0,15,81260.0,12317.09,Credit Card,Completed,Delivered
ORD00731,2025-10-13,Anaya Desai,Female,60,Pune,Maharashtra,West,Dining Table,Furniture,Dining,Meera Mehta,4,17900.0,20,57280.0,8330.47,Credit Card,Completed,Delivered
ORD00732,2025-09-28,Aarav Desai,Female,59,Nagpur,Maharashtra,West,Jacket,Fashion,Clothing,Riya Desai,4,6800.0,20,0.0,0.0,Credit Card,Cancelled,Cancelled
ORD00733,2025-05-13,Anaya Desai,Male,58,Udaipur,Rajasthan,North,Smartwatch,Accessories,Wearables,Kabir Joshi,1,12700.0,20,10160.0,894.65,Credit Card,Completed,Delivered
ORD00734,2025-07-31,Diya Joshi,Female,43,Mumbai,Maharashtra,West,Smartphone,Electronics,Mobiles,Diya Patel,3,65000.0,5,0.0,0.0,Debit Card,Cancelled,Cancelled
ORD00735,2025-09-16,Rohan Mehta,Female,21,Udaipur,Rajasthan,North,Television,Electronics,Home Entertainment,Meera Mehta,1,77300.0,5,73435.0,10953.85,Net Banking,Completed,Delivered
ORD00736,2025-01-30,Riya Singh,Female,25,Chennai,Tamil Nadu,South,Office Chair,Furniture,Office,Kabir Joshi,5,4900.0,10,22050.0,2981.16,Credit Card,Completed,Delivered
ORD00737,2025-09-15,Vivaan Shah,Female,36,Lucknow,Uttar Pradesh,North,Sofa,Furniture,Living Room,Meera Mehta,1,23500.0,10,0.0,0.0,Net Banking,Cancelled,Cancelled
ORD00738,2025-02-03,Anaya Joshi,Female,46,Lucknow,Uttar Pradesh,North,Jeans,Fashion,Clothing,Kabir Joshi,5,1600.0,20,6400.0,738.12,Net Banking,Completed,In Transit
ORD00739,2025-05-08,Aarav Kapoor,Male,52,Delhi,Delhi,North,Microwave,Appliances,Kitchen Appliances,Rohan Mehta,3,15400.0,5,0.0,0.0,Net Banking,Cancelled,Cancelled
ORD00740,2025-04-08,Anaya Desai,Female,54,Lucknow,Uttar Pradesh,North,Office Chair,Furniture,Office,Arjun Patel,2,15600.0,10,0.0,0.0,Credit Card,Cancelled,Cancelled
ORD00741,2025-05-12,Kabir Desai,Female,43,Hyderabad,Telangana,South,Office Chair,Furniture,Office,Riya Desai,4,9800.0,5,37240.0,-1492.91,Net Banking,Returned,Returned
ORD00742,2025-09-28,Ishita Desai,Male,40,Vadodara,Gujarat,West,Sunglasses,Accessories,Eyewear,Diya Patel,3,900.0,10,2430.0,-195.12,Cash,Returned,Returned
ORD00743,2025-03-28,Rohan Desai,Female,30,Bengaluru,Karnataka,South,T-Shirt,Fashion,Clothing,Aarav Shah,4,1600.0,0,6400.0,814.16,UPI,Completed,Delivered
ORD00744,2025-03-31,Riya Kapoor,Male,24,Chandigarh,Chandigarh,North,Television,Electronics,Home Entertainment,Meera Mehta,5,64400.0,10,289800.0,39290.18,Credit Card,Completed,Delivered
ORD00745,2025-06-14,Ishita Joshi,Male,44,Vadodara,Gujarat,West,Backpack,Fashion,Bags,Ishita Shah,4,2100.0,15,7140.0,-366.66,UPI,Returned,Returned
ORD00746,2025-02-02,Rohan Patel,Female,45,Jaipur,Rajasthan,North,Refrigerator,Appliances,Kitchen Appliances,Vivaan Desai,2,48800.0,15,0.0,0.0,Net Banking,Cancelled,Cancelled
ORD00747,2025-09-01,Rohan Shah,Female,41,Mumbai,Maharashtra,West,Backpack,Fashion,Bags,Riya Desai,5,3400.0,15,14450.0,-1559.38,UPI,Returned,Returned
ORD00748,2025-01-08,Kabir Mehta,Male,38,Chennai,Tamil Nadu,South,Microwave,Appliances,Kitchen Appliances,Rohan Mehta,2,11500.0,10,20700.0,3677.77,Credit Card,Completed,Delivered
ORD00749,2025-12-05,Kabir Singh,Female,54,Lucknow,Uttar Pradesh,North,Smartphone,Electronics,Mobiles,Ishita Shah,5,39400.0,10,177300.0,26397.48,Debit Card,Completed,Delivered
ORD00750,2025-12-14,Vivaan Kapoor,Male,43,Bengaluru,Karnataka,South,Headphones,Electronics,Accessories,Ishita Shah,4,3700.0,15,12580.0,-934.3,UPI,Returned,Returned
ORD00751,2025-02-23,Arjun Mehta,Female,29,Pune,Maharashtra,West,Running Shoes,Fashion,Footwear,Arjun Patel,5,3700.0,5,0.0,0.0,Debit Card,Cancelled,Cancelled
ORD00752,2025-01-29,Vivaan Desai,Male,25,Indore,Madhya Pradesh,Central,Refrigerator,Appliances,Kitchen Appliances,Arjun Patel,1,36800.0,15,31280.0,4865.84,Credit Card,Completed,Delivered
ORD00753,2025-04-22,Anaya Joshi,Female,19,Vadodara,Gujarat,West,Headphones,Electronics,Accessories,Anaya Joshi,2,7300.0,0,14600.0,-1262.61,Credit Card,Returned,Returned
ORD00754,2025-01-14,Anaya Kapoor,Male,58,Ahmedabad,Gujarat,West,Sunglasses,Accessories,Eyewear,Meera Mehta,4,2300.0,10,8280.0,1008.35,UPI,Completed,Delivered
ORD00755,2025-06-09,Anaya Singh,Female,20,Indore,Madhya Pradesh,Central,Running Shoes,Fashion,Footwear,Arjun Patel,3,1700.0,15,4335.0,616.48,UPI,Completed,Delivered
ORD00756,2025-11-05,Ishita Verma,Female,29,Nagpur,Maharashtra,West,Jacket,Fashion,Clothing,Meera Mehta,2,4400.0,10,0.0,0.0,Debit Card,Cancelled,Cancelled
ORD00757,2025-05-05,Anaya Kapoor,Male,19,Kochi,Kerala,South,Running Shoes,Fashion,Footwear,Anaya Joshi,5,4700.0,20,18800.0,1801.03,Debit Card,Completed,Delivered
ORD00758,2025-09-22,Arjun Shah,Female,31,Chandigarh,Chandigarh,North,Dining Table,Furniture,Dining,Meera Mehta,2,54700.0,15,92990.0,15772.48,UPI,Completed,Delivered
ORD00759,2025-11-24,Vivaan Singh,Male,45,Chandigarh,Chandigarh,North,Jeans,Fashion,Clothing,Arjun Patel,1,2900.0,5,2755.0,446.12,Debit Card,Completed,Delivered
ORD00760,2025-12-28,Aarav Desai,Male,50,Chennai,Tamil Nadu,South,Bed,Furniture,Bedroom,Aarav Shah,2,12200.0,20,19520.0,1366.35,UPI,Completed,In Transit
ORD00761,2025-04-05,Anaya Kapoor,Female,49,Indore,Madhya Pradesh,Central,Bed,Furniture,Bedroom,Arjun Patel,2,12300.0,0,24600.0,2224.49,Credit Card,Completed,Delivered
ORD00762,2025-02-17,Anaya Joshi,Male,31,Udaipur,Rajasthan,North,Microwave,Appliances,Kitchen Appliances,Meera Mehta,1,8400.0,20,6720.0,474.14,UPI,Completed,Delivered
ORD00763,2025-04-05,Meera Kapoor,Male,42,Nagpur,Maharashtra,West,Watch,Accessories,Watches,Aarav Shah,2,4100.0,0,8200.0,-405.14,Debit Card,Returned,Returned
ORD00764,2025-05-14,Arjun Kapoor,Male,40,Hyderabad,Telangana,South,Jacket,Fashion,Clothing,Anaya Joshi,1,2000.0,10,1800.0,126.86,Debit Card,Completed,Delivered
ORD00765,2025-08-13,Meera Verma,Female,32,Nagpur,Maharashtra,West,Washing Machine,Appliances,Laundry Appliances,Anaya Joshi,2,48200.0,0,0.0,0.0,Credit Card,Cancelled,Cancelled
ORD00766,2025-11-14,Riya Joshi,Male,40,Vadodara,Gujarat,West,Jeans,Fashion,Clothing,Meera Mehta,5,4500.0,15,0.0,0.0,Debit Card,Cancelled,Cancelled
ORD00767,2025-12-09,Diya Patel,Female,32,Nagpur,Maharashtra,West,Refrigerator,Appliances,Kitchen Appliances,Kabir Joshi,5,39100.0,15,0.0,0.0,Debit Card,Cancelled,Cancelled
ORD00768,2025-04-10,Aarav Shah,Female,39,Bhopal,Madhya Pradesh,Central,Sofa,Furniture,Living Room,Arjun Patel,3,45200.0,15,115260.0,11666.28,Credit Card,Completed,Delivered
ORD00769,2025-04-06,Rohan Joshi,Female,34,Chennai,Tamil Nadu,South,Office Chair,Furniture,Office,Rohan Mehta,1,13100.0,15,11135.0,1442.51,UPI,Completed,Delivered
ORD00770,2025-06-29,Aarav Verma,Female,49,Chandigarh,Chandigarh,North,Television,Electronics,Home Entertainment,Vivaan Desai,4,44200.0,10,0.0,0.0,UPI,Cancelled,Cancelled
ORD00771,2025-06-10,Vivaan Singh,Female,31,Hyderabad,Telangana,South,Backpack,Fashion,Bags,Aarav Shah,1,4000.0,10,3600.0,368.28,UPI,Completed,Delivered
ORD00772,2025-05-18,Rohan Singh,Male,36,Ahmedabad,Gujarat,West,Laptop,Electronics,Computers,Rohan Mehta,5,48600.0,15,206550.0,-21308.43,UPI,Returned,Returned
ORD00773,2025-01-26,Arjun Patel,Female,36,Mumbai,Maharashtra,West,Smartwatch,Accessories,Wearables,Kabir Joshi,3,10500.0,10,28350.0,4395.26,UPI,Completed,Delivered
ORD00774,2025-08-12,Riya Shah,Female,25,Bengaluru,Karnataka,South,Running Shoes,Fashion,Footwear,Vivaan Desai,2,2100.0,20,0.0,0.0,Net Banking,Cancelled,Cancelled
ORD00775,2025-02-03,Anaya Patel,Female,27,Surat,Gujarat,West,Jacket,Fashion,Clothing,Arjun Patel,4,5900.0,10,0.0,0.0,UPI,Cancelled,Cancelled
ORD00776,2025-02-22,Rohan Singh,Female,45,Kolkata,West Bengal,East,Microwave,Appliances,Kitchen Appliances,Meera Mehta,1,13400.0,20,10720.0,-606.83,Credit Card,Returned,Returned
ORD00777,2025-11-16,Ishita Mehta,Female,24,Surat,Gujarat,West,Running Shoes,Fashion,Footwear,Diya Patel,4,1700.0,5,6460.0,546.58,Cash,Completed,Delivered
ORD00778,2025-07-12,Diya Mehta,Male,22,Lucknow,Uttar Pradesh,North,Laptop,Electronics,Computers,Kabir Joshi,1,73200.0,15,0.0,0.0,Credit Card,Cancelled,Cancelled
ORD00779,2025-06-01,Ishita Patel,Female,38,Pune,Maharashtra,West,Sunglasses,Accessories,Eyewear,Kabir Joshi,5,3100.0,0,0.0,0.0,Credit Card,Cancelled,Cancelled
ORD00780,2025-12-31,Meera Shah,Male,23,Mumbai,Maharashtra,West,Smartphone,Electronics,Mobiles,Vivaan Desai,4,20400.0,5,77520.0,-4773.91,Credit Card,Returned,Returned
ORD00781,2025-04-18,Meera Singh,Male,19,Kochi,Kerala,South,Bed,Furniture,Bedroom,Aarav Shah,3,14000.0,15,35700.0,-2363.05,Net Banking,Returned,Returned
ORD00782,2025-05-13,Aarav Joshi,Female,40,Ahmedabad,Gujarat,West,Washing Machine,Appliances,Laundry Appliances,Anaya Joshi,5,51800.0,10,233100.0,33164.21,UPI,Completed,Delayed
ORD00783,2025-03-10,Riya Patel,Female,38,Ahmedabad,Gujarat,West,Office Chair,Furniture,Office,Meera Mehta,2,10700.0,15,18190.0,2369.36,Debit Card,Completed,Delivered
ORD00784,2025-03-09,Anaya Shah,Male,28,Jaipur,Rajasthan,North,Sofa,Furniture,Living Room,Riya Desai,5,37500.0,10,168750.0,12503.7,UPI,Completed,Delivered
ORD00785,2025-02-11,Rohan Desai,Male,60,Bhopal,Madhya Pradesh,Central,Refrigerator,Appliances,Kitchen Appliances,Meera Mehta,2,70200.0,15,119340.0,11141.18,UPI,Completed,Delivered
ORD00786,2025-11-03,Riya Singh,Female,25,Mumbai,Maharashtra,West,Air Conditioner,Appliances,Cooling,Rohan Mehta,5,31500.0,15,133875.0,11460.9,Credit Card,Completed,Delivered
ORD00787,2025-11-29,Vivaan Shah,Male,42,Udaipur,Rajasthan,North,Backpack,Fashion,Bags,Anaya Joshi,2,2500.0,25,0.0,0.0,UPI,Cancelled,Cancelled
ORD00788,2025-12-17,Aarav Patel,Male,24,Patna,Bihar,East,Dining Table,Furniture,Dining,Anaya Joshi,4,32700.0,5,124260.0,14900.07,Credit Card,Completed,Delivered
ORD00789,2025-01-10,Ishita Desai,Male,50,Indore,Madhya Pradesh,Central,Jeans,Fashion,Clothing,Rohan Mehta,3,2700.0,5,7695.0,1071.94,Debit Card,Completed,In Transit
ORD00790,2025-07-15,Riya Mehta,Male,30,Mysuru,Karnataka,South,Jacket,Fashion,Clothing,Meera Mehta,3,7400.0,20,0.0,0.0,Cash,Cancelled,Cancelled
ORD00791,2025-03-25,Rohan Mehta,Female,40,Mysuru,Karnataka,South,Sunglasses,Accessories,Eyewear,Rohan Mehta,3,3200.0,20,7680.0,639.68,Debit Card,Completed,Delivered
ORD00792,2025-12-08,Diya Desai,Male,39,Mysuru,Karnataka,South,Microwave,Appliances,Kitchen Appliances,Vivaan Desai,4,8800.0,10,0.0,0.0,UPI,Cancelled,Cancelled
ORD00793,2025-07-31,Rohan Patel,Female,36,Kolkata,West Bengal,East,Refrigerator,Appliances,Kitchen Appliances,Kabir Joshi,5,50300.0,15,213775.0,28295.17,UPI,Completed,Delivered
ORD00794,2025-11-16,Vivaan Desai,Female,31,Patna,Bihar,East,T-Shirt,Fashion,Clothing,Diya Patel,3,1900.0,15,4845.0,270.44,UPI,Completed,Delivered
ORD00795,2025-12-23,Anaya Kapoor,Female,27,Pune,Maharashtra,West,Air Conditioner,Appliances,Cooling,Kabir Joshi,5,70500.0,25,264375.0,14033.85,Debit Card,Completed,Delivered
ORD00796,2025-10-04,Diya Shah,Female,32,Kolkata,West Bengal,East,Television,Electronics,Home Entertainment,Ishita Shah,4,55400.0,15,188360.0,21955.81,Net Banking,Completed,Delivered
ORD00797,2025-04-11,Meera Verma,Female,49,Nagpur,Maharashtra,West,Washing Machine,Appliances,Laundry Appliances,Riya Desai,3,62300.0,0,186900.0,28568.72,Credit Card,Completed,Delivered
ORD00798,2025-08-23,Meera Desai,Female,34,Bhopal,Madhya Pradesh,Central,Air Conditioner,Appliances,Cooling,Meera Mehta,3,43400.0,10,117180.0,14313.62,Debit Card,Completed,Delayed
ORD00799,2025-09-20,Ishita Mehta,Female,31,Patna,Bihar,East,Watch,Accessories,Watches,Ishita Shah,3,13400.0,10,36180.0,3983.67,Cash,Completed,Delivered
ORD00800,2025-03-11,Vivaan Kapoor,Female,60,Lucknow,Uttar Pradesh,North,T-Shirt,Fashion,Clothing,Anaya Joshi,1,1400.0,15,1190.0,116.59,Debit Card,Completed,Delivered
ORD00801,2025-08-06,Rohan Verma,Female,18,Udaipur,Rajasthan,North,Headphones,Electronics,Accessories,Riya Desai,2,2800.0,10,5040.0,464.72,UPI,Completed,Delivered
ORD00802,2025-03-01,Meera Joshi,Male,19,Udaipur,Rajasthan,North,Bed,Furniture,Bedroom,Vivaan Desai,2,45000.0,10,81000.0,9806.54,Cash,Completed,Delivered
ORD00803,2025-12-22,Diya Desai,Male,44,Indore,Madhya Pradesh,Central,Air Conditioner,Appliances,Cooling,Kabir Joshi,2,32500.0,20,52000.0,6413.5,Credit Card,Completed,Delivered
ORD00804,2025-09-11,Vivaan Desai,Male,48,Ahmedabad,Gujarat,West,Air Conditioner,Appliances,Cooling,Arjun Patel,2,32400.0,20,51840.0,7072.22,UPI,Completed,Delivered
ORD00805,2025-05-18,Aarav Singh,Male,39,Delhi,Delhi,North,Backpack,Fashion,Bags,Aarav Shah,4,2600.0,0,10400.0,763.84,Credit Card,Completed,In Transit
ORD00806,2025-01-16,Rohan Patel,Female,55,Nagpur,Maharashtra,West,Bed,Furniture,Bedroom,Ishita Shah,1,45700.0,0,45700.0,2940.85,Credit Card,Completed,Delivered
ORD00807,2025-11-10,Vivaan Joshi,Female,51,Pune,Maharashtra,West,Air Conditioner,Appliances,Cooling,Vivaan Desai,2,59100.0,10,106380.0,-3481.87,Cash,Returned,Returned
ORD00808,2025-12-06,Ishita Desai,Female,23,Delhi,Delhi,North,Office Chair,Furniture,Office,Diya Patel,1,13300.0,25,0.0,0.0,Debit Card,Cancelled,Cancelled
ORD00809,2025-09-21,Kabir Joshi,Female,39,Indore,Madhya Pradesh,Central,Smartwatch,Accessories,Wearables,Ishita Shah,5,3200.0,25,12000.0,810.16,Credit Card,Completed,Delivered
ORD00810,2025-05-12,Anaya Shah,Female,43,Bengaluru,Karnataka,South,Backpack,Fashion,Bags,Anaya Joshi,1,2100.0,15,0.0,0.0,UPI,Cancelled,Cancelled
ORD00811,2025-08-18,Aarav Singh,Male,33,Chandigarh,Chandigarh,North,Running Shoes,Fashion,Footwear,Vivaan Desai,4,3100.0,15,10540.0,-1004.02,Net Banking,Returned,Returned
ORD00812,2025-12-09,Rohan Kapoor,Male,34,Chandigarh,Chandigarh,North,Laptop,Electronics,Computers,Arjun Patel,1,59900.0,15,50915.0,4473.34,Credit Card,Completed,Delivered
ORD00813,2025-10-22,Vivaan Shah,Female,19,Jaipur,Rajasthan,North,Television,Electronics,Home Entertainment,Arjun Patel,4,27800.0,10,100080.0,-10496.3,Credit Card,Returned,Returned
ORD00814,2025-03-06,Arjun Kapoor,Female,20,Jaipur,Rajasthan,North,Refrigerator,Appliances,Kitchen Appliances,Vivaan Desai,3,61000.0,10,164700.0,19913.77,UPI,Completed,Delayed
ORD00815,2025-04-26,Diya Shah,Female,30,Mysuru,Karnataka,South,Running Shoes,Fashion,Footwear,Arjun Patel,2,5300.0,15,9010.0,735.09,Cash,Completed,Delivered
ORD00816,2025-06-06,Anaya Desai,Male,28,Chennai,Tamil Nadu,South,Bed,Furniture,Bedroom,Aarav Shah,4,16500.0,25,49500.0,7168.86,Credit Card,Completed,Delayed
ORD00817,2025-07-10,Diya Joshi,Male,40,Udaipur,Rajasthan,North,Jeans,Fashion,Clothing,Arjun Patel,1,1300.0,10,1170.0,90.5,UPI,Completed,Delivered
ORD00818,2025-12-19,Vivaan Desai,Female,37,Bengaluru,Karnataka,South,Bed,Furniture,Bedroom,Riya Desai,3,17600.0,20,42240.0,3814.16,Debit Card,Completed,Delayed
ORD00819,2025-12-22,Riya Shah,Female,18,Lucknow,Uttar Pradesh,North,Smartwatch,Accessories,Wearables,Diya Patel,1,13200.0,10,11880.0,-1115.43,Net Banking,Returned,Returned
ORD00820,2025-03-03,Rohan Patel,Male,33,Surat,Gujarat,West,Laptop,Electronics,Computers,Ishita Shah,4,60200.0,10,216720.0,15279.08,UPI,Completed,Delivered
ORD00821,2025-03-15,Meera Desai,Female,57,Mysuru,Karnataka,South,Running Shoes,Fashion,Footwear,Ishita Shah,2,3800.0,0,7600.0,781.69,Debit Card,Completed,Delivered
ORD00822,2025-04-17,Riya Verma,Male,29,Bhopal,Madhya Pradesh,Central,Washing Machine,Appliances,Laundry Appliances,Kabir Joshi,5,25200.0,20,0.0,0.0,Credit Card,Cancelled,Cancelled
ORD00823,2025-02-14,Riya Verma,Female,45,Surat,Gujarat,West,Air Conditioner,Appliances,Cooling,Arjun Patel,5,47900.0,15,203575.0,23239.35,UPI,Completed,Delivered
ORD00824,2025-04-25,Vivaan Kapoor,Female,30,Ahmedabad,Gujarat,West,Smartphone,Electronics,Mobiles,Vivaan Desai,1,49400.0,5,46930.0,6753.25,Credit Card,Completed,Delivered
ORD00825,2025-02-14,Diya Mehta,Male,27,Vadodara,Gujarat,West,Sunglasses,Accessories,Eyewear,Rohan Mehta,1,1000.0,10,900.0,143.69,Cash,Completed,Delivered
ORD00826,2025-07-13,Arjun Kapoor,Male,52,Nagpur,Maharashtra,West,Running Shoes,Fashion,Footwear,Aarav Shah,2,3900.0,0,7800.0,1067.28,Net Banking,Completed,Delivered
ORD00827,2025-06-24,Meera Patel,Female,56,Pune,Maharashtra,West,Laptop,Electronics,Computers,Riya Desai,4,55000.0,5,0.0,0.0,Net Banking,Cancelled,Cancelled
ORD00828,2025-02-13,Riya Desai,Male,50,Nagpur,Maharashtra,West,Sofa,Furniture,Living Room,Ishita Shah,2,62900.0,10,113220.0,-4599.55,Cash,Returned,Returned
ORD00829,2025-06-24,Meera Patel,Female,47,Chandigarh,Chandigarh,North,Washing Machine,Appliances,Laundry Appliances,Arjun Patel,5,50200.0,15,213350.0,-14045.57,Credit Card,Returned,Returned
ORD00830,2025-08-12,Rohan Patel,Female,20,Chennai,Tamil Nadu,South,Backpack,Fashion,Bags,Aarav Shah,4,2000.0,15,0.0,0.0,Cash,Cancelled,Cancelled
ORD00831,2025-06-28,Riya Mehta,Female,21,Bhopal,Madhya Pradesh,Central,Headphones,Electronics,Accessories,Anaya Joshi,3,3800.0,20,0.0,0.0,UPI,Cancelled,Cancelled
ORD00832,2025-01-10,Aarav Kapoor,Female,35,Ahmedabad,Gujarat,West,Microwave,Appliances,Kitchen Appliances,Ishita Shah,1,10600.0,10,9540.0,1607.59,Cash,Completed,Delivered
ORD00833,2025-11-23,Rohan Joshi,Female,42,Nagpur,Maharashtra,West,Microwave,Appliances,Kitchen Appliances,Riya Desai,2,15700.0,10,0.0,0.0,Debit Card,Cancelled,Cancelled
ORD00834,2025-03-16,Anaya Joshi,Male,54,Pune,Maharashtra,West,Microwave,Appliances,Kitchen Appliances,Ishita Shah,5,24400.0,15,103700.0,12940.34,Credit Card,Completed,Delivered
ORD00835,2025-12-02,Kabir Desai,Male,59,Indore,Madhya Pradesh,Central,Office Chair,Furniture,Office,Ishita Shah,5,12700.0,10,57150.0,-1884.12,Debit Card,Returned,Returned
ORD00836,2025-11-14,Ishita Joshi,Male,34,Chennai,Tamil Nadu,South,Sofa,Furniture,Living Room,Kabir Joshi,4,34000.0,0,136000.0,20582.91,Credit Card,Completed,Delivered
ORD00837,2025-12-21,Ishita Desai,Female,60,Udaipur,Rajasthan,North,Sofa,Furniture,Living Room,Diya Patel,4,51100.0,15,173740.0,13533.02,UPI,Completed,Delivered
ORD00838,2025-11-10,Anaya Shah,Female,45,Chandigarh,Chandigarh,North,Air Conditioner,Appliances,Cooling,Diya Patel,2,56900.0,25,0.0,0.0,Debit Card,Cancelled,Cancelled
ORD00839,2025-02-14,Diya Verma,Male,47,Mumbai,Maharashtra,West,Microwave,Appliances,Kitchen Appliances,Anaya Joshi,1,7400.0,5,0.0,0.0,Credit Card,Cancelled,Cancelled
ORD00840,2025-08-05,Diya Kapoor,Female,42,Ahmedabad,Gujarat,West,Refrigerator,Appliances,Kitchen Appliances,Riya Desai,3,71300.0,15,181815.0,-21351.19,UPI,Returned,Returned
ORD00841,2025-08-03,Riya Desai,Male,29,Delhi,Delhi,North,Dining Table,Furniture,Dining,Kabir Joshi,5,54400.0,10,244800.0,33287.82,Credit Card,Completed,Delivered
ORD00842,2025-06-06,Ishita Verma,Female,35,Mumbai,Maharashtra,West,Dining Table,Furniture,Dining,Riya Desai,4,39900.0,15,0.0,0.0,Credit Card,Cancelled,Cancelled
ORD00843,2025-09-26,Anaya Kapoor,Male,33,Indore,Madhya Pradesh,Central,Laptop,Electronics,Computers,Arjun Patel,2,61400.0,20,98240.0,12621.11,Credit Card,Completed,Delayed
ORD00844,2025-07-02,Kabir Verma,Male,45,Indore,Madhya Pradesh,Central,Sunglasses,Accessories,Eyewear,Arjun Patel,2,3300.0,15,5610.0,856.63,Net Banking,Completed,In Transit
ORD00845,2025-12-23,Arjun Kapoor,Male,50,Hyderabad,Telangana,South,Air Conditioner,Appliances,Cooling,Kabir Joshi,5,33900.0,10,0.0,0.0,Debit Card,Cancelled,Cancelled
ORD00846,2025-12-14,Meera Mehta,Female,35,Delhi,Delhi,North,Sofa,Furniture,Living Room,Kabir Joshi,5,38500.0,5,0.0,0.0,UPI,Cancelled,Cancelled
ORD00847,2025-08-02,Ishita Singh,Male,57,Surat,Gujarat,West,Running Shoes,Fashion,Footwear,Rohan Mehta,1,3800.0,15,3230.0,402.76,Debit Card,Completed,In Transit
ORD00848,2025-10-09,Riya Desai,Female,58,Patna,Bihar,East,Air Conditioner,Appliances,Cooling,Anaya Joshi,5,40000.0,25,150000.0,21518.69,Credit Card,Completed,Delivered
ORD00849,2025-05-24,Kabir Kapoor,Female,37,Kolkata,West Bengal,East,Sunglasses,Accessories,Eyewear,Meera Mehta,4,4200.0,20,13440.0,-1568.63,UPI,Returned,Returned
ORD00850,2025-01-15,Aarav Joshi,Female,49,Indore,Madhya Pradesh,Central,Washing Machine,Appliances,Laundry Appliances,Vivaan Desai,3,40200.0,5,114570.0,-4700.43,UPI,Returned,Returned
ORD00851,2025-09-12,Diya Singh,Male,32,Ahmedabad,Gujarat,West,Headphones,Electronics,Accessories,Riya Desai,4,5500.0,15,18700.0,2936.26,Credit Card,Completed,Delivered
ORD00852,2025-03-09,Meera Desai,Female,51,Chennai,Tamil Nadu,South,Jacket,Fashion,Clothing,Diya Patel,5,6000.0,5,28500.0,1717.33,Credit Card,Completed,Delivered
ORD00853,2025-10-24,Arjun Desai,Female,36,Lucknow,Uttar Pradesh,North,Sunglasses,Accessories,Eyewear,Diya Patel,2,2300.0,5,4370.0,399.42,Credit Card,Completed,Delivered
ORD00854,2025-11-13,Diya Singh,Female,22,Nagpur,Maharashtra,West,Dining Table,Furniture,Dining,Diya Patel,2,12000.0,10,0.0,0.0,UPI,Cancelled,Cancelled
ORD00855,2025-10-07,Arjun Mehta,Female,56,Mysuru,Karnataka,South,Smartphone,Electronics,Mobiles,Ishita Shah,1,35500.0,5,33725.0,3395.12,Net Banking,Completed,Delivered
ORD00856,2025-05-25,Rohan Kapoor,Female,46,Chandigarh,Chandigarh,North,Jacket,Fashion,Clothing,Ishita Shah,3,3800.0,5,10830.0,-402.53,UPI,Returned,Returned
ORD00857,2025-11-25,Rohan Singh,Female,34,Bhopal,Madhya Pradesh,Central,Jeans,Fashion,Clothing,Rohan Mehta,1,4800.0,10,4320.0,317.03,Debit Card,Completed,Delayed
ORD00858,2025-02-07,Ishita Verma,Male,38,Indore,Madhya Pradesh,Central,Office Chair,Furniture,Office,Riya Desai,4,12400.0,10,44640.0,5152.22,UPI,Completed,Delivered
ORD00859,2025-08-29,Ishita Verma,Male,19,Jaipur,Rajasthan,North,Air Conditioner,Appliances,Cooling,Aarav Shah,4,30400.0,15,103360.0,8918.01,Net Banking,Completed,Delivered
ORD00860,2025-06-23,Aarav Mehta,Female,48,Chandigarh,Chandigarh,North,Office Chair,Furniture,Office,Meera Mehta,5,8100.0,10,36450.0,-4117.98,Credit Card,Returned,Returned
ORD00861,2025-11-07,Rohan Desai,Male,37,Kolkata,West Bengal,East,Microwave,Appliances,Kitchen Appliances,Meera Mehta,5,7000.0,15,29750.0,4940.18,UPI,Completed,In Transit
ORD00862,2025-07-26,Meera Mehta,Male,30,Chennai,Tamil Nadu,South,Jacket,Fashion,Clothing,Ishita Shah,2,7500.0,10,13500.0,741.25,Net Banking,Completed,Delivered
ORD00863,2025-01-06,Riya Kapoor,Female,21,Patna,Bihar,East,Smartphone,Electronics,Mobiles,Ishita Shah,3,59400.0,20,0.0,0.0,UPI,Cancelled,Cancelled
ORD00864,2025-04-05,Meera Singh,Female,31,Delhi,Delhi,North,Television,Electronics,Home Entertainment,Ishita Shah,2,53700.0,0,107400.0,18059.0,Debit Card,Completed,Delivered
ORD00865,2025-07-10,Anaya Shah,Female,34,Kochi,Kerala,South,Smartwatch,Accessories,Wearables,Aarav Shah,3,4200.0,15,10710.0,1020.06,UPI,Completed,Delivered
ORD00866,2025-04-15,Anaya Singh,Male,20,Bhopal,Madhya Pradesh,Central,Watch,Accessories,Watches,Diya Patel,4,9700.0,10,34920.0,2705.15,UPI,Completed,Delivered
ORD00867,2025-10-04,Diya Verma,Female,45,Bhopal,Madhya Pradesh,Central,Running Shoes,Fashion,Footwear,Diya Patel,3,3100.0,0,9300.0,578.94,UPI,Completed,Delivered
ORD00868,2025-07-03,Arjun Patel,Male,53,Delhi,Delhi,North,Office Chair,Furniture,Office,Kabir Joshi,5,6000.0,15,25500.0,-2247.49,UPI,Returned,Returned
ORD00869,2025-06-27,Anaya Kapoor,Male,42,Mumbai,Maharashtra,West,Smartwatch,Accessories,Wearables,Anaya Joshi,2,7000.0,20,0.0,0.0,Credit Card,Cancelled,Cancelled
ORD00870,2025-07-20,Rohan Shah,Male,52,Kochi,Kerala,South,Air Conditioner,Appliances,Cooling,Anaya Joshi,5,44000.0,0,220000.0,22927.78,Cash,Completed,Delivered
ORD00871,2025-01-25,Meera Kapoor,Female,26,Kochi,Kerala,South,Bed,Furniture,Bedroom,Kabir Joshi,3,30800.0,20,73920.0,7717.11,Credit Card,Completed,Delivered
ORD00872,2025-02-08,Rohan Verma,Female,34,Lucknow,Uttar Pradesh,North,Sunglasses,Accessories,Eyewear,Arjun Patel,5,4100.0,15,17425.0,2290.75,Net Banking,Completed,Delivered
ORD00873,2025-08-30,Aarav Joshi,Female,38,Delhi,Delhi,North,Television,Electronics,Home Entertainment,Anaya Joshi,3,80200.0,20,192480.0,13032.89,Debit Card,Completed,Delivered
ORD00874,2025-03-13,Anaya Shah,Male,33,Chandigarh,Chandigarh,North,Sunglasses,Accessories,Eyewear,Arjun Patel,2,4000.0,5,7600.0,1220.9,Debit Card,Completed,Delivered
ORD00875,2025-08-17,Ishita Desai,Female,50,Patna,Bihar,East,Backpack,Fashion,Bags,Diya Patel,2,4100.0,25,0.0,0.0,UPI,Cancelled,Cancelled
ORD00876,2025-09-08,Diya Shah,Female,18,Bengaluru,Karnataka,South,Headphones,Electronics,Accessories,Anaya Joshi,5,7800.0,5,37050.0,-3215.47,Credit Card,Returned,Returned
ORD00877,2025-03-06,Diya Verma,Male,44,Pune,Maharashtra,West,Microwave,Appliances,Kitchen Appliances,Arjun Patel,3,18700.0,10,50490.0,6335.51,Credit Card,Completed,Delivered
ORD00878,2025-11-18,Kabir Verma,Female,38,Hyderabad,Telangana,South,Office Chair,Furniture,Office,Aarav Shah,4,14200.0,10,51120.0,3619.79,Net Banking,Completed,In Transit
ORD00879,2025-03-22,Arjun Mehta,Female,30,Hyderabad,Telangana,South,Dining Table,Furniture,Dining,Arjun Patel,2,52200.0,0,104400.0,-7843.12,Credit Card,Returned,Returned
ORD00880,2025-09-07,Kabir Patel,Female,47,Chennai,Tamil Nadu,South,Laptop,Electronics,Computers,Riya Desai,3,77900.0,0,0.0,0.0,Debit Card,Cancelled,Cancelled
ORD00881,2025-12-01,Riya Patel,Male,34,Pune,Maharashtra,West,Sofa,Furniture,Living Room,Riya Desai,3,17300.0,10,46710.0,7376.62,Cash,Completed,Delivered
ORD00882,2025-11-29,Ishita Mehta,Male,29,Chennai,Tamil Nadu,South,Laptop,Electronics,Computers,Ishita Shah,1,73500.0,5,69825.0,9110.91,Credit Card,Completed,Delivered
ORD00883,2025-11-18,Ishita Patel,Male,31,Vadodara,Gujarat,West,Television,Electronics,Home Entertainment,Kabir Joshi,1,48300.0,0,48300.0,7567.72,Net Banking,Completed,Delivered
ORD00884,2025-12-29,Meera Verma,Female,51,Hyderabad,Telangana,South,Running Shoes,Fashion,Footwear,Meera Mehta,2,3800.0,5,7220.0,1255.89,UPI,Completed,Delivered
ORD00885,2025-07-12,Riya Patel,Female,32,Ahmedabad,Gujarat,West,Running Shoes,Fashion,Footwear,Anaya Joshi,5,2900.0,20,11600.0,1766.12,Net Banking,Completed,Delayed
ORD00886,2025-10-13,Arjun Kapoor,Female,47,Chennai,Tamil Nadu,South,Smartphone,Electronics,Mobiles,Kabir Joshi,3,20800.0,15,53040.0,9535.32,UPI,Completed,In Transit
ORD00887,2025-02-24,Anaya Shah,Female,31,Mumbai,Maharashtra,West,Backpack,Fashion,Bags,Meera Mehta,2,4000.0,5,7600.0,-564.58,Credit Card,Returned,Returned
ORD00888,2025-10-18,Rohan Singh,Female,50,Vadodara,Gujarat,West,Refrigerator,Appliances,Kitchen Appliances,Aarav Shah,2,62800.0,5,119320.0,-10016.74,UPI,Returned,Returned
ORD00889,2025-02-16,Rohan Mehta,Male,31,Bengaluru,Karnataka,South,Jeans,Fashion,Clothing,Diya Patel,4,3500.0,10,12600.0,2219.84,Credit Card,Completed,Delivered
ORD00890,2025-05-06,Vivaan Singh,Male,38,Chandigarh,Chandigarh,North,Bed,Furniture,Bedroom,Vivaan Desai,2,49900.0,15,84830.0,-9126.65,Net Banking,Returned,Returned
ORD00891,2025-10-07,Kabir Shah,Female,41,Pune,Maharashtra,West,Air Conditioner,Appliances,Cooling,Meera Mehta,1,70500.0,10,63450.0,3594.88,Credit Card,Completed,Delivered
ORD00892,2025-03-27,Arjun Joshi,Male,35,Ahmedabad,Gujarat,West,Washing Machine,Appliances,Laundry Appliances,Meera Mehta,4,46600.0,10,167760.0,29607.47,UPI,Completed,Delivered
ORD00893,2025-06-03,Diya Joshi,Male,32,Lucknow,Uttar Pradesh,North,Air Conditioner,Appliances,Cooling,Anaya Joshi,4,77500.0,0,310000.0,53300.91,Credit Card,Completed,In Transit
ORD00894,2025-09-17,Arjun Patel,Male,21,Vadodara,Gujarat,West,Air Conditioner,Appliances,Cooling,Anaya Joshi,3,60100.0,10,162270.0,14292.38,Net Banking,Completed,Delivered
ORD00895,2025-05-02,Arjun Desai,Female,49,Indore,Madhya Pradesh,Central,Jeans,Fashion,Clothing,Ishita Shah,3,5000.0,15,12750.0,1467.47,Net Banking,Completed,Delivered
ORD00896,2025-12-11,Rohan Desai,Female,47,Jaipur,Rajasthan,North,Air Conditioner,Appliances,Cooling,Riya Desai,3,60700.0,20,145680.0,7303.36,Credit Card,Completed,Delivered
ORD00897,2025-11-24,Vivaan Shah,Male,57,Chennai,Tamil Nadu,South,Washing Machine,Appliances,Laundry Appliances,Ishita Shah,1,25900.0,10,0.0,0.0,Debit Card,Cancelled,Cancelled
ORD00898,2025-12-05,Meera Shah,Female,43,Lucknow,Uttar Pradesh,North,Microwave,Appliances,Kitchen Appliances,Aarav Shah,1,8900.0,0,8900.0,-725.25,UPI,Returned,Returned
ORD00899,2025-03-10,Arjun Mehta,Female,60,Chandigarh,Chandigarh,North,Jacket,Fashion,Clothing,Meera Mehta,4,6400.0,15,0.0,0.0,UPI,Cancelled,Cancelled
ORD00900,2025-09-11,Vivaan Mehta,Male,32,Bengaluru,Karnataka,South,Bed,Furniture,Bedroom,Riya Desai,2,37600.0,5,71440.0,3655.64,Credit Card,Completed,Delivered
ORD00901,2025-03-01,Arjun Singh,Male,41,Chennai,Tamil Nadu,South,Microwave,Appliances,Kitchen Appliances,Vivaan Desai,3,21200.0,5,60420.0,-5831.81,Credit Card,Returned,Returned
ORD00902,2025-06-22,Ishita Joshi,Female,45,Indore,Madhya Pradesh,Central,Backpack,Fashion,Bags,Meera Mehta,5,2400.0,15,10200.0,937.37,Credit Card,Completed,Delivered
ORD00903,2025-08-01,Vivaan Kapoor,Female,38,Nagpur,Maharashtra,West,Television,Electronics,Home Entertainment,Ishita Shah,3,33200.0,15,84660.0,10644.47,Cash,Completed,Delivered
ORD00904,2025-11-12,Arjun Desai,Female,29,Kochi,Kerala,South,Smartwatch,Accessories,Wearables,Anaya Joshi,5,11800.0,10,53100.0,2676.91,UPI,Completed,Delayed
ORD00905,2025-11-14,Anaya Mehta,Male,44,Udaipur,Rajasthan,North,Laptop,Electronics,Computers,Arjun Patel,2,61400.0,20,98240.0,8698.68,UPI,Completed,Delivered
ORD00906,2025-02-10,Ishita Kapoor,Male,26,Kolkata,West Bengal,East,Smartphone,Electronics,Mobiles,Ishita Shah,1,28400.0,25,21300.0,1089.46,Credit Card,Completed,Delivered
ORD00907,2025-02-12,Meera Kapoor,Female,45,Surat,Gujarat,West,Jeans,Fashion,Clothing,Ishita Shah,3,2300.0,10,0.0,0.0,Cash,Cancelled,Cancelled
ORD00908,2025-02-07,Riya Joshi,Male,56,Ahmedabad,Gujarat,West,Bed,Furniture,Bedroom,Ishita Shah,1,12500.0,15,0.0,0.0,Credit Card,Cancelled,Cancelled
ORD00909,2025-02-27,Anaya Patel,Female,25,Pune,Maharashtra,West,Headphones,Electronics,Accessories,Riya Desai,2,2800.0,20,4480.0,418.94,UPI,Completed,Delivered
ORD00910,2025-09-27,Ishita Singh,Female,46,Ahmedabad,Gujarat,West,Running Shoes,Fashion,Footwear,Rohan Mehta,2,3700.0,5,0.0,0.0,UPI,Cancelled,Cancelled
ORD00911,2025-07-15,Kabir Mehta,Female,56,Pune,Maharashtra,West,Refrigerator,Appliances,Kitchen Appliances,Riya Desai,3,64500.0,10,174150.0,28501.14,Debit Card,Completed,Delivered
ORD00912,2025-06-23,Diya Verma,Male,32,Indore,Madhya Pradesh,Central,Smartwatch,Accessories,Wearables,Vivaan Desai,2,7200.0,15,12240.0,-596.69,UPI,Returned,Returned
ORD00913,2025-01-01,Diya Desai,Female,33,Surat,Gujarat,West,Smartwatch,Accessories,Wearables,Riya Desai,4,13300.0,20,42560.0,6358.48,UPI,Completed,Delivered
ORD00914,2025-05-03,Diya Singh,Female,24,Kochi,Kerala,South,Sofa,Furniture,Living Room,Vivaan Desai,4,61600.0,25,0.0,0.0,Debit Card,Cancelled,Cancelled
ORD00915,2025-09-02,Riya Shah,Female,19,Patna,Bihar,East,T-Shirt,Fashion,Clothing,Kabir Joshi,2,1000.0,15,1700.0,-122.99,Debit Card,Returned,Returned
ORD00916,2025-03-25,Rohan Singh,Female,56,Bengaluru,Karnataka,South,Sofa,Furniture,Living Room,Meera Mehta,1,26800.0,5,25460.0,2010.25,UPI,Completed,Delivered
ORD00917,2025-09-13,Diya Verma,Female,59,Udaipur,Rajasthan,North,Running Shoes,Fashion,Footwear,Diya Patel,1,3900.0,5,3705.0,-186.54,Net Banking,Returned,Returned
ORD00918,2025-02-05,Anaya Patel,Female,20,Kolkata,West Bengal,East,Jacket,Fashion,Clothing,Aarav Shah,5,6800.0,25,25500.0,3743.21,UPI,Completed,Delivered
ORD00919,2025-08-18,Arjun Mehta,Female,42,Indore,Madhya Pradesh,Central,Refrigerator,Appliances,Kitchen Appliances,Riya Desai,3,55200.0,10,149040.0,9271.52,UPI,Completed,Delivered
ORD00920,2025-01-10,Anaya Patel,Male,41,Kolkata,West Bengal,East,Jeans,Fashion,Clothing,Diya Patel,1,1900.0,0,1900.0,262.66,UPI,Completed,Delivered
ORD00921,2025-10-26,Diya Joshi,Female,42,Jaipur,Rajasthan,North,Laptop,Electronics,Computers,Kabir Joshi,1,70400.0,10,0.0,0.0,UPI,Cancelled,Cancelled
ORD00922,2025-08-09,Meera Verma,Female,36,Mysuru,Karnataka,South,Smartwatch,Accessories,Wearables,Ishita Shah,3,10100.0,10,27270.0,4118.61,Net Banking,Completed,Delivered
ORD00923,2025-10-13,Aarav Shah,Female,36,Delhi,Delhi,North,Jacket,Fashion,Clothing,Vivaan Desai,1,5000.0,5,4750.0,611.82,UPI,Completed,Delivered
ORD00924,2025-03-22,Aarav Mehta,Male,54,Kolkata,West Bengal,East,Microwave,Appliances,Kitchen Appliances,Kabir Joshi,5,14300.0,15,0.0,0.0,Net Banking,Cancelled,Cancelled
ORD00925,2025-10-27,Anaya Desai,Female,48,Surat,Gujarat,West,Jacket,Fashion,Clothing,Diya Patel,5,4500.0,5,21375.0,-1160.67,Credit Card,Returned,Returned
ORD00926,2025-06-06,Vivaan Patel,Male,26,Vadodara,Gujarat,West,Sofa,Furniture,Living Room,Vivaan Desai,3,34800.0,15,88740.0,6974.86,Debit Card,Completed,Delivered
ORD00927,2025-03-11,Riya Desai,Female,28,Ahmedabad,Gujarat,West,Dining Table,Furniture,Dining,Riya Desai,1,40900.0,5,38855.0,5800.05,Credit Card,Completed,Delivered
ORD00928,2025-06-12,Kabir Mehta,Female,54,Surat,Gujarat,West,Bed,Furniture,Bedroom,Ishita Shah,3,29900.0,15,76245.0,11509.7,Net Banking,Completed,Delivered
ORD00929,2025-05-17,Anaya Patel,Female,43,Vadodara,Gujarat,West,Running Shoes,Fashion,Footwear,Ishita Shah,5,2600.0,10,11700.0,789.91,Credit Card,Completed,Delivered
ORD00930,2025-01-16,Rohan Desai,Female,26,Udaipur,Rajasthan,North,Running Shoes,Fashion,Footwear,Arjun Patel,1,2100.0,25,0.0,0.0,Net Banking,Cancelled,Cancelled
ORD00931,2025-09-20,Anaya Verma,Male,19,Lucknow,Uttar Pradesh,North,Smartwatch,Accessories,Wearables,Diya Patel,2,8700.0,15,14790.0,1300.11,Credit Card,Completed,Delivered
ORD00932,2025-10-02,Anaya Singh,Female,39,Kolkata,West Bengal,East,Refrigerator,Appliances,Kitchen Appliances,Diya Patel,3,64100.0,5,182685.0,11619.3,Credit Card,Completed,Delivered
ORD00933,2025-11-02,Meera Verma,Female,35,Hyderabad,Telangana,South,Backpack,Fashion,Bags,Aarav Shah,2,1100.0,25,1650.0,126.48,Net Banking,Completed,Delivered
ORD00934,2025-04-03,Rohan Patel,Male,55,Surat,Gujarat,West,Dining Table,Furniture,Dining,Anaya Joshi,5,25100.0,10,112950.0,11595.82,Credit Card,Completed,Delayed
ORD00935,2025-06-07,Riya Desai,Female,47,Hyderabad,Telangana,South,Sunglasses,Accessories,Eyewear,Rohan Mehta,3,4800.0,5,0.0,0.0,Credit Card,Cancelled,Cancelled
ORD00936,2025-06-18,Meera Singh,Female,40,Indore,Madhya Pradesh,Central,Bed,Furniture,Bedroom,Anaya Joshi,1,26500.0,10,23850.0,1588.91,Debit Card,Completed,Delivered
ORD00937,2025-11-27,Vivaan Desai,Male,28,Nagpur,Maharashtra,West,Television,Electronics,Home Entertainment,Meera Mehta,5,35400.0,15,0.0,0.0,UPI,Cancelled,Cancelled
ORD00938,2025-01-30,Diya Kapoor,Female,48,Kochi,Kerala,South,Sunglasses,Accessories,Eyewear,Anaya Joshi,4,4100.0,0,16400.0,2118.86,UPI,Completed,Delivered
ORD00939,2025-07-14,Anaya Singh,Female,57,Vadodara,Gujarat,West,Dining Table,Furniture,Dining,Arjun Patel,1,36800.0,20,0.0,0.0,UPI,Cancelled,Cancelled
ORD00940,2025-03-28,Kabir Mehta,Female,28,Nagpur,Maharashtra,West,Jacket,Fashion,Clothing,Aarav Shah,2,4800.0,0,0.0,0.0,Net Banking,Cancelled,Cancelled
ORD00941,2025-04-02,Kabir Joshi,Male,28,Mysuru,Karnataka,South,Watch,Accessories,Watches,Rohan Mehta,3,14000.0,5,39900.0,3810.82,Cash,Completed,Delivered
ORD00942,2025-03-16,Diya Singh,Female,47,Pune,Maharashtra,West,Dining Table,Furniture,Dining,Riya Desai,2,36000.0,20,57600.0,5836.17,Net Banking,Completed,Delivered
ORD00943,2025-11-30,Anaya Joshi,Female,53,Nagpur,Maharashtra,West,Dining Table,Furniture,Dining,Ishita Shah,1,52700.0,5,50065.0,7320.48,Debit Card,Completed,Delivered
ORD00944,2025-09-28,Meera Shah,Female,58,Hyderabad,Telangana,South,Microwave,Appliances,Kitchen Appliances,Arjun Patel,4,9400.0,10,33840.0,4676.39,Credit Card,Completed,Delivered
ORD00945,2025-07-10,Rohan Singh,Male,28,Lucknow,Uttar Pradesh,North,Sunglasses,Accessories,Eyewear,Riya Desai,5,2300.0,10,10350.0,1752.02,Debit Card,Completed,Delivered
ORD00946,2025-12-01,Ishita Patel,Male,27,Vadodara,Gujarat,West,Headphones,Electronics,Accessories,Vivaan Desai,2,3500.0,10,0.0,0.0,Net Banking,Cancelled,Cancelled
ORD00947,2025-05-10,Vivaan Desai,Female,18,Patna,Bihar,East,Dining Table,Furniture,Dining,Kabir Joshi,5,53000.0,15,225250.0,37818.0,UPI,Completed,Delivered
ORD00948,2025-01-12,Riya Joshi,Female,30,Delhi,Delhi,North,Sunglasses,Accessories,Eyewear,Ishita Shah,4,2400.0,0,0.0,0.0,Debit Card,Cancelled,Cancelled
ORD00949,2025-10-22,Kabir Patel,Male,54,Hyderabad,Telangana,South,Smartwatch,Accessories,Wearables,Aarav Shah,4,14500.0,10,52200.0,4369.1,Debit Card,Completed,Delivered
ORD00950,2025-11-26,Diya Verma,Female,53,Jaipur,Rajasthan,North,Laptop,Electronics,Computers,Aarav Shah,2,75000.0,10,0.0,0.0,Net Banking,Cancelled,Cancelled
ORD00951,2025-08-30,Vivaan Singh,Female,42,Pune,Maharashtra,West,Smartphone,Electronics,Mobiles,Vivaan Desai,1,52000.0,0,52000.0,-4932.73,UPI,Returned,Returned
ORD00952,2025-12-05,Anaya Patel,Male,24,Nagpur,Maharashtra,West,Smartphone,Electronics,Mobiles,Rohan Mehta,3,41300.0,10,111510.0,10913.95,UPI,Completed,Delivered
ORD00953,2025-12-27,Meera Shah,Female,31,Kolkata,West Bengal,East,Sofa,Furniture,Living Room,Rohan Mehta,5,54500.0,10,245250.0,30116.83,Credit Card,Completed,Delivered
ORD00954,2025-04-29,Meera Kapoor,Male,48,Patna,Bihar,East,Jeans,Fashion,Clothing,Ishita Shah,5,4000.0,25,15000.0,-547.13,UPI,Returned,Returned
ORD00955,2025-10-27,Vivaan Joshi,Male,41,Vadodara,Gujarat,West,Office Chair,Furniture,Office,Kabir Joshi,3,4300.0,20,10320.0,797.05,Credit Card,Completed,Delivered
ORD00956,2025-12-29,Rohan Desai,Female,23,Chennai,Tamil Nadu,South,Refrigerator,Appliances,Kitchen Appliances,Kabir Joshi,4,72700.0,10,0.0,0.0,Credit Card,Cancelled,Cancelled
ORD00957,2025-09-15,Anaya Desai,Female,48,Kolkata,West Bengal,East,Washing Machine,Appliances,Laundry Appliances,Riya Desai,1,54500.0,5,51775.0,8976.07,Debit Card,Completed,Delayed
ORD00958,2025-11-01,Arjun Verma,Female,58,Bengaluru,Karnataka,South,Washing Machine,Appliances,Laundry Appliances,Rohan Mehta,4,28200.0,15,0.0,0.0,Net Banking,Cancelled,Cancelled
ORD00959,2025-08-30,Vivaan Mehta,Male,21,Delhi,Delhi,North,Sofa,Furniture,Living Room,Aarav Shah,5,23900.0,15,101575.0,8242.54,UPI,Completed,Delivered
ORD00960,2025-02-20,Aarav Desai,Female,32,Lucknow,Uttar Pradesh,North,Jeans,Fashion,Clothing,Riya Desai,4,1200.0,10,4320.0,-337.2,Cash,Returned,Returned
ORD00961,2025-09-03,Rohan Singh,Female,25,Hyderabad,Telangana,South,Dining Table,Furniture,Dining,Meera Mehta,2,37500.0,10,67500.0,11947.92,Net Banking,Completed,Delivered
ORD00962,2025-07-17,Anaya Desai,Male,53,Lucknow,Uttar Pradesh,North,Jacket,Fashion,Clothing,Vivaan Desai,2,3600.0,15,6120.0,969.83,UPI,Completed,Delivered
ORD00963,2025-03-10,Diya Kapoor,Male,23,Kochi,Kerala,South,T-Shirt,Fashion,Clothing,Meera Mehta,2,1000.0,10,1800.0,-177.34,UPI,Returned,Returned
ORD00964,2025-06-25,Aarav Shah,Male,57,Indore,Madhya Pradesh,Central,Bed,Furniture,Bedroom,Rohan Mehta,4,13800.0,5,0.0,0.0,UPI,Cancelled,Cancelled
ORD00965,2025-04-12,Meera Mehta,Male,40,Kochi,Kerala,South,Washing Machine,Appliances,Laundry Appliances,Riya Desai,4,37400.0,10,0.0,0.0,UPI,Cancelled,Cancelled
ORD00966,2025-05-08,Ishita Patel,Male,23,Ahmedabad,Gujarat,West,Air Conditioner,Appliances,Cooling,Rohan Mehta,5,61400.0,5,0.0,0.0,Credit Card,Cancelled,Cancelled
ORD00967,2025-11-01,Ishita Kapoor,Male,58,Udaipur,Rajasthan,North,Sunglasses,Accessories,Eyewear,Vivaan Desai,4,1900.0,15,6460.0,1131.52,Credit Card,Completed,Delivered
ORD00968,2025-10-02,Meera Shah,Female,47,Delhi,Delhi,North,Air Conditioner,Appliances,Cooling,Anaya Joshi,5,31200.0,10,140400.0,14317.74,Net Banking,Completed,Delivered
ORD00969,2025-06-21,Riya Verma,Male,44,Chennai,Tamil Nadu,South,Jeans,Fashion,Clothing,Arjun Patel,5,4700.0,5,0.0,0.0,UPI,Cancelled,Cancelled
ORD00970,2025-12-04,Riya Patel,Female,32,Vadodara,Gujarat,West,Air Conditioner,Appliances,Cooling,Anaya Joshi,2,43100.0,5,81890.0,13596.86,Debit Card,Completed,Delivered
ORD00971,2025-01-02,Ishita Shah,Female,31,Surat,Gujarat,West,Microwave,Appliances,Kitchen Appliances,Anaya Joshi,5,20200.0,0,101000.0,16004.07,Credit Card,Completed,Delivered
ORD00972,2025-12-23,Meera Singh,Female,57,Kochi,Kerala,South,Sunglasses,Accessories,Eyewear,Riya Desai,4,2600.0,20,8320.0,1182.29,UPI,Completed,Delivered
ORD00973,2025-11-18,Aarav Verma,Male,48,Udaipur,Rajasthan,North,Watch,Accessories,Watches,Vivaan Desai,3,9600.0,10,0.0,0.0,UPI,Cancelled,Cancelled
ORD00974,2025-04-22,Ishita Mehta,Male,21,Surat,Gujarat,West,Smartphone,Electronics,Mobiles,Aarav Shah,3,35500.0,0,106500.0,-3850.11,UPI,Returned,Returned
ORD00975,2025-01-12,Ishita Verma,Male,37,Kochi,Kerala,South,Microwave,Appliances,Kitchen Appliances,Rohan Mehta,2,10200.0,20,16320.0,2761.24,Net Banking,Completed,In Transit
ORD00976,2025-08-03,Rohan Mehta,Male,44,Vadodara,Gujarat,West,Bed,Furniture,Bedroom,Arjun Patel,1,20500.0,20,16400.0,1214.99,Debit Card,Completed,Delayed
ORD00977,2025-08-29,Aarav Desai,Female,25,Bengaluru,Karnataka,South,Watch,Accessories,Watches,Diya Patel,4,11700.0,10,42120.0,6097.79,Credit Card,Completed,Delivered
ORD00978,2025-02-13,Anaya Patel,Female,19,Bengaluru,Karnataka,South,Dining Table,Furniture,Dining,Aarav Shah,5,30600.0,20,122400.0,9155.28,Credit Card,Completed,In Transit
ORD00979,2025-09-01,Ishita Singh,Male,32,Chandigarh,Chandigarh,North,Laptop,Electronics,Computers,Riya Desai,5,46800.0,15,198900.0,10228.49,Debit Card,Completed,Delivered
ORD00980,2025-09-18,Vivaan Patel,Male,26,Patna,Bihar,East,Running Shoes,Fashion,Footwear,Arjun Patel,1,6800.0,10,6120.0,641.1,Cash,Completed,In Transit
ORD00981,2025-12-07,Riya Joshi,Male,32,Bengaluru,Karnataka,South,Television,Electronics,Home Entertainment,Vivaan Desai,1,68900.0,0,68900.0,11735.1,UPI,Completed,Delivered
ORD00982,2025-11-20,Anaya Mehta,Male,54,Kolkata,West Bengal,East,Smartwatch,Accessories,Wearables,Anaya Joshi,2,3700.0,10,0.0,0.0,Cash,Cancelled,Cancelled
ORD00983,2025-02-03,Ishita Mehta,Male,20,Chennai,Tamil Nadu,South,Watch,Accessories,Watches,Aarav Shah,1,12500.0,10,11250.0,1048.46,Credit Card,Completed,Delayed
ORD00984,2025-04-11,Arjun Shah,Female,57,Vadodara,Gujarat,West,Running Shoes,Fashion,Footwear,Anaya Joshi,1,5700.0,10,5130.0,372.73,Credit Card,Completed,Delivered
ORD00985,2025-01-17,Riya Singh,Male,40,Kolkata,West Bengal,East,Bed,Furniture,Bedroom,Arjun Patel,2,38900.0,5,73910.0,6763.01,Debit Card,Completed,Delivered
ORD00986,2025-11-12,Kabir Singh,Male,59,Nagpur,Maharashtra,West,Jacket,Fashion,Clothing,Anaya Joshi,3,2200.0,5,0.0,0.0,Credit Card,Cancelled,Cancelled
ORD00987,2025-05-12,Meera Singh,Male,51,Bhopal,Madhya Pradesh,Central,Air Conditioner,Appliances,Cooling,Anaya Joshi,4,45700.0,15,155380.0,15629.05,UPI,Completed,Delivered
ORD00988,2025-11-28,Riya Shah,Female,50,Chennai,Tamil Nadu,South,Smartwatch,Accessories,Wearables,Diya Patel,5,13700.0,15,58225.0,6057.81,UPI,Completed,In Transit
ORD00989,2025-02-23,Riya Kapoor,Male,58,Ahmedabad,Gujarat,West,Backpack,Fashion,Bags,Arjun Patel,3,2000.0,10,5400.0,-334.66,Debit Card,Returned,Returned
ORD00990,2025-04-23,Arjun Desai,Female,53,Surat,Gujarat,West,Smartphone,Electronics,Mobiles,Arjun Patel,3,33000.0,5,94050.0,9295.37,UPI,Completed,Delivered
ORD00991,2025-06-21,Aarav Shah,Female,37,Indore,Madhya Pradesh,Central,Smartphone,Electronics,Mobiles,Ishita Shah,2,42200.0,15,71740.0,11405.51,Net Banking,Completed,Delivered
ORD00992,2025-11-23,Kabir Joshi,Female,29,Surat,Gujarat,West,Sunglasses,Accessories,Eyewear,Aarav Shah,2,6400.0,10,11520.0,1689.6,UPI,Completed,Delivered
ORD00993,2025-01-15,Arjun Shah,Male,37,Indore,Madhya Pradesh,Central,Refrigerator,Appliances,Kitchen Appliances,Meera Mehta,3,28500.0,20,68400.0,10642.43,UPI,Completed,Delivered
ORD00994,2025-09-28,Aarav Joshi,Male,38,Udaipur,Rajasthan,North,Sunglasses,Accessories,Eyewear,Riya Desai,5,6200.0,10,27900.0,1797.44,Credit Card,Completed,Delivered
ORD00995,2025-06-05,Ishita Kapoor,Female,47,Bhopal,Madhya Pradesh,Central,Sunglasses,Accessories,Eyewear,Riya Desai,4,5600.0,5,21280.0,3686.37,Net Banking,Completed,Delivered
ORD00996,2025-06-01,Anaya Mehta,Female,46,Pune,Maharashtra,West,Headphones,Electronics,Accessories,Vivaan Desai,2,5600.0,10,0.0,0.0,Net Banking,Cancelled,Cancelled
ORD00997,2025-01-16,Ishita Singh,Male,57,Jaipur,Rajasthan,North,T-Shirt,Fashion,Clothing,Kabir Joshi,1,2100.0,15,1785.0,208.75,Net Banking,Completed,Delivered
ORD00998,2025-07-09,Vivaan Mehta,Male,49,Surat,Gujarat,West,Running Shoes,Fashion,Footwear,Rohan Mehta,4,5800.0,10,20880.0,-867.88,UPI,Returned,Returned
ORD00999,2025-10-15,Arjun Patel,Male,53,Delhi,Delhi,North,Watch,Accessories,Watches,Diya Patel,1,5200.0,0,5200.0,338.12,UPI,Completed,Delivered
ORD01000,2025-02-01,Aarav Shah,Female,57,Indore,Madhya Pradesh,Central,Office Chair,Furniture,Office,Meera Mehta,1,4300.0,20,3440.0,450.89,Net Banking,Completed,Delivered
ORD01001,2025-02-19,Diya Desai,Male,48,Kolkata,West Bengal,East,Dining Table,Furniture,Dining,Aarav Shah,2,29300.0,0,58600.0,4850.82,Net Banking,Completed,Delivered
ORD01002,2025-02-20,Riya Kapoor,Female,34,Udaipur,Rajasthan,North,T-Shirt,Fashion,Clothing,Rohan Mehta,4,2200.0,25,6600.0,1114.04,UPI,Completed,Delivered
ORD01003,2025-07-06,Ishita Singh,Male,20,Kolkata,West Bengal,East,Backpack,Fashion,Bags,Diya Patel,5,1300.0,5,6175.0,627.28,Credit Card,Completed,Delivered
ORD01004,2025-06-21,Kabir Kapoor,Male,26,Surat,Gujarat,West,Smartphone,Electronics,Mobiles,Arjun Patel,2,22500.0,15,0.0,0.0,Credit Card,Cancelled,Cancelled
ORD01005,2025-10-10,Rohan Joshi,Female,38,Pune,Maharashtra,West,Jacket,Fashion,Clothing,Rohan Mehta,5,6600.0,20,26400.0,1474.22,Credit Card,Completed,Delivered
ORD01006,2025-09-27,Aarav Joshi,Female,28,Bengaluru,Karnataka,South,T-Shirt,Fashion,Clothing,Kabir Joshi,2,1300.0,10,2340.0,299.22,UPI,Completed,In Transit
ORD01007,2025-06-29,Anaya Patel,Female,44,Surat,Gujarat,West,Smartphone,Electronics,Mobiles,Riya Desai,5,25400.0,5,120650.0,17847.0,UPI,Completed,Delivered
ORD01008,2025-01-25,Diya Joshi,Female,30,Mysuru,Karnataka,South,Smartphone,Electronics,Mobiles,Rohan Mehta,4,33600.0,15,114240.0,12385.41,Credit Card,Completed,Delivered
ORD01009,2025-11-01,Arjun Verma,Female,49,Nagpur,Maharashtra,West,Sunglasses,Accessories,Eyewear,Anaya Joshi,4,5800.0,5,22040.0,-2431.65,Debit Card,Returned,Returned
ORD01010,2025-10-06,Anaya Desai,Female,60,Ahmedabad,Gujarat,West,Air Conditioner,Appliances,Cooling,Rohan Mehta,1,55400.0,15,47090.0,-5414.56,Debit Card,Returned,Returned
ORD01011,2025-02-03,Riya Kapoor,Female,36,Indore,Madhya Pradesh,Central,Headphones,Electronics,Accessories,Meera Mehta,1,5900.0,20,4720.0,249.6,Net Banking,Completed,Delivered
ORD01012,2025-04-02,Aarav Joshi,Female,54,Pune,Maharashtra,West,Smartwatch,Accessories,Wearables,Meera Mehta,5,15800.0,15,67150.0,-3859.3,Debit Card,Returned,Returned
ORD01013,2025-10-27,Rohan Shah,Female,28,Patna,Bihar,East,Jacket,Fashion,Clothing,Riya Desai,4,4400.0,20,14080.0,2519.75,Debit Card,Completed,Delivered
ORD01014,2025-03-04,Anaya Kapoor,Male,36,Mumbai,Maharashtra,West,Backpack,Fashion,Bags,Meera Mehta,1,1900.0,5,1805.0,-215.49,UPI,Returned,Returned
ORD01015,2025-09-06,Diya Desai,Male,48,Patna,Bihar,East,Washing Machine,Appliances,Laundry Appliances,Anaya Joshi,3,32100.0,15,81855.0,5813.13,Credit Card,Completed,Delivered
ORD01016,2025-03-31,Vivaan Singh,Female,24,Indore,Madhya Pradesh,Central,Smartwatch,Accessories,Wearables,Arjun Patel,3,9300.0,15,0.0,0.0,Net Banking,Cancelled,Cancelled
ORD01017,2025-06-02,Diya Desai,Female,25,Kochi,Kerala,South,Dining Table,Furniture,Dining,Riya Desai,2,51500.0,10,92700.0,15128.12,Credit Card,Completed,Delivered
ORD01018,2025-05-08,Kabir Singh,Female,49,Nagpur,Maharashtra,West,T-Shirt,Fashion,Clothing,Riya Desai,1,2500.0,0,2500.0,134.93,Net Banking,Completed,Delayed
ORD01019,2025-11-08,Aarav Verma,Female,44,Kochi,Kerala,South,Running Shoes,Fashion,Footwear,Anaya Joshi,4,5900.0,5,22420.0,3775.07,Cash,Completed,Delivered
ORD01020,2025-05-08,Aarav Shah,Male,51,Surat,Gujarat,West,Smartwatch,Accessories,Wearables,Aarav Shah,3,9800.0,10,26460.0,4162.93,UPI,Completed,Delayed
ORD01021,2025-11-17,Anaya Joshi,Female,59,Udaipur,Rajasthan,North,Bed,Furniture,Bedroom,Diya Patel,4,20100.0,0,80400.0,12900.68,Credit Card,Completed,Delayed
ORD01022,2025-01-24,Arjun Patel,Male,27,Lucknow,Uttar Pradesh,North,Headphones,Electronics,Accessories,Vivaan Desai,1,4500.0,10,4050.0,444.97,Debit Card,Completed,Delivered
ORD01023,2025-10-29,Meera Kapoor,Female,46,Hyderabad,Telangana,South,Dining Table,Furniture,Dining,Vivaan Desai,3,44500.0,15,113475.0,-5727.8,Debit Card,Returned,Returned
ORD01024,2025-09-11,Arjun Patel,Male,55,Pune,Maharashtra,West,Jacket,Fashion,Clothing,Arjun Patel,2,2600.0,0,0.0,0.0,UPI,Cancelled,Cancelled
ORD01025,2025-01-07,Meera Verma,Male,44,Mumbai,Maharashtra,West,Running Shoes,Fashion,Footwear,Vivaan Desai,2,4000.0,10,7200.0,1005.69,Cash,Completed,Delivered
ORD01026,2025-04-13,Anaya Joshi,Male,57,Bengaluru,Karnataka,South,Running Shoes,Fashion,Footwear,Meera Mehta,2,4200.0,0,8400.0,681.65,Debit Card,Completed,In Transit
ORD01027,2025-03-09,Diya Mehta,Female,22,Kochi,Kerala,South,Jacket,Fashion,Clothing,Riya Desai,5,1900.0,0,0.0,0.0,Net Banking,Cancelled,Cancelled
ORD01028,2025-12-17,Meera Joshi,Female,41,Surat,Gujarat,West,Bed,Furniture,Bedroom,Aarav Shah,3,19600.0,5,55860.0,4217.88,Credit Card,Completed,Delivered
ORD01029,2025-11-21,Diya Kapoor,Female,46,Bhopal,Madhya Pradesh,Central,Backpack,Fashion,Bags,Vivaan Desai,2,2000.0,10,3600.0,573.84,UPI,Completed,Delivered
ORD01030,2025-07-07,Kabir Singh,Female,56,Jaipur,Rajasthan,North,Smartwatch,Accessories,Wearables,Vivaan Desai,3,4200.0,10,11340.0,1993.73,Debit Card,Completed,Delivered
ORD01031,2025-01-30,Arjun Patel,Female,42,Lucknow,Uttar Pradesh,North,Smartphone,Electronics,Mobiles,Ishita Shah,5,33500.0,0,167500.0,-18195.55,Net Banking,Returned,Returned
ORD01032,2025-04-05,Anaya Desai,Male,30,Vadodara,Gujarat,West,Refrigerator,Appliances,Kitchen Appliances,Aarav Shah,1,63000.0,10,56700.0,3773.69,UPI,Completed,Delayed
ORD01033,2025-12-04,Ishita Verma,Female,46,Lucknow,Uttar Pradesh,North,Watch,Accessories,Watches,Ishita Shah,1,5100.0,5,4845.0,815.39,UPI,Completed,Delayed
ORD01034,2025-01-27,Ishita Verma,Female,29,Surat,Gujarat,West,Office Chair,Furniture,Office,Rohan Mehta,3,7500.0,20,18000.0,3141.92,Debit Card,Completed,Delivered
ORD01035,2025-09-16,Anaya Shah,Male,27,Surat,Gujarat,West,Air Conditioner,Appliances,Cooling,Vivaan Desai,2,62100.0,10,111780.0,12176.08,UPI,Completed,Delivered
ORD01036,2025-10-09,Aarav Joshi,Male,55,Jaipur,Rajasthan,North,Watch,Accessories,Watches,Ishita Shah,3,10300.0,15,26265.0,3053.74,Net Banking,Completed,Delivered
ORD01037,2025-12-04,Diya Verma,Male,39,Pune,Maharashtra,West,Headphones,Electronics,Accessories,Rohan Mehta,2,1900.0,5,3610.0,381.52,UPI,Completed,Delivered
ORD01038,2025-09-30,Aarav Singh,Male,41,Udaipur,Rajasthan,North,Headphones,Electronics,Accessories,Diya Patel,4,6100.0,15,20740.0,2846.45,Cash,Completed,Delivered
ORD01039,2025-09-19,Kabir Kapoor,Male,59,Chandigarh,Chandigarh,North,Laptop,Electronics,Computers,Arjun Patel,5,62600.0,5,0.0,0.0,Debit Card,Cancelled,Cancelled
ORD01040,2025-05-22,Diya Shah,Female,19,Chandigarh,Chandigarh,North,Refrigerator,Appliances,Kitchen Appliances,Rohan Mehta,1,40000.0,20,32000.0,4343.1,Debit Card,Completed,Delivered
ORD01041,2025-05-01,Arjun Kapoor,Female,27,Surat,Gujarat,West,Television,Electronics,Home Entertainment,Meera Mehta,1,53400.0,25,40050.0,6028.56,Debit Card,Completed,Delayed
ORD01042,2025-04-13,Aarav Mehta,Female,35,Bengaluru,Karnataka,South,Jeans,Fashion,Clothing,Rohan Mehta,3,4500.0,5,0.0,0.0,UPI,Cancelled,Cancelled
ORD01043,2025-08-13,Diya Verma,Male,55,Mysuru,Karnataka,South,Refrigerator,Appliances,Kitchen Appliances,Riya Desai,3,57500.0,10,155250.0,20510.66,Cash,Completed,Delivered
ORD01044,2025-12-11,Rohan Desai,Female,25,Surat,Gujarat,West,Headphones,Electronics,Accessories,Aarav Shah,1,5200.0,25,3900.0,587.7,Debit Card,Completed,Delivered
ORD01045,2025-07-26,Kabir Joshi,Female,24,Nagpur,Maharashtra,West,Backpack,Fashion,Bags,Diya Patel,5,4200.0,0,21000.0,-1756.7,Cash,Returned,Returned
ORD01046,2025-09-01,Ishita Desai,Male,55,Bengaluru,Karnataka,South,Watch,Accessories,Watches,Ishita Shah,1,14300.0,5,13585.0,-827.92,UPI,Returned,Returned
ORD01047,2025-03-26,Aarav Verma,Female,39,Delhi,Delhi,North,Jacket,Fashion,Clothing,Rohan Mehta,1,5900.0,15,5015.0,506.29,Debit Card,Completed,Delivered
ORD01048,2025-07-04,Vivaan Singh,Female,23,Pune,Maharashtra,West,Backpack,Fashion,Bags,Aarav Shah,3,3400.0,15,8670.0,1358.6,UPI,Completed,Delivered
ORD01049,2025-05-16,Riya Mehta,Female,50,Chennai,Tamil Nadu,South,Bed,Furniture,Bedroom,Vivaan Desai,4,33600.0,15,0.0,0.0,Debit Card,Cancelled,Cancelled
ORD01050,2025-11-03,Riya Mehta,Male,26,Jaipur,Rajasthan,North,Backpack,Fashion,Bags,Riya Desai,5,4300.0,20,17200.0,1380.08,Credit Card,Completed,Delivered
ORD01051,2025-07-09,Ishita Patel,Female,20,Kochi,Kerala,South,T-Shirt,Fashion,Clothing,Aarav Shah,2,700.0,10,1260.0,-56.96,Credit Card,Returned,Returned
ORD01052,2025-04-10,Kabir Mehta,Male,42,Jaipur,Rajasthan,North,Backpack,Fashion,Bags,Anaya Joshi,1,3900.0,10,0.0,0.0,Debit Card,Cancelled,Cancelled
ORD01053,2025-05-07,Kabir Joshi,Female,23,Nagpur,Maharashtra,West,Backpack,Fashion,Bags,Aarav Shah,2,4500.0,0,9000.0,561.23,UPI,Completed,Delivered
ORD01054,2025-10-05,Aarav Verma,Female,21,Ahmedabad,Gujarat,West,Sunglasses,Accessories,Eyewear,Arjun Patel,1,4800.0,5,0.0,0.0,UPI,Cancelled,Cancelled
ORD01055,2025-10-30,Aarav Patel,Female,25,Hyderabad,Telangana,South,Backpack,Fashion,Bags,Ishita Shah,5,1700.0,10,7650.0,1155.06,Net Banking,Completed,Delivered
ORD01056,2025-05-23,Rohan Patel,Male,53,Udaipur,Rajasthan,North,Smartwatch,Accessories,Wearables,Anaya Joshi,3,3700.0,20,8880.0,1219.34,Credit Card,Completed,Delivered
ORD01057,2025-07-21,Rohan Shah,Female,49,Delhi,Delhi,North,Bed,Furniture,Bedroom,Riya Desai,4,40700.0,15,138380.0,-5165.05,UPI,Returned,Returned
ORD01058,2025-10-31,Meera Mehta,Female,32,Lucknow,Uttar Pradesh,North,Backpack,Fashion,Bags,Ishita Shah,3,3000.0,0,0.0,0.0,Net Banking,Cancelled,Cancelled
ORD01059,2025-01-30,Ishita Kapoor,Female,54,Surat,Gujarat,West,Smartwatch,Accessories,Wearables,Vivaan Desai,1,9100.0,15,7735.0,1004.64,Credit Card,Completed,Delivered
ORD01060,2025-11-16,Meera Joshi,Female,36,Bengaluru,Karnataka,South,Refrigerator,Appliances,Kitchen Appliances,Arjun Patel,2,44900.0,25,67350.0,3439.3,Net Banking,Completed,Delivered
ORD01061,2025-01-19,Arjun Patel,Male,30,Ahmedabad,Gujarat,West,Smartwatch,Accessories,Wearables,Kabir Joshi,2,3900.0,5,7410.0,472.2,UPI,Completed,Delivered
ORD01062,2025-08-30,Kabir Joshi,Male,28,Chandigarh,Chandigarh,North,Laptop,Electronics,Computers,Aarav Shah,1,79600.0,0,79600.0,5593.44,UPI,Completed,In Transit
ORD01063,2025-05-07,Kabir Joshi,Male,25,Bengaluru,Karnataka,South,Smartphone,Electronics,Mobiles,Diya Patel,4,32900.0,10,118440.0,8159.09,Cash,Completed,Delivered
ORD01064,2025-12-02,Rohan Desai,Male,48,Udaipur,Rajasthan,North,Sofa,Furniture,Living Room,Riya Desai,5,57100.0,20,0.0,0.0,UPI,Cancelled,Cancelled
ORD01065,2025-08-04,Ishita Patel,Female,45,Vadodara,Gujarat,West,Washing Machine,Appliances,Laundry Appliances,Aarav Shah,1,47400.0,0,47400.0,5907.99,Cash,Completed,Delivered
ORD01066,2025-09-27,Meera Shah,Female,34,Mumbai,Maharashtra,West,Smartwatch,Accessories,Wearables,Rohan Mehta,1,13100.0,20,10480.0,1529.33,Debit Card,Completed,Delivered
ORD01067,2025-01-12,Vivaan Joshi,Male,29,Kochi,Kerala,South,Watch,Accessories,Watches,Anaya Joshi,4,4100.0,5,15580.0,1219.03,Credit Card,Completed,Delayed
ORD01068,2025-04-19,Kabir Desai,Male,42,Hyderabad,Telangana,South,Watch,Accessories,Watches,Meera Mehta,1,2900.0,0,2900.0,439.43,Credit Card,Completed,Delivered
ORD01069,2025-01-21,Arjun Patel,Female,27,Nagpur,Maharashtra,West,Laptop,Electronics,Computers,Kabir Joshi,2,63400.0,10,114120.0,18446.45,UPI,Completed,Delivered
ORD01070,2025-10-06,Riya Joshi,Male,34,Indore,Madhya Pradesh,Central,T-Shirt,Fashion,Clothing,Kabir Joshi,4,1200.0,5,4560.0,-245.65,UPI,Returned,Returned
ORD01071,2025-07-08,Ishita Joshi,Female,49,Ahmedabad,Gujarat,West,T-Shirt,Fashion,Clothing,Anaya Joshi,4,600.0,10,2160.0,354.22,Credit Card,Completed,In Transit
ORD01072,2025-04-28,Ishita Mehta,Male,23,Ahmedabad,Gujarat,West,T-Shirt,Fashion,Clothing,Riya Desai,2,2200.0,25,3300.0,492.0,UPI,Completed,Delayed
ORD01073,2025-05-27,Diya Shah,Female,21,Chandigarh,Chandigarh,North,Air Conditioner,Appliances,Cooling,Aarav Shah,4,67800.0,10,244080.0,-22264.78,UPI,Returned,Returned
ORD01074,2025-02-24,Meera Kapoor,Female,52,Lucknow,Uttar Pradesh,North,Microwave,Appliances,Kitchen Appliances,Riya Desai,2,14000.0,10,25200.0,1472.19,UPI,Completed,Delivered
ORD01075,2025-12-06,Diya Shah,Male,31,Pune,Maharashtra,West,Smartphone,Electronics,Mobiles,Arjun Patel,3,39400.0,15,100470.0,6776.8,UPI,Completed,Delivered
ORD01076,2025-06-30,Vivaan Shah,Male,56,Pune,Maharashtra,West,Smartphone,Electronics,Mobiles,Arjun Patel,3,62700.0,5,178695.0,18301.94,Credit Card,Completed,Delivered
ORD01077,2025-10-14,Diya Joshi,Male,47,Kochi,Kerala,South,Television,Electronics,Home Entertainment,Vivaan Desai,1,28500.0,20,22800.0,3796.42,Debit Card,Completed,Delivered
ORD01078,2025-09-02,Vivaan Desai,Female,32,Udaipur,Rajasthan,North,Television,Electronics,Home Entertainment,Anaya Joshi,5,67500.0,0,337500.0,-14663.99,UPI,Returned,Returned
ORD01079,2025-07-20,Arjun Verma,Male,37,Pune,Maharashtra,West,Washing Machine,Appliances,Laundry Appliances,Riya Desai,2,22700.0,10,40860.0,4539.65,Credit Card,Completed,Delivered
ORD01080,2025-06-05,Vivaan Shah,Female,47,Mysuru,Karnataka,South,Refrigerator,Appliances,Kitchen Appliances,Riya Desai,1,63600.0,5,60420.0,9136.6,UPI,Completed,Delivered
ORD01081,2025-06-03,Meera Mehta,Male,54,Bhopal,Madhya Pradesh,Central,T-Shirt,Fashion,Clothing,Kabir Joshi,1,1600.0,10,1440.0,166.3,Credit Card,Completed,Delivered
ORD01082,2025-06-19,Meera Mehta,Male,43,Patna,Bihar,East,Headphones,Electronics,Accessories,Diya Patel,3,2800.0,5,7980.0,1382.37,UPI,Completed,Delivered
ORD01083,2025-11-03,Riya Shah,Male,34,Delhi,Delhi,North,Jacket,Fashion,Clothing,Aarav Shah,4,5800.0,10,20880.0,2321.83,Net Banking,Completed,Delivered
ORD01084,2025-01-21,Meera Kapoor,Male,41,Patna,Bihar,East,Office Chair,Furniture,Office,Kabir Joshi,3,4500.0,5,12825.0,1818.53,Debit Card,Completed,Delayed
ORD01085,2025-07-30,Vivaan Kapoor,Female,59,Udaipur,Rajasthan,North,Smartwatch,Accessories,Wearables,Anaya Joshi,3,9000.0,0,27000.0,3031.37,Credit Card,Completed,Delivered
ORD01086,2025-02-11,Kabir Shah,Female,21,Hyderabad,Telangana,South,Refrigerator,Appliances,Kitchen Appliances,Meera Mehta,2,60300.0,15,0.0,0.0,UPI,Cancelled,Cancelled
ORD01087,2025-11-09,Riya Verma,Male,50,Kolkata,West Bengal,East,Backpack,Fashion,Bags,Anaya Joshi,5,2300.0,5,10925.0,893.79,UPI,Completed,In Transit
ORD01088,2025-05-05,Arjun Verma,Female,60,Vadodara,Gujarat,West,Bed,Furniture,Bedroom,Ishita Shah,3,56400.0,10,152280.0,15559.25,UPI,Completed,Delivered
ORD01089,2025-09-12,Diya Verma,Female,54,Mysuru,Karnataka,South,Backpack,Fashion,Bags,Anaya Joshi,5,2000.0,0,0.0,0.0,UPI,Cancelled,Cancelled
ORD01090,2025-03-09,Ishita Singh,Female,49,Hyderabad,Telangana,South,Headphones,Electronics,Accessories,Ishita Shah,5,2200.0,5,10450.0,1538.35,Debit Card,Completed,Delivered
ORD01091,2025-10-28,Kabir Singh,Female,25,Lucknow,Uttar Pradesh,North,Bed,Furniture,Bedroom,Riya Desai,3,22900.0,25,51525.0,8028.52,UPI,Completed,Delivered
ORD01092,2025-08-20,Diya Mehta,Male,45,Chandigarh,Chandigarh,North,Jacket,Fashion,Clothing,Ishita Shah,3,6500.0,0,19500.0,-832.25,UPI,Returned,Returned
ORD01093,2025-01-25,Riya Joshi,Male,58,Delhi,Delhi,North,Dining Table,Furniture,Dining,Vivaan Desai,5,17200.0,0,86000.0,4930.31,Net Banking,Completed,Delivered
ORD01094,2025-07-22,Diya Verma,Female,52,Indore,Madhya Pradesh,Central,Sofa,Furniture,Living Room,Arjun Patel,1,42900.0,15,36465.0,5750.9,Debit Card,Completed,Delivered
ORD01095,2025-08-23,Rohan Desai,Male,41,Surat,Gujarat,West,Sofa,Furniture,Living Room,Arjun Patel,3,66200.0,10,0.0,0.0,Credit Card,Cancelled,Cancelled
ORD01096,2025-12-01,Anaya Shah,Male,42,Ahmedabad,Gujarat,West,Backpack,Fashion,Bags,Aarav Shah,1,2800.0,10,2520.0,-148.54,UPI,Returned,Returned
ORD01097,2025-06-14,Aarav Desai,Male,22,Pune,Maharashtra,West,Refrigerator,Appliances,Kitchen Appliances,Vivaan Desai,4,66400.0,10,239040.0,32690.4,Credit Card,Completed,Delivered
ORD01098,2025-01-22,Rohan Desai,Female,60,Patna,Bihar,East,Sunglasses,Accessories,Eyewear,Diya Patel,4,2300.0,5,8740.0,1372.07,UPI,Completed,Delivered
ORD01099,2025-07-15,Anaya Singh,Male,38,Bengaluru,Karnataka,South,Refrigerator,Appliances,Kitchen Appliances,Aarav Shah,5,29700.0,5,0.0,0.0,Cash,Cancelled,Cancelled
ORD01100,2025-04-28,Ishita Desai,Male,24,Chandigarh,Chandigarh,North,Jeans,Fashion,Clothing,Aarav Shah,3,2900.0,10,7830.0,-923.34,UPI,Returned,Returned
ORD01101,2025-07-03,Vivaan Patel,Female,40,Ahmedabad,Gujarat,West,Running Shoes,Fashion,Footwear,Meera Mehta,3,3600.0,10,9720.0,1192.0,Net Banking,Completed,Delivered
ORD01102,2025-07-26,Arjun Desai,Female,23,Nagpur,Maharashtra,West,Microwave,Appliances,Kitchen Appliances,Riya Desai,5,17700.0,5,84075.0,9747.75,UPI,Completed,Delayed
ORD01103,2025-03-11,Diya Joshi,Female,40,Indore,Madhya Pradesh,Central,Backpack,Fashion,Bags,Rohan Mehta,4,4000.0,25,12000.0,-1185.73,Credit Card,Returned,Returned
ORD01104,2025-09-28,Riya Shah,Male,26,Hyderabad,Telangana,South,Smartwatch,Accessories,Wearables,Anaya Joshi,3,5800.0,15,14790.0,1109.32,UPI,Completed,Delivered
ORD01105,2025-04-23,Arjun Joshi,Male,60,Indore,Madhya Pradesh,Central,Microwave,Appliances,Kitchen Appliances,Ishita Shah,1,24200.0,5,22990.0,2756.24,UPI,Completed,Delivered
ORD01106,2025-04-25,Vivaan Patel,Male,57,Lucknow,Uttar Pradesh,North,Air Conditioner,Appliances,Cooling,Meera Mehta,3,35900.0,15,91545.0,8555.07,Debit Card,Completed,Delayed
ORD01107,2025-07-31,Vivaan Shah,Female,34,Mysuru,Karnataka,South,Headphones,Electronics,Accessories,Diya Patel,3,6000.0,20,14400.0,1040.66,UPI,Completed,Delayed
ORD01108,2025-10-14,Riya Shah,Female,41,Mumbai,Maharashtra,West,Microwave,Appliances,Kitchen Appliances,Rohan Mehta,2,22600.0,15,38420.0,2490.08,UPI,Completed,Delivered
ORD01109,2025-01-03,Aarav Joshi,Male,27,Bhopal,Madhya Pradesh,Central,Dining Table,Furniture,Dining,Vivaan Desai,2,19200.0,25,28800.0,3032.45,Net Banking,Completed,Delivered
ORD01110,2025-08-22,Kabir Verma,Male,43,Kolkata,West Bengal,East,T-Shirt,Fashion,Clothing,Meera Mehta,2,2200.0,20,0.0,0.0,Net Banking,Cancelled,Cancelled
ORD01111,2025-02-07,Rohan Mehta,Female,32,Indore,Madhya Pradesh,Central,Bed,Furniture,Bedroom,Ishita Shah,1,59800.0,0,59800.0,-3106.85,Debit Card,Returned,Returned
ORD01112,2025-06-05,Arjun Singh,Female,45,Surat,Gujarat,West,Bed,Furniture,Bedroom,Ishita Shah,4,31200.0,0,124800.0,11512.67,Credit Card,Completed,Delivered
ORD01113,2025-01-15,Ishita Joshi,Female,58,Pune,Maharashtra,West,Bed,Furniture,Bedroom,Rohan Mehta,2,37400.0,20,59840.0,8230.68,Credit Card,Completed,Delivered
ORD01114,2025-05-15,Aarav Mehta,Female,32,Chennai,Tamil Nadu,South,Running Shoes,Fashion,Footwear,Meera Mehta,3,4800.0,0,0.0,0.0,Debit Card,Cancelled,Cancelled
ORD01115,2025-10-29,Diya Joshi,Female,40,Patna,Bihar,East,Washing Machine,Appliances,Laundry Appliances,Rohan Mehta,1,39300.0,25,0.0,0.0,Net Banking,Cancelled,Cancelled
ORD01116,2025-08-12,Vivaan Desai,Female,18,Delhi,Delhi,North,T-Shirt,Fashion,Clothing,Vivaan Desai,1,1500.0,20,1200.0,-49.94,UPI,Returned,Returned
ORD01117,2025-06-29,Ishita Singh,Female,32,Vadodara,Gujarat,West,Backpack,Fashion,Bags,Anaya Joshi,2,1400.0,0,2800.0,475.2,UPI,Completed,Delivered
ORD01118,2025-09-17,Meera Patel,Female,30,Bengaluru,Karnataka,South,Jeans,Fashion,Clothing,Riya Desai,3,4400.0,0,13200.0,1318.1,UPI,Completed,Delayed
ORD01119,2025-08-22,Rohan Mehta,Female,25,Delhi,Delhi,North,Jacket,Fashion,Clothing,Kabir Joshi,2,6700.0,15,11390.0,919.89,Credit Card,Completed,In Transit
ORD01120,2025-07-11,Ishita Singh,Male,48,Vadodara,Gujarat,West,Television,Electronics,Home Entertainment,Riya Desai,5,27300.0,10,122850.0,-13050.87,Debit Card,Returned,Returned
ORD01121,2025-02-24,Arjun Shah,Female,18,Delhi,Delhi,North,Jeans,Fashion,Clothing,Ishita Shah,4,3300.0,0,13200.0,1098.21,UPI,Completed,In Transit
ORD01122,2025-09-22,Arjun Mehta,Female,47,Udaipur,Rajasthan,North,Air Conditioner,Appliances,Cooling,Meera Mehta,1,67600.0,10,60840.0,8059.91,UPI,Completed,In Transit
ORD01123,2025-03-08,Meera Mehta,Female,39,Hyderabad,Telangana,South,Laptop,Electronics,Computers,Riya Desai,1,67400.0,25,50550.0,-2201.39,Credit Card,Returned,Returned
ORD01124,2025-08-21,Anaya Verma,Female,38,Hyderabad,Telangana,South,T-Shirt,Fashion,Clothing,Diya Patel,4,600.0,15,2040.0,212.81,Debit Card,Completed,Delivered
ORD01125,2025-10-14,Diya Joshi,Male,51,Nagpur,Maharashtra,West,Office Chair,Furniture,Office,Diya Patel,4,11100.0,5,42180.0,6948.73,Debit Card,Completed,Delayed
ORD01126,2025-04-03,Rohan Patel,Female,23,Jaipur,Rajasthan,North,Smartwatch,Accessories,Wearables,Aarav Shah,4,5500.0,20,17600.0,-1639.75,UPI,Returned,Returned
ORD01127,2025-12-27,Meera Patel,Male,57,Kolkata,West Bengal,East,Jeans,Fashion,Clothing,Meera Mehta,4,1800.0,0,0.0,0.0,UPI,Cancelled,Cancelled
ORD01128,2025-11-03,Ishita Mehta,Male,30,Chennai,Tamil Nadu,South,Television,Electronics,Home Entertainment,Aarav Shah,2,44600.0,5,84740.0,12086.9,UPI,Completed,Delivered
ORD01129,2025-11-07,Arjun Mehta,Male,24,Vadodara,Gujarat,West,Jeans,Fashion,Clothing,Riya Desai,1,3400.0,10,3060.0,231.14,Debit Card,Completed,Delivered
ORD01130,2025-03-05,Vivaan Kapoor,Female,25,Lucknow,Uttar Pradesh,North,Sofa,Furniture,Living Room,Diya Patel,1,34900.0,5,33155.0,3357.01,Credit Card,Completed,Delayed
ORD01131,2025-07-18,Aarav Kapoor,Female,44,Ahmedabad,Gujarat,West,Television,Electronics,Home Entertainment,Anaya Joshi,5,77600.0,5,0.0,0.0,Debit Card,Cancelled,Cancelled
ORD01132,2025-08-22,Diya Mehta,Female,23,Indore,Madhya Pradesh,Central,Backpack,Fashion,Bags,Anaya Joshi,3,1000.0,0,3000.0,-155.2,Debit Card,Returned,Returned
ORD01133,2025-10-14,Riya Patel,Female,45,Indore,Madhya Pradesh,Central,Microwave,Appliances,Kitchen Appliances,Riya Desai,3,8800.0,5,0.0,0.0,Debit Card,Cancelled,Cancelled
ORD01134,2025-05-13,Meera Kapoor,Male,36,Mysuru,Karnataka,South,Running Shoes,Fashion,Footwear,Arjun Patel,3,5500.0,15,0.0,0.0,UPI,Cancelled,Cancelled
ORD01135,2025-11-06,Vivaan Desai,Female,20,Hyderabad,Telangana,South,Jeans,Fashion,Clothing,Ishita Shah,1,1600.0,5,0.0,0.0,Net Banking,Cancelled,Cancelled
ORD01136,2025-08-14,Anaya Singh,Male,20,Kolkata,West Bengal,East,Office Chair,Furniture,Office,Rohan Mehta,3,9100.0,0,27300.0,4280.65,UPI,Completed,Delivered
ORD01137,2025-09-26,Arjun Kapoor,Female,43,Bhopal,Madhya Pradesh,Central,Smartwatch,Accessories,Wearables,Kabir Joshi,1,10300.0,5,9785.0,1288.2,Cash,Completed,In Transit
ORD01138,2025-06-05,Aarav Verma,Male,25,Indore,Madhya Pradesh,Central,Bed,Furniture,Bedroom,Riya Desai,2,13500.0,10,24300.0,1843.95,Cash,Completed,Delayed
ORD01139,2025-11-05,Anaya Kapoor,Female,59,Bengaluru,Karnataka,South,Sofa,Furniture,Living Room,Diya Patel,4,36300.0,5,137940.0,11389.17,Debit Card,Completed,Delivered
ORD01140,2025-02-15,Rohan Kapoor,Female,34,Bengaluru,Karnataka,South,Smartphone,Electronics,Mobiles,Diya Patel,1,26400.0,10,23760.0,4160.28,Debit Card,Completed,Delivered
ORD01141,2025-09-22,Arjun Kapoor,Female,36,Delhi,Delhi,North,Jacket,Fashion,Clothing,Rohan Mehta,1,3500.0,10,3150.0,277.68,Debit Card,Completed,Delivered
ORD01142,2025-02-01,Diya Verma,Male,41,Mumbai,Maharashtra,West,Washing Machine,Appliances,Laundry Appliances,Riya Desai,3,50200.0,5,143070.0,24986.07,Cash,Completed,In Transit
ORD01143,2025-05-01,Ishita Mehta,Female,37,Mysuru,Karnataka,South,Dining Table,Furniture,Dining,Vivaan Desai,2,41700.0,10,0.0,0.0,Cash,Cancelled,Cancelled
ORD01144,2025-09-16,Rohan Verma,Female,43,Chennai,Tamil Nadu,South,Jeans,Fashion,Clothing,Riya Desai,5,2700.0,5,12825.0,-897.96,Debit Card,Returned,Returned
ORD01145,2025-01-04,Ishita Kapoor,Female,19,Jaipur,Rajasthan,North,Backpack,Fashion,Bags,Anaya Joshi,2,1100.0,10,1980.0,-154.99,UPI,Returned,Returned
ORD01146,2025-06-25,Diya Verma,Male,59,Indore,Madhya Pradesh,Central,Television,Electronics,Home Entertainment,Kabir Joshi,1,57500.0,0,57500.0,3817.72,Debit Card,Completed,Delivered
ORD01147,2025-04-16,Arjun Mehta,Male,18,Mumbai,Maharashtra,West,Dining Table,Furniture,Dining,Riya Desai,3,36600.0,5,104310.0,9638.67,Net Banking,Completed,Delayed
ORD01148,2025-12-26,Meera Joshi,Male,30,Indore,Madhya Pradesh,Central,Sofa,Furniture,Living Room,Rohan Mehta,2,31800.0,5,60420.0,3369.33,UPI,Completed,Delivered
ORD01149,2025-12-03,Vivaan Joshi,Male,32,Bhopal,Madhya Pradesh,Central,Jacket,Fashion,Clothing,Kabir Joshi,4,4900.0,20,0.0,0.0,Debit Card,Cancelled,Cancelled
ORD01150,2025-07-31,Diya Patel,Female,30,Pune,Maharashtra,West,Air Conditioner,Appliances,Cooling,Meera Mehta,2,73600.0,5,139840.0,15694.14,UPI,Completed,Delivered
ORD01151,2025-01-15,Meera Patel,Male,34,Nagpur,Maharashtra,West,Microwave,Appliances,Kitchen Appliances,Arjun Patel,5,17600.0,10,79200.0,4140.85,Net Banking,Completed,Delivered
ORD01152,2025-05-21,Aarav Mehta,Female,59,Pune,Maharashtra,West,Backpack,Fashion,Bags,Vivaan Desai,2,1400.0,15,2380.0,-177.23,Debit Card,Returned,Returned
ORD01153,2025-01-12,Arjun Shah,Male,48,Delhi,Delhi,North,Washing Machine,Appliances,Laundry Appliances,Anaya Joshi,1,62100.0,15,52785.0,6404.59,Debit Card,Completed,Delivered
ORD01154,2025-10-09,Aarav Joshi,Female,53,Ahmedabad,Gujarat,West,Bed,Furniture,Bedroom,Vivaan Desai,1,45300.0,15,38505.0,-1793.24,Debit Card,Returned,Returned
ORD01155,2025-06-24,Riya Shah,Male,29,Nagpur,Maharashtra,West,Refrigerator,Appliances,Kitchen Appliances,Vivaan Desai,2,60500.0,10,0.0,0.0,Cash,Cancelled,Cancelled
ORD01156,2025-03-30,Ishita Verma,Male,30,Mumbai,Maharashtra,West,Watch,Accessories,Watches,Meera Mehta,5,11900.0,5,56525.0,4754.84,Credit Card,Completed,Delivered
ORD01157,2025-10-25,Rohan Patel,Male,44,Kolkata,West Bengal,East,Laptop,Electronics,Computers,Kabir Joshi,5,58400.0,15,248200.0,-24626.01,Debit Card,Returned,Returned
ORD01158,2025-06-09,Arjun Mehta,Male,32,Jaipur,Rajasthan,North,Air Conditioner,Appliances,Cooling,Diya Patel,5,70900.0,10,319050.0,23766.46,Cash,Completed,In Transit
ORD01159,2025-01-17,Vivaan Singh,Female,51,Mysuru,Karnataka,South,Microwave,Appliances,Kitchen Appliances,Anaya Joshi,4,12300.0,10,44280.0,3264.72,UPI,Completed,Delivered
ORD01160,2025-06-13,Kabir Joshi,Female,23,Kolkata,West Bengal,East,Office Chair,Furniture,Office,Diya Patel,5,18000.0,10,81000.0,9012.27,Net Banking,Completed,Delivered
ORD01161,2025-07-11,Rohan Kapoor,Male,26,Jaipur,Rajasthan,North,Jacket,Fashion,Clothing,Arjun Patel,3,5600.0,0,16800.0,3005.45,Credit Card,Completed,Delivered
ORD01162,2025-05-08,Vivaan Singh,Male,19,Kochi,Kerala,South,Sofa,Furniture,Living Room,Meera Mehta,5,62900.0,0,314500.0,53655.33,Debit Card,Completed,Delivered
ORD01163,2025-02-13,Ishita Singh,Female,35,Jaipur,Rajasthan,North,Television,Electronics,Home Entertainment,Anaya Joshi,2,61000.0,15,103700.0,-10543.3,Net Banking,Returned,Returned
ORD01164,2025-03-05,Riya Joshi,Female,48,Chennai,Tamil Nadu,South,Smartwatch,Accessories,Wearables,Rohan Mehta,5,5700.0,10,25650.0,2839.68,Net Banking,Completed,Delayed
ORD01165,2025-11-14,Rohan Joshi,Male,42,Indore,Madhya Pradesh,Central,Dining Table,Furniture,Dining,Anaya Joshi,5,36000.0,20,144000.0,23566.84,UPI,Completed,Delivered
ORD01166,2025-11-02,Ishita Singh,Female,23,Bengaluru,Karnataka,South,Air Conditioner,Appliances,Cooling,Diya Patel,5,73200.0,10,0.0,0.0,UPI,Cancelled,Cancelled
ORD01167,2025-01-19,Arjun Shah,Female,20,Chandigarh,Chandigarh,North,Laptop,Electronics,Computers,Diya Patel,1,53800.0,15,0.0,0.0,UPI,Cancelled,Cancelled
ORD01168,2025-06-05,Rohan Joshi,Female,27,Bhopal,Madhya Pradesh,Central,Watch,Accessories,Watches,Anaya Joshi,1,4400.0,15,0.0,0.0,Credit Card,Cancelled,Cancelled
ORD01169,2025-10-10,Rohan Singh,Male,28,Kolkata,West Bengal,East,Bed,Furniture,Bedroom,Arjun Patel,3,51100.0,20,122640.0,21115.71,Debit Card,Completed,Delivered
ORD01170,2025-12-04,Diya Joshi,Female,35,Hyderabad,Telangana,South,Microwave,Appliances,Kitchen Appliances,Diya Patel,3,24900.0,10,67230.0,4705.22,UPI,Completed,Delivered
ORD01171,2025-06-18,Arjun Shah,Female,23,Surat,Gujarat,West,Sofa,Furniture,Living Room,Rohan Mehta,1,23800.0,0,23800.0,-1217.43,UPI,Returned,Returned
ORD01172,2025-08-25,Aarav Singh,Male,38,Bengaluru,Karnataka,South,Sunglasses,Accessories,Eyewear,Rohan Mehta,5,1900.0,5,9025.0,1517.63,UPI,Completed,Delivered
ORD01173,2025-06-26,Aarav Joshi,Male,56,Vadodara,Gujarat,West,Sofa,Furniture,Living Room,Kabir Joshi,3,45700.0,20,109680.0,19602.17,UPI,Completed,Delayed
ORD01174,2025-09-22,Meera Kapoor,Male,38,Bengaluru,Karnataka,South,Television,Electronics,Home Entertainment,Meera Mehta,2,54500.0,10,98100.0,12675.56,Credit Card,Completed,Delivered
ORD01175,2025-01-15,Ishita Verma,Male,37,Indore,Madhya Pradesh,Central,Dining Table,Furniture,Dining,Diya Patel,3,38400.0,15,0.0,0.0,UPI,Cancelled,Cancelled
ORD01176,2025-06-25,Aarav Desai,Male,41,Surat,Gujarat,West,Bed,Furniture,Bedroom,Anaya Joshi,3,36900.0,15,94095.0,6468.21,Credit Card,Completed,In Transit
ORD01177,2025-11-25,Diya Patel,Male,54,Indore,Madhya Pradesh,Central,Office Chair,Furniture,Office,Meera Mehta,1,6500.0,0,6500.0,723.2,Debit Card,Completed,In Transit
ORD01178,2025-06-03,Kabir Mehta,Female,28,Delhi,Delhi,North,Air Conditioner,Appliances,Cooling,Aarav Shah,1,34500.0,5,32775.0,4261.25,Cash,Completed,Delivered
ORD01179,2025-02-26,Meera Patel,Male,45,Chandigarh,Chandigarh,North,Air Conditioner,Appliances,Cooling,Aarav Shah,2,45100.0,5,85690.0,10670.03,Debit Card,Completed,Delayed
ORD01180,2025-05-23,Vivaan Singh,Female,60,Kolkata,West Bengal,East,Jeans,Fashion,Clothing,Vivaan Desai,2,3000.0,10,5400.0,-303.78,Net Banking,Returned,Returned
ORD01181,2025-04-19,Anaya Kapoor,Male,18,Mysuru,Karnataka,South,Office Chair,Furniture,Office,Ishita Shah,2,11800.0,5,22420.0,2561.61,UPI,Completed,Delayed
ORD01182,2025-04-10,Ishita Joshi,Male,49,Patna,Bihar,East,Watch,Accessories,Watches,Vivaan Desai,3,2600.0,10,0.0,0.0,Cash,Cancelled,Cancelled
ORD01183,2025-07-15,Riya Desai,Male,32,Kolkata,West Bengal,East,Jeans,Fashion,Clothing,Meera Mehta,1,2500.0,5,2375.0,196.0,Net Banking,Completed,Delivered
ORD01184,2025-12-18,Meera Joshi,Male,35,Surat,Gujarat,West,Refrigerator,Appliances,Kitchen Appliances,Diya Patel,5,56700.0,0,283500.0,27596.05,UPI,Completed,Delivered
ORD01185,2025-09-28,Riya Singh,Male,50,Chandigarh,Chandigarh,North,Washing Machine,Appliances,Laundry Appliances,Arjun Patel,1,33000.0,5,31350.0,2904.69,Net Banking,Completed,In Transit
ORD01186,2025-11-21,Meera Verma,Female,24,Surat,Gujarat,West,Backpack,Fashion,Bags,Aarav Shah,1,3700.0,10,0.0,0.0,Cash,Cancelled,Cancelled
ORD01187,2025-02-01,Aarav Verma,Female,34,Bengaluru,Karnataka,South,Headphones,Electronics,Accessories,Diya Patel,4,2700.0,5,0.0,0.0,Net Banking,Cancelled,Cancelled
ORD01188,2025-11-11,Aarav Desai,Male,27,Nagpur,Maharashtra,West,Dining Table,Furniture,Dining,Kabir Joshi,2,24100.0,5,45790.0,7166.75,Debit Card,Completed,In Transit
ORD01189,2025-12-23,Diya Patel,Male,32,Surat,Gujarat,West,Jacket,Fashion,Clothing,Kabir Joshi,4,3000.0,5,11400.0,-1274.28,UPI,Returned,Returned
ORD01190,2025-10-14,Kabir Verma,Female,45,Kolkata,West Bengal,East,Jacket,Fashion,Clothing,Anaya Joshi,3,5100.0,5,14535.0,1604.51,Credit Card,Completed,Delivered
ORD01191,2025-07-06,Diya Joshi,Female,52,Chennai,Tamil Nadu,South,Watch,Accessories,Watches,Ishita Shah,4,4800.0,25,14400.0,1116.6,Net Banking,Completed,Delivered
ORD01192,2025-03-29,Kabir Verma,Male,20,Mumbai,Maharashtra,West,Laptop,Electronics,Computers,Rohan Mehta,4,67400.0,15,229160.0,30064.1,Net Banking,Completed,Delayed
ORD01193,2025-11-23,Rohan Shah,Male,40,Kochi,Kerala,South,Air Conditioner,Appliances,Cooling,Riya Desai,3,66400.0,15,0.0,0.0,Credit Card,Cancelled,Cancelled
ORD01194,2025-07-16,Rohan Mehta,Male,46,Udaipur,Rajasthan,North,Laptop,Electronics,Computers,Meera Mehta,4,47900.0,20,153280.0,-11645.06,Cash,Returned,Returned
ORD01195,2025-07-24,Meera Singh,Male,55,Jaipur,Rajasthan,North,Running Shoes,Fashion,Footwear,Vivaan Desai,5,5900.0,5,28025.0,1562.81,UPI,Completed,Delivered
ORD01196,2025-04-22,Riya Kapoor,Female,34,Mysuru,Karnataka,South,Office Chair,Furniture,Office,Ishita Shah,3,10800.0,10,29160.0,3979.0,UPI,Completed,In Transit
ORD01197,2025-08-03,Aarav Mehta,Male,35,Patna,Bihar,East,Jeans,Fashion,Clothing,Kabir Joshi,2,2200.0,15,3740.0,639.67,UPI,Completed,Delivered
ORD01198,2025-03-06,Meera Patel,Female,44,Kochi,Kerala,South,Refrigerator,Appliances,Kitchen Appliances,Ishita Shah,5,59200.0,10,266400.0,45245.35,UPI,Completed,Delivered
ORD01199,2025-04-23,Ishita Mehta,Male,27,Patna,Bihar,East,Backpack,Fashion,Bags,Ishita Shah,3,2700.0,15,6885.0,1003.45,UPI,Completed,Delayed
ORD01200,2025-06-18,Diya Kapoor,Male,51,Indore,Madhya Pradesh,Central,Refrigerator,Appliances,Kitchen Appliances,Rohan Mehta,4,66100.0,10,237960.0,32015.62,UPI,Completed,Delivered
ORD01201,2025-03-19,Vivaan Patel,Male,49,Mumbai,Maharashtra,West,Jacket,Fashion,Clothing,Arjun Patel,1,7100.0,5,6745.0,1169.2,Credit Card,Completed,Delivered
ORD01202,2025-05-06,Meera Shah,Male,36,Delhi,Delhi,North,Smartwatch,Accessories,Wearables,Vivaan Desai,1,15700.0,15,13345.0,2351.43,UPI,Completed,In Transit
ORD01203,2025-11-03,Anaya Singh,Female,44,Bengaluru,Karnataka,South,Office Chair,Furniture,Office,Vivaan Desai,1,15000.0,25,11250.0,1687.5,Credit Card,Completed,Delivered
ORD01204,2025-08-04,Riya Mehta,Male,25,Vadodara,Gujarat,West,Smartphone,Electronics,Mobiles,Diya Patel,4,52300.0,15,177820.0,22753.71,Debit Card,Completed,Delivered
ORD01205,2025-07-14,Vivaan Singh,Female,21,Delhi,Delhi,North,Sunglasses,Accessories,Eyewear,Vivaan Desai,1,1300.0,0,1300.0,99.04,Credit Card,Completed,Delivered
ORD01206,2025-05-07,Riya Shah,Female,40,Bengaluru,Karnataka,South,Microwave,Appliances,Kitchen Appliances,Kabir Joshi,4,23400.0,10,84240.0,11351.89,Cash,Completed,Delivered
ORD01207,2025-08-04,Arjun Singh,Female,47,Kochi,Kerala,South,Running Shoes,Fashion,Footwear,Diya Patel,2,2900.0,15,4930.0,313.16,Cash,Completed,Delivered
ORD01208,2025-11-19,Aarav Kapoor,Female,50,Pune,Maharashtra,West,Refrigerator,Appliances,Kitchen Appliances,Riya Desai,5,53400.0,10,240300.0,22889.16,Credit Card,Completed,Delivered
ORD01209,2025-04-11,Riya Patel,Male,42,Chandigarh,Chandigarh,North,Dining Table,Furniture,Dining,Riya Desai,2,25800.0,10,46440.0,4065.72,UPI,Completed,Delivered
ORD01210,2025-09-05,Meera Shah,Male,50,Udaipur,Rajasthan,North,Headphones,Electronics,Accessories,Aarav Shah,4,1500.0,5,0.0,0.0,UPI,Cancelled,Cancelled
ORD01211,2025-06-22,Rohan Joshi,Male,41,Pune,Maharashtra,West,Jeans,Fashion,Clothing,Kabir Joshi,5,4300.0,10,19350.0,3082.85,Credit Card,Completed,Delivered
ORD01212,2025-07-28,Meera Patel,Male,26,Ahmedabad,Gujarat,West,Microwave,Appliances,Kitchen Appliances,Rohan Mehta,5,10200.0,10,0.0,0.0,Credit Card,Cancelled,Cancelled
ORD01213,2025-03-18,Ishita Desai,Female,34,Kochi,Kerala,South,Smartwatch,Accessories,Wearables,Aarav Shah,1,14900.0,25,11175.0,-1069.05,UPI,Returned,Returned
ORD01214,2025-09-22,Meera Shah,Female,19,Bhopal,Madhya Pradesh,Central,Watch,Accessories,Watches,Diya Patel,4,8000.0,10,0.0,0.0,UPI,Cancelled,Cancelled
ORD01215,2025-10-26,Vivaan Joshi,Female,38,Indore,Madhya Pradesh,Central,Dining Table,Furniture,Dining,Anaya Joshi,3,43200.0,0,129600.0,10681.09,UPI,Completed,In Transit
ORD01216,2025-04-10,Rohan Desai,Male,53,Nagpur,Maharashtra,West,Backpack,Fashion,Bags,Meera Mehta,3,3600.0,0,10800.0,1924.29,UPI,Completed,Delivered
ORD01217,2025-04-08,Aarav Verma,Female,47,Bhopal,Madhya Pradesh,Central,T-Shirt,Fashion,Clothing,Ishita Shah,5,1500.0,15,6375.0,-429.26,UPI,Returned,Returned
ORD01218,2025-10-21,Kabir Mehta,Female,33,Indore,Madhya Pradesh,Central,Washing Machine,Appliances,Laundry Appliances,Rohan Mehta,4,59700.0,15,202980.0,-15905.96,UPI,Returned,Returned
ORD01219,2025-09-28,Kabir Mehta,Male,51,Lucknow,Uttar Pradesh,North,Sofa,Furniture,Living Room,Riya Desai,3,63000.0,10,170100.0,25523.52,Debit Card,Completed,Delivered
ORD01220,2025-10-20,Kabir Patel,Female,22,Bhopal,Madhya Pradesh,Central,Smartwatch,Accessories,Wearables,Meera Mehta,5,13500.0,0,67500.0,6293.33,Debit Card,Completed,Delayed
ORD01221,2025-11-05,Kabir Kapoor,Female,24,Mumbai,Maharashtra,West,Washing Machine,Appliances,Laundry Appliances,Kabir Joshi,3,63900.0,5,0.0,0.0,Net Banking,Cancelled,Cancelled
ORD01222,2025-04-06,Anaya Shah,Male,56,Mumbai,Maharashtra,West,Office Chair,Furniture,Office,Aarav Shah,1,8900.0,10,8010.0,878.37,Credit Card,Completed,Delayed
ORD01223,2025-12-17,Meera Singh,Male,29,Mumbai,Maharashtra,West,Office Chair,Furniture,Office,Ishita Shah,3,5300.0,15,13515.0,2018.76,Cash,Completed,Delivered
ORD01224,2025-11-07,Kabir Kapoor,Female,60,Kolkata,West Bengal,East,Bed,Furniture,Bedroom,Ishita Shah,2,34000.0,20,0.0,0.0,Net Banking,Cancelled,Cancelled
ORD01225,2025-05-03,Aarav Desai,Male,52,Chandigarh,Chandigarh,North,Jeans,Fashion,Clothing,Arjun Patel,3,1700.0,10,4590.0,378.61,Credit Card,Completed,Delivered
ORD01226,2025-07-01,Vivaan Patel,Male,26,Vadodara,Gujarat,West,Smartphone,Electronics,Mobiles,Rohan Mehta,2,48500.0,15,82450.0,10292.73,Credit Card,Completed,Delivered
ORD01227,2025-07-19,Kabir Mehta,Male,21,Mumbai,Maharashtra,West,Dining Table,Furniture,Dining,Riya Desai,3,33900.0,5,96615.0,15989.41,Debit Card,Completed,In Transit
ORD01228,2025-11-28,Rohan Singh,Female,23,Delhi,Delhi,North,Dining Table,Furniture,Dining,Riya Desai,1,30300.0,20,24240.0,2724.52,UPI,Completed,In Transit
ORD01229,2025-06-03,Rohan Shah,Male,39,Chennai,Tamil Nadu,South,Air Conditioner,Appliances,Cooling,Arjun Patel,3,57000.0,15,145350.0,11224.75,Debit Card,Completed,Delayed
ORD01230,2025-01-01,Rohan Singh,Male,41,Patna,Bihar,East,Jeans,Fashion,Clothing,Diya Patel,3,3200.0,15,8160.0,1011.56,Debit Card,Completed,In Transit
ORD01231,2025-09-14,Arjun Patel,Female,49,Lucknow,Uttar Pradesh,North,Backpack,Fashion,Bags,Rohan Mehta,5,3700.0,5,17575.0,970.7,UPI,Completed,Delivered
ORD01232,2025-05-10,Diya Verma,Male,30,Ahmedabad,Gujarat,West,Refrigerator,Appliances,Kitchen Appliances,Meera Mehta,3,48600.0,15,123930.0,13091.74,Cash,Completed,Delivered
ORD01233,2025-04-10,Anaya Mehta,Female,43,Bengaluru,Karnataka,South,Laptop,Electronics,Computers,Riya Desai,4,77800.0,10,280080.0,29952.91,UPI,Completed,Delivered
ORD01234,2025-07-01,Meera Verma,Male,48,Patna,Bihar,East,Jeans,Fashion,Clothing,Riya Desai,5,3600.0,10,16200.0,2629.18,UPI,Completed,Delivered
ORD01235,2025-10-31,Anaya Singh,Male,36,Hyderabad,Telangana,South,Laptop,Electronics,Computers,Meera Mehta,3,83500.0,10,225450.0,12373.7,Net Banking,Completed,Delivered
ORD01236,2025-10-26,Ishita Verma,Male,57,Bengaluru,Karnataka,South,Smartwatch,Accessories,Wearables,Meera Mehta,2,9100.0,5,17290.0,2429.68,Credit Card,Completed,Delivered
ORD01237,2025-11-06,Anaya Patel,Male,49,Pune,Maharashtra,West,Watch,Accessories,Watches,Rohan Mehta,4,7500.0,0,30000.0,5213.03,Debit Card,Completed,In Transit
ORD01238,2025-09-24,Diya Mehta,Male,37,Pune,Maharashtra,West,Office Chair,Furniture,Office,Vivaan Desai,5,11300.0,20,0.0,0.0,UPI,Cancelled,Cancelled
ORD01239,2025-08-02,Kabir Mehta,Female,37,Bhopal,Madhya Pradesh,Central,Sunglasses,Accessories,Eyewear,Arjun Patel,5,1600.0,15,6800.0,1157.59,UPI,Completed,Delayed
ORD01240,2025-03-03,Aarav Shah,Male,19,Patna,Bihar,East,Running Shoes,Fashion,Footwear,Ishita Shah,3,2100.0,10,5670.0,853.57,UPI,Completed,Delivered
ORD01241,2025-01-29,Kabir Joshi,Male,38,Mysuru,Karnataka,South,Office Chair,Furniture,Office,Vivaan Desai,2,5700.0,0,11400.0,-791.18,Debit Card,Returned,Returned
ORD01242,2025-03-31,Riya Kapoor,Male,40,Udaipur,Rajasthan,North,Running Shoes,Fashion,Footwear,Rohan Mehta,2,6100.0,15,10370.0,698.43,Credit Card,Completed,Delivered
ORD01243,2025-08-23,Rohan Singh,Female,60,Chennai,Tamil Nadu,South,Microwave,Appliances,Kitchen Appliances,Kabir Joshi,2,23200.0,0,46400.0,6110.92,Cash,Completed,Delivered
ORD01244,2025-11-19,Ishita Desai,Female,43,Chandigarh,Chandigarh,North,Running Shoes,Fashion,Footwear,Meera Mehta,4,2300.0,15,0.0,0.0,Net Banking,Cancelled,Cancelled
ORD01245,2025-03-23,Kabir Joshi,Male,39,Chandigarh,Chandigarh,North,Jeans,Fashion,Clothing,Meera Mehta,1,1800.0,10,1620.0,159.25,Debit Card,Completed,Delivered
ORD01246,2025-01-22,Vivaan Mehta,Female,36,Delhi,Delhi,North,Watch,Accessories,Watches,Rohan Mehta,3,12500.0,20,0.0,0.0,UPI,Cancelled,Cancelled
ORD01247,2025-08-12,Vivaan Verma,Female,40,Nagpur,Maharashtra,West,Headphones,Electronics,Accessories,Rohan Mehta,2,1500.0,15,0.0,0.0,Net Banking,Cancelled,Cancelled
ORD01248,2025-12-20,Ishita Verma,Male,44,Udaipur,Rajasthan,North,Refrigerator,Appliances,Kitchen Appliances,Kabir Joshi,1,66300.0,5,0.0,0.0,UPI,Cancelled,Cancelled
ORD01249,2025-01-07,Aarav Kapoor,Female,36,Chandigarh,Chandigarh,North,Television,Electronics,Home Entertainment,Aarav Shah,2,83600.0,0,167200.0,14490.86,Debit Card,Completed,Delivered
ORD01250,2025-11-19,Aarav Mehta,Female,22,Udaipur,Rajasthan,North,Backpack,Fashion,Bags,Anaya Joshi,3,1500.0,0,4500.0,455.59,UPI,Completed,Delivered
ORD01251,2025-04-02,Rohan Desai,Female,28,Pune,Maharashtra,West,Office Chair,Furniture,Office,Vivaan Desai,4,6900.0,10,24840.0,-1896.48,Credit Card,Returned,Returned
ORD01252,2025-10-30,Kabir Desai,Female,24,Delhi,Delhi,North,Backpack,Fashion,Bags,Ishita Shah,1,3200.0,10,2880.0,233.66,UPI,Completed,In Transit
ORD01253,2025-09-23,Kabir Singh,Female,40,Chandigarh,Chandigarh,North,Refrigerator,Appliances,Kitchen Appliances,Ishita Shah,4,53800.0,10,193680.0,17432.64,Credit Card,Completed,Delivered
ORD01254,2025-03-30,Kabir Verma,Female,18,Bengaluru,Karnataka,South,T-Shirt,Fashion,Clothing,Anaya Joshi,2,2200.0,10,3960.0,377.03,Debit Card,Completed,Delivered
ORD01255,2025-05-19,Ishita Kapoor,Male,39,Lucknow,Uttar Pradesh,North,Microwave,Appliances,Kitchen Appliances,Anaya Joshi,1,9500.0,5,0.0,0.0,Credit Card,Cancelled,Cancelled
ORD01256,2025-09-24,Arjun Joshi,Male,32,Kolkata,West Bengal,East,Dining Table,Furniture,Dining,Meera Mehta,1,37400.0,0,37400.0,4751.71,UPI,Completed,Delayed
ORD01257,2025-06-07,Arjun Kapoor,Male,24,Ahmedabad,Gujarat,West,Microwave,Appliances,Kitchen Appliances,Meera Mehta,3,12400.0,20,29760.0,2539.3,Credit Card,Completed,Delivered
ORD01258,2025-11-24,Riya Joshi,Female,46,Bengaluru,Karnataka,South,Jeans,Fashion,Clothing,Rohan Mehta,3,3800.0,15,9690.0,926.92,UPI,Completed,Delivered
ORD01259,2025-06-26,Meera Desai,Male,49,Chennai,Tamil Nadu,South,Bed,Furniture,Bedroom,Ishita Shah,3,34300.0,10,92610.0,-9722.89,Debit Card,Returned,Returned
ORD01260,2025-07-10,Vivaan Patel,Female,39,Chennai,Tamil Nadu,South,Bed,Furniture,Bedroom,Riya Desai,5,25100.0,10,112950.0,9247.2,Net Banking,Completed,Delivered
ORD01261,2025-10-23,Kabir Kapoor,Male,54,Pune,Maharashtra,West,Air Conditioner,Appliances,Cooling,Anaya Joshi,2,62000.0,10,0.0,0.0,Credit Card,Cancelled,Cancelled
ORD01262,2025-12-02,Riya Verma,Female,23,Lucknow,Uttar Pradesh,North,Bed,Furniture,Bedroom,Rohan Mehta,2,26500.0,25,39750.0,4755.38,Credit Card,Completed,Delivered
ORD01263,2025-10-22,Diya Joshi,Male,43,Kochi,Kerala,South,Dining Table,Furniture,Dining,Riya Desai,4,21000.0,15,71400.0,11741.59,Debit Card,Completed,Delivered
ORD01264,2025-05-13,Arjun Joshi,Female,31,Mysuru,Karnataka,South,Dining Table,Furniture,Dining,Anaya Joshi,3,14100.0,15,35955.0,6274.97,Credit Card,Completed,Delivered
ORD01265,2025-03-03,Aarav Shah,Female,28,Kochi,Kerala,South,Jeans,Fashion,Clothing,Riya Desai,2,3400.0,10,6120.0,762.41,Cash,Completed,Delayed
ORD01266,2025-04-08,Aarav Verma,Female,22,Nagpur,Maharashtra,West,Office Chair,Furniture,Office,Riya Desai,5,14900.0,10,67050.0,8003.65,Credit Card,Completed,Delivered
ORD01267,2025-10-12,Diya Verma,Male,19,Pune,Maharashtra,West,Microwave,Appliances,Kitchen Appliances,Kabir Joshi,5,19600.0,5,93100.0,11128.63,Credit Card,Completed,Delivered
ORD01268,2025-02-13,Riya Joshi,Male,25,Kolkata,West Bengal,East,Refrigerator,Appliances,Kitchen Appliances,Vivaan Desai,2,27500.0,10,49500.0,6295.3,Net Banking,Completed,In Transit
ORD01269,2025-12-23,Riya Shah,Male,30,Chandigarh,Chandigarh,North,T-Shirt,Fashion,Clothing,Aarav Shah,3,1300.0,10,3510.0,313.03,Net Banking,Completed,Delivered
ORD01270,2025-02-21,Diya Kapoor,Male,54,Patna,Bihar,East,Refrigerator,Appliances,Kitchen Appliances,Kabir Joshi,3,40700.0,10,0.0,0.0,Credit Card,Cancelled,Cancelled
ORD01271,2025-06-14,Diya Mehta,Male,58,Delhi,Delhi,North,Jeans,Fashion,Clothing,Meera Mehta,1,4000.0,5,3800.0,426.97,UPI,Completed,In Transit
ORD01272,2025-09-22,Kabir Mehta,Male,40,Surat,Gujarat,West,Laptop,Electronics,Computers,Arjun Patel,4,74600.0,10,268560.0,-21036.48,Cash,Returned,Returned
ORD01273,2025-11-29,Diya Verma,Male,27,Mysuru,Karnataka,South,Sofa,Furniture,Living Room,Arjun Patel,2,55200.0,25,82800.0,-7081.15,Cash,Returned,Returned
ORD01274,2025-02-19,Meera Verma,Male,45,Chennai,Tamil Nadu,South,Jacket,Fashion,Clothing,Anaya Joshi,4,2400.0,5,9120.0,1636.95,UPI,Completed,Delivered
ORD01275,2025-03-14,Ishita Verma,Male,34,Hyderabad,Telangana,South,Jacket,Fashion,Clothing,Aarav Shah,5,3500.0,10,15750.0,1774.84,Credit Card,Completed,Delivered
ORD01276,2025-12-01,Rohan Verma,Male,24,Delhi,Delhi,North,Television,Electronics,Home Entertainment,Vivaan Desai,5,71100.0,10,319950.0,46657.11,Cash,Completed,Delivered
ORD01277,2025-01-22,Vivaan Shah,Male,22,Chennai,Tamil Nadu,South,Jacket,Fashion,Clothing,Aarav Shah,5,3100.0,10,13950.0,1993.32,UPI,Completed,Delivered
ORD01278,2025-01-10,Vivaan Desai,Female,52,Delhi,Delhi,North,Sofa,Furniture,Living Room,Diya Patel,4,61300.0,5,232940.0,-13656.55,Debit Card,Returned,Returned
ORD01279,2025-11-26,Anaya Joshi,Female,29,Chandigarh,Chandigarh,North,Microwave,Appliances,Kitchen Appliances,Meera Mehta,1,14500.0,10,13050.0,2151.8,Credit Card,Completed,Delivered
ORD01280,2025-05-07,Rohan Joshi,Female,26,Mumbai,Maharashtra,West,Television,Electronics,Home Entertainment,Meera Mehta,1,86200.0,10,77580.0,8289.96,UPI,Completed,Delivered
ORD01281,2025-11-12,Meera Kapoor,Female,46,Ahmedabad,Gujarat,West,Sunglasses,Accessories,Eyewear,Ishita Shah,4,4100.0,5,0.0,0.0,UPI,Cancelled,Cancelled
ORD01282,2025-12-06,Anaya Kapoor,Female,32,Mysuru,Karnataka,South,Microwave,Appliances,Kitchen Appliances,Arjun Patel,2,12300.0,10,22140.0,-729.27,Debit Card,Returned,Returned
ORD01283,2025-12-30,Kabir Desai,Female,54,Surat,Gujarat,West,Smartwatch,Accessories,Wearables,Arjun Patel,1,14600.0,10,0.0,0.0,Credit Card,Cancelled,Cancelled
ORD01284,2025-06-02,Ishita Desai,Female,31,Kolkata,West Bengal,East,Television,Electronics,Home Entertainment,Diya Patel,5,26200.0,5,124450.0,-5162.59,Net Banking,Returned,Returned
ORD01285,2025-08-27,Aarav Verma,Female,37,Vadodara,Gujarat,West,Watch,Accessories,Watches,Aarav Shah,4,12800.0,10,46080.0,3748.35,UPI,Completed,Delivered
ORD01286,2025-01-24,Vivaan Kapoor,Male,48,Pune,Maharashtra,West,Air Conditioner,Appliances,Cooling,Rohan Mehta,5,50900.0,0,254500.0,38660.74,Cash,Completed,Delivered
ORD01287,2025-08-03,Vivaan Kapoor,Male,54,Hyderabad,Telangana,South,Jeans,Fashion,Clothing,Aarav Shah,2,3100.0,15,5270.0,334.6,Credit Card,Completed,Delivered
ORD01288,2025-06-02,Vivaan Desai,Male,40,Patna,Bihar,East,Laptop,Electronics,Computers,Ishita Shah,1,53300.0,5,50635.0,8374.8,UPI,Completed,Delivered
ORD01289,2025-05-11,Aarav Shah,Female,45,Mysuru,Karnataka,South,Television,Electronics,Home Entertainment,Aarav Shah,1,79700.0,5,75715.0,11355.21,Credit Card,Completed,Delivered
ORD01290,2025-11-14,Anaya Joshi,Male,40,Nagpur,Maharashtra,West,Washing Machine,Appliances,Laundry Appliances,Rohan Mehta,3,20100.0,15,51255.0,4235.73,UPI,Completed,Delivered
ORD01291,2025-01-24,Meera Shah,Male,28,Ahmedabad,Gujarat,West,Refrigerator,Appliances,Kitchen Appliances,Aarav Shah,1,25600.0,5,24320.0,2054.86,UPI,Completed,Delivered
ORD01292,2025-07-15,Riya Kapoor,Female,27,Udaipur,Rajasthan,North,Jeans,Fashion,Clothing,Vivaan Desai,5,1900.0,20,7600.0,478.74,Debit Card,Completed,In Transit
ORD01293,2025-08-21,Arjun Shah,Male,36,Mysuru,Karnataka,South,Headphones,Electronics,Accessories,Diya Patel,3,7400.0,10,19980.0,1599.34,UPI,Completed,Delivered
ORD01294,2025-03-07,Kabir Singh,Male,24,Vadodara,Gujarat,West,Backpack,Fashion,Bags,Anaya Joshi,2,3200.0,15,0.0,0.0,Debit Card,Cancelled,Cancelled
ORD01295,2025-07-11,Rohan Singh,Female,18,Nagpur,Maharashtra,West,Television,Electronics,Home Entertainment,Riya Desai,3,60100.0,0,180300.0,20072.75,UPI,Completed,Delivered
ORD01296,2025-07-15,Kabir Shah,Female,40,Chandigarh,Chandigarh,North,Air Conditioner,Appliances,Cooling,Vivaan Desai,5,42000.0,0,210000.0,31065.01,Debit Card,Completed,Delivered
ORD01297,2025-01-08,Kabir Kapoor,Female,37,Indore,Madhya Pradesh,Central,Jeans,Fashion,Clothing,Anaya Joshi,2,3200.0,0,6400.0,383.94,UPI,Completed,Delivered
ORD01298,2025-09-11,Ishita Patel,Male,41,Mumbai,Maharashtra,West,Jacket,Fashion,Clothing,Vivaan Desai,4,2600.0,10,9360.0,742.97,Debit Card,Completed,Delivered
ORD01299,2025-10-12,Riya Mehta,Female,45,Lucknow,Uttar Pradesh,North,Air Conditioner,Appliances,Cooling,Arjun Patel,5,39300.0,10,0.0,0.0,Credit Card,Cancelled,Cancelled
ORD01300,2025-09-22,Vivaan Patel,Female,38,Nagpur,Maharashtra,West,Office Chair,Furniture,Office,Riya Desai,2,10800.0,10,19440.0,1519.6,UPI,Completed,In Transit
ORD01301,2025-08-14,Meera Kapoor,Female,59,Mumbai,Maharashtra,West,Jeans,Fashion,Clothing,Arjun Patel,1,3600.0,20,2880.0,272.19,UPI,Completed,Delivered
ORD01302,2025-10-31,Aarav Kapoor,Male,25,Lucknow,Uttar Pradesh,North,Office Chair,Furniture,Office,Meera Mehta,2,17100.0,15,0.0,0.0,UPI,Cancelled,Cancelled
ORD01303,2025-10-24,Riya Mehta,Male,31,Hyderabad,Telangana,South,Washing Machine,Appliances,Laundry Appliances,Aarav Shah,2,35600.0,0,71200.0,11435.06,Credit Card,Completed,Delayed
ORD01304,2025-02-19,Anaya Mehta,Male,55,Chennai,Tamil Nadu,South,Microwave,Appliances,Kitchen Appliances,Rohan Mehta,5,12900.0,5,61275.0,4330.03,UPI,Completed,Delivered
ORD01305,2025-08-12,Arjun Joshi,Female,42,Mumbai,Maharashtra,West,Television,Electronics,Home Entertainment,Rohan Mehta,2,71400.0,10,0.0,0.0,Credit Card,Cancelled,Cancelled
ORD01306,2025-05-04,Vivaan Kapoor,Female,28,Udaipur,Rajasthan,North,Backpack,Fashion,Bags,Ishita Shah,2,1100.0,5,2090.0,162.68,Cash,Completed,Delivered
ORD01307,2025-06-08,Arjun Mehta,Male,53,Vadodara,Gujarat,West,Running Shoes,Fashion,Footwear,Kabir Joshi,4,4800.0,0,19200.0,-1477.72,Cash,Returned,Returned
ORD01308,2025-11-16,Vivaan Kapoor,Female,27,Chandigarh,Chandigarh,North,Headphones,Electronics,Accessories,Anaya Joshi,1,1600.0,20,1280.0,206.74,UPI,Completed,Delivered
ORD01309,2025-01-29,Ishita Verma,Female,36,Patna,Bihar,East,Bed,Furniture,Bedroom,Arjun Patel,1,59700.0,20,47760.0,2684.21,UPI,Completed,Delivered
ORD01310,2025-01-16,Kabir Kapoor,Male,51,Patna,Bihar,East,Sunglasses,Accessories,Eyewear,Ishita Shah,4,6900.0,25,0.0,0.0,Credit Card,Cancelled,Cancelled
ORD01311,2025-11-05,Rohan Kapoor,Male,30,Lucknow,Uttar Pradesh,North,T-Shirt,Fashion,Clothing,Aarav Shah,5,2100.0,5,9975.0,968.77,Debit Card,Completed,Delivered
ORD01312,2025-03-25,Vivaan Kapoor,Male,27,Kolkata,West Bengal,East,Smartphone,Electronics,Mobiles,Kabir Joshi,2,53500.0,5,101650.0,12557.09,UPI,Completed,Delivered
ORD01313,2025-06-01,Ishita Patel,Female,34,Kolkata,West Bengal,East,Office Chair,Furniture,Office,Diya Patel,4,15100.0,10,54360.0,7016.87,Debit Card,Completed,Delivered
ORD01314,2025-11-14,Aarav Desai,Female,40,Udaipur,Rajasthan,North,Dining Table,Furniture,Dining,Kabir Joshi,5,52300.0,20,209200.0,21176.84,Net Banking,Completed,Delivered
ORD01315,2025-04-21,Vivaan Desai,Male,44,Ahmedabad,Gujarat,West,Television,Electronics,Home Entertainment,Kabir Joshi,1,69900.0,10,62910.0,8802.8,UPI,Completed,Delivered
ORD01316,2025-07-27,Diya Patel,Male,50,Mumbai,Maharashtra,West,Sofa,Furniture,Living Room,Rohan Mehta,1,63200.0,5,60040.0,7713.23,UPI,Completed,Delayed
ORD01317,2025-01-07,Kabir Joshi,Male,53,Mysuru,Karnataka,South,Dining Table,Furniture,Dining,Riya Desai,1,24400.0,15,20740.0,1665.61,UPI,Completed,Delivered
ORD01318,2025-02-02,Diya Shah,Male,26,Chandigarh,Chandigarh,North,Watch,Accessories,Watches,Ishita Shah,1,9000.0,15,7650.0,722.32,Credit Card,Completed,Delivered
ORD01319,2025-10-09,Arjun Verma,Female,52,Nagpur,Maharashtra,West,Sofa,Furniture,Living Room,Arjun Patel,3,15900.0,10,0.0,0.0,UPI,Cancelled,Cancelled
ORD01320,2025-02-07,Aarav Patel,Female,30,Bengaluru,Karnataka,South,Jeans,Fashion,Clothing,Riya Desai,5,4400.0,10,19800.0,1576.07,Net Banking,Completed,Delivered
ORD01321,2025-11-09,Meera Joshi,Male,18,Nagpur,Maharashtra,West,Washing Machine,Appliances,Laundry Appliances,Meera Mehta,1,28100.0,15,23885.0,2185.06,Cash,Completed,In Transit
ORD01322,2025-08-20,Rohan Patel,Female,47,Bhopal,Madhya Pradesh,Central,Smartphone,Electronics,Mobiles,Vivaan Desai,5,12200.0,10,0.0,0.0,UPI,Cancelled,Cancelled
ORD01323,2025-01-09,Kabir Singh,Male,23,Ahmedabad,Gujarat,West,Dining Table,Furniture,Dining,Aarav Shah,3,43000.0,15,109650.0,15366.04,UPI,Completed,Delivered
ORD01324,2025-07-21,Vivaan Verma,Female,30,Hyderabad,Telangana,South,Microwave,Appliances,Kitchen Appliances,Riya Desai,5,18400.0,10,0.0,0.0,Cash,Cancelled,Cancelled
ORD01325,2025-05-23,Aarav Patel,Female,28,Chennai,Tamil Nadu,South,Headphones,Electronics,Accessories,Ishita Shah,3,5400.0,5,15390.0,2358.79,UPI,Completed,Delivered
ORD01326,2025-02-24,Rohan Mehta,Male,53,Delhi,Delhi,North,Air Conditioner,Appliances,Cooling,Ishita Shah,1,32500.0,10,29250.0,-2699.17,Credit Card,Returned,Returned
ORD01327,2025-08-14,Anaya Joshi,Male,29,Kochi,Kerala,South,Jacket,Fashion,Clothing,Meera Mehta,2,6700.0,15,11390.0,-1068.9,Debit Card,Returned,Returned
ORD01328,2025-12-27,Kabir Desai,Female,34,Kochi,Kerala,South,Jacket,Fashion,Clothing,Rohan Mehta,1,2100.0,20,0.0,0.0,Debit Card,Cancelled,Cancelled
ORD01329,2025-12-06,Rohan Patel,Female,44,Kolkata,West Bengal,East,Smartwatch,Accessories,Wearables,Meera Mehta,4,13200.0,15,44880.0,4144.61,UPI,Completed,Delayed
ORD01330,2025-04-14,Meera Shah,Male,40,Bhopal,Madhya Pradesh,Central,Laptop,Electronics,Computers,Kabir Joshi,2,79700.0,0,159400.0,27026.4,Cash,Completed,Delivered
ORD01331,2025-08-14,Riya Kapoor,Male,23,Indore,Madhya Pradesh,Central,Watch,Accessories,Watches,Kabir Joshi,1,11500.0,15,9775.0,1204.66,Credit Card,Completed,Delivered
ORD01332,2025-03-13,Diya Singh,Male,20,Jaipur,Rajasthan,North,Watch,Accessories,Watches,Kabir Joshi,1,2800.0,5,2660.0,195.7,Debit Card,Completed,Delivered
ORD01333,2025-11-15,Vivaan Desai,Male,34,Patna,Bihar,East,Bed,Furniture,Bedroom,Kabir Joshi,5,50900.0,10,0.0,0.0,UPI,Cancelled,Cancelled
ORD01334,2025-03-29,Kabir Kapoor,Male,42,Vadodara,Gujarat,West,Jeans,Fashion,Clothing,Kabir Joshi,2,2600.0,15,4420.0,438.85,UPI,Completed,Delivered
ORD01335,2025-11-19,Kabir Joshi,Male,35,Bhopal,Madhya Pradesh,Central,Washing Machine,Appliances,Laundry Appliances,Rohan Mehta,4,20700.0,10,74520.0,6535.9,Cash,Completed,Delayed
ORD01336,2025-10-19,Diya Verma,Male,24,Kochi,Kerala,South,T-Shirt,Fashion,Clothing,Ishita Shah,3,2500.0,20,6000.0,915.24,Net Banking,Completed,Delivered
ORD01337,2025-07-10,Ishita Verma,Female,33,Bengaluru,Karnataka,South,Jeans,Fashion,Clothing,Meera Mehta,5,3500.0,10,15750.0,1547.87,UPI,Completed,Delayed
ORD01338,2025-07-02,Anaya Desai,Male,30,Chennai,Tamil Nadu,South,Laptop,Electronics,Computers,Vivaan Desai,3,82600.0,10,223020.0,34482.42,UPI,Completed,Delayed
ORD01339,2025-05-31,Ishita Verma,Male,57,Surat,Gujarat,West,Air Conditioner,Appliances,Cooling,Vivaan Desai,1,43400.0,5,41230.0,3047.88,Credit Card,Completed,Delayed
ORD01340,2025-06-10,Riya Shah,Male,59,Chennai,Tamil Nadu,South,Smartphone,Electronics,Mobiles,Kabir Joshi,1,17300.0,10,15570.0,2386.9,Net Banking,Completed,Delivered
ORD01341,2025-09-06,Rohan Kapoor,Male,58,Mumbai,Maharashtra,West,Laptop,Electronics,Computers,Diya Patel,5,63200.0,0,316000.0,17108.06,Credit Card,Completed,Delivered
ORD01342,2025-05-21,Rohan Patel,Female,25,Mysuru,Karnataka,South,Bed,Furniture,Bedroom,Meera Mehta,1,52500.0,15,44625.0,4913.38,UPI,Completed,In Transit
ORD01343,2025-12-13,Diya Shah,Male,24,Chennai,Tamil Nadu,South,Air Conditioner,Appliances,Cooling,Riya Desai,4,58200.0,15,197880.0,24568.48,Credit Card,Completed,Delayed
ORD01344,2025-12-24,Rohan Joshi,Female,21,Mumbai,Maharashtra,West,Dining Table,Furniture,Dining,Kabir Joshi,2,33100.0,20,52960.0,7593.28,UPI,Completed,Delivered
ORD01345,2025-10-11,Aarav Singh,Female,21,Chandigarh,Chandigarh,North,Refrigerator,Appliances,Kitchen Appliances,Kabir Joshi,5,43600.0,0,218000.0,28851.42,UPI,Completed,Delivered
ORD01346,2025-09-21,Aarav Desai,Male,60,Bhopal,Madhya Pradesh,Central,T-Shirt,Fashion,Clothing,Diya Patel,3,2100.0,15,5355.0,456.94,UPI,Completed,Delivered
ORD01347,2025-10-05,Aarav Mehta,Female,35,Udaipur,Rajasthan,North,Refrigerator,Appliances,Kitchen Appliances,Kabir Joshi,4,64800.0,10,0.0,0.0,Debit Card,Cancelled,Cancelled
ORD01348,2025-12-03,Ishita Kapoor,Male,26,Patna,Bihar,East,Jacket,Fashion,Clothing,Vivaan Desai,2,5700.0,10,10260.0,1335.1,Cash,Completed,Delivered
ORD01349,2025-02-08,Ishita Verma,Female,30,Mysuru,Karnataka,South,Microwave,Appliances,Kitchen Appliances,Rohan Mehta,1,12000.0,20,9600.0,1216.88,UPI,Completed,Delivered
ORD01350,2025-01-27,Meera Patel,Female,58,Udaipur,Rajasthan,North,Headphones,Electronics,Accessories,Vivaan Desai,1,6500.0,5,6175.0,-346.96,UPI,Returned,Returned
ORD01351,2025-06-20,Ishita Mehta,Male,25,Surat,Gujarat,West,Laptop,Electronics,Computers,Vivaan Desai,2,46100.0,5,87590.0,5602.41,UPI,Completed,Delayed
ORD01352,2025-01-20,Aarav Patel,Female,27,Lucknow,Uttar Pradesh,North,Jeans,Fashion,Clothing,Diya Patel,4,1200.0,20,0.0,0.0,Debit Card,Cancelled,Cancelled
ORD01353,2025-07-25,Anaya Patel,Female,44,Chandigarh,Chandigarh,North,Jeans,Fashion,Clothing,Riya Desai,3,1400.0,10,3780.0,471.34,Credit Card,Completed,Delivered
ORD01354,2025-12-22,Riya Kapoor,Male,57,Lucknow,Uttar Pradesh,North,Refrigerator,Appliances,Kitchen Appliances,Vivaan Desai,5,61800.0,10,0.0,0.0,Cash,Cancelled,Cancelled
ORD01355,2025-07-07,Kabir Mehta,Female,28,Vadodara,Gujarat,West,T-Shirt,Fashion,Clothing,Rohan Mehta,1,1400.0,15,1190.0,162.43,Net Banking,Completed,Delayed
ORD01356,2025-05-08,Vivaan Desai,Female,32,Bhopal,Madhya Pradesh,Central,Dining Table,Furniture,Dining,Riya Desai,1,14800.0,5,14060.0,-1221.51,UPI,Returned,Returned
ORD01357,2025-08-28,Diya Verma,Female,27,Udaipur,Rajasthan,North,Headphones,Electronics,Accessories,Arjun Patel,2,2600.0,10,4680.0,-560.24,Credit Card,Returned,Returned
ORD01358,2025-07-05,Kabir Joshi,Male,49,Lucknow,Uttar Pradesh,North,Sofa,Furniture,Living Room,Rohan Mehta,3,33400.0,10,90180.0,14816.0,Debit Card,Completed,Delivered
ORD01359,2025-07-09,Diya Singh,Male,29,Surat,Gujarat,West,Sunglasses,Accessories,Eyewear,Kabir Joshi,1,1500.0,10,1350.0,211.56,UPI,Completed,Delivered
ORD01360,2025-04-07,Ishita Verma,Male,59,Hyderabad,Telangana,South,Watch,Accessories,Watches,Rohan Mehta,5,9700.0,15,41225.0,5955.06,UPI,Completed,Delivered
ORD01361,2025-12-31,Vivaan Singh,Female,21,Surat,Gujarat,West,Washing Machine,Appliances,Laundry Appliances,Riya Desai,4,45000.0,0,180000.0,28020.07,Credit Card,Completed,Delivered
ORD01362,2025-01-13,Rohan Joshi,Male,41,Jaipur,Rajasthan,North,Air Conditioner,Appliances,Cooling,Arjun Patel,5,74600.0,15,317050.0,36274.1,UPI,Completed,Delayed
ORD01363,2025-07-13,Aarav Patel,Male,58,Vadodara,Gujarat,West,Office Chair,Furniture,Office,Meera Mehta,2,7900.0,10,0.0,0.0,Credit Card,Cancelled,Cancelled
ORD01364,2025-12-30,Rohan Patel,Female,57,Surat,Gujarat,West,Sunglasses,Accessories,Eyewear,Aarav Shah,2,6100.0,10,10980.0,1015.04,Credit Card,Completed,Delayed
ORD01365,2025-07-25,Ishita Kapoor,Female,44,Nagpur,Maharashtra,West,Bed,Furniture,Bedroom,Ishita Shah,4,36300.0,0,145200.0,-16211.82,Credit Card,Returned,Returned
ORD01366,2025-12-25,Anaya Shah,Female,18,Jaipur,Rajasthan,North,Dining Table,Furniture,Dining,Anaya Joshi,4,12400.0,0,0.0,0.0,Debit Card,Cancelled,Cancelled
ORD01367,2025-08-27,Meera Kapoor,Male,22,Bhopal,Madhya Pradesh,Central,Running Shoes,Fashion,Footwear,Vivaan Desai,5,3800.0,5,18050.0,3093.82,Credit Card,Completed,Delivered
ORD01368,2025-11-23,Aarav Verma,Male,45,Kochi,Kerala,South,Sofa,Furniture,Living Room,Aarav Shah,3,32900.0,5,93765.0,12316.38,Net Banking,Completed,Delivered
ORD01369,2025-12-22,Meera Desai,Male,23,Patna,Bihar,East,Smartwatch,Accessories,Wearables,Meera Mehta,4,4100.0,15,13940.0,745.66,UPI,Completed,Delivered
ORD01370,2025-12-12,Anaya Patel,Male,34,Chandigarh,Chandigarh,North,Television,Electronics,Home Entertainment,Kabir Joshi,5,26000.0,20,104000.0,16847.14,UPI,Completed,Delivered
ORD01371,2025-10-25,Vivaan Desai,Female,49,Kochi,Kerala,South,Sofa,Furniture,Living Room,Diya Patel,5,24500.0,5,116375.0,17047.64,Credit Card,Completed,Delivered
ORD01372,2025-05-01,Vivaan Mehta,Male,35,Kochi,Kerala,South,Washing Machine,Appliances,Laundry Appliances,Riya Desai,4,61300.0,0,0.0,0.0,Debit Card,Cancelled,Cancelled
ORD01373,2025-04-04,Diya Patel,Male,38,Surat,Gujarat,West,Television,Electronics,Home Entertainment,Vivaan Desai,2,88700.0,20,0.0,0.0,Debit Card,Cancelled,Cancelled
ORD01374,2025-02-06,Arjun Patel,Female,23,Ahmedabad,Gujarat,West,Smartphone,Electronics,Mobiles,Vivaan Desai,3,43800.0,5,124830.0,12523.82,Cash,Completed,Delivered
ORD01375,2025-01-07,Ishita Singh,Female,38,Nagpur,Maharashtra,West,Backpack,Fashion,Bags,Ishita Shah,1,4000.0,20,3200.0,469.95,Credit Card,Completed,Delivered
ORD01376,2025-10-06,Riya Verma,Male,18,Indore,Madhya Pradesh,Central,Headphones,Electronics,Accessories,Rohan Mehta,1,3800.0,25,2850.0,-328.35,Net Banking,Returned,Returned
ORD01377,2025-03-07,Vivaan Singh,Male,60,Delhi,Delhi,North,Headphones,Electronics,Accessories,Ishita Shah,4,1000.0,0,4000.0,215.23,UPI,Completed,Delayed
ORD01378,2025-04-15,Kabir Desai,Male,31,Ahmedabad,Gujarat,West,Sunglasses,Accessories,Eyewear,Ishita Shah,1,3200.0,25,2400.0,-161.06,Credit Card,Returned,Returned
ORD01379,2025-02-23,Vivaan Verma,Female,56,Jaipur,Rajasthan,North,Washing Machine,Appliances,Laundry Appliances,Meera Mehta,1,48700.0,15,41395.0,-1850.86,Net Banking,Returned,Returned
ORD01380,2025-11-03,Arjun Patel,Male,46,Indore,Madhya Pradesh,Central,Backpack,Fashion,Bags,Anaya Joshi,2,2200.0,15,3740.0,-216.43,Net Banking,Returned,Returned
ORD01381,2025-07-29,Kabir Verma,Male,57,Delhi,Delhi,North,Microwave,Appliances,Kitchen Appliances,Aarav Shah,3,19500.0,5,55575.0,9973.62,Debit Card,Completed,In Transit
ORD01382,2025-05-10,Kabir Shah,Male,51,Bengaluru,Karnataka,South,Watch,Accessories,Watches,Ishita Shah,4,12600.0,10,45360.0,7961.0,UPI,Completed,Delivered
ORD01383,2025-12-29,Meera Kapoor,Male,59,Hyderabad,Telangana,South,Sunglasses,Accessories,Eyewear,Anaya Joshi,4,2100.0,0,8400.0,1383.24,Credit Card,Completed,Delivered
ORD01384,2025-08-09,Vivaan Desai,Female,35,Bengaluru,Karnataka,South,Jeans,Fashion,Clothing,Riya Desai,5,5000.0,15,0.0,0.0,Cash,Cancelled,Cancelled
ORD01385,2025-01-29,Meera Singh,Male,47,Mysuru,Karnataka,South,Sunglasses,Accessories,Eyewear,Meera Mehta,1,3800.0,10,3420.0,405.69,Cash,Completed,Delivered
ORD01386,2025-11-14,Anaya Desai,Female,34,Bengaluru,Karnataka,South,Sunglasses,Accessories,Eyewear,Arjun Patel,3,3200.0,5,9120.0,1233.15,UPI,Completed,Delivered
ORD01387,2025-03-31,Aarav Desai,Female,27,Bhopal,Madhya Pradesh,Central,Washing Machine,Appliances,Laundry Appliances,Arjun Patel,3,35700.0,10,96390.0,11749.89,Net Banking,Completed,Delivered
ORD01388,2025-04-06,Diya Shah,Male,32,Chennai,Tamil Nadu,South,Jeans,Fashion,Clothing,Meera Mehta,3,3000.0,10,8100.0,1399.78,UPI,Completed,Delivered
ORD01389,2025-05-14,Rohan Desai,Male,40,Udaipur,Rajasthan,North,Office Chair,Furniture,Office,Riya Desai,2,17700.0,10,31860.0,5431.69,UPI,Completed,Delivered
ORD01390,2025-06-04,Diya Desai,Female,43,Kolkata,West Bengal,East,Television,Electronics,Home Entertainment,Meera Mehta,4,46200.0,5,175560.0,18391.64,Credit Card,Completed,In Transit
ORD01391,2025-06-29,Ishita Mehta,Female,29,Jaipur,Rajasthan,North,Laptop,Electronics,Computers,Ishita Shah,2,77900.0,10,140220.0,25000.11,UPI,Completed,Delivered
ORD01392,2025-12-13,Kabir Kapoor,Male,49,Udaipur,Rajasthan,North,Smartwatch,Accessories,Wearables,Anaya Joshi,5,6700.0,5,31825.0,4367.4,Net Banking,Completed,Delivered
ORD01393,2025-04-26,Meera Kapoor,Male,43,Ahmedabad,Gujarat,West,Laptop,Electronics,Computers,Meera Mehta,4,50900.0,10,183240.0,27707.14,Net Banking,Completed,Delivered
ORD01394,2025-11-15,Meera Joshi,Male,21,Chandigarh,Chandigarh,North,Headphones,Electronics,Accessories,Anaya Joshi,4,3800.0,10,13680.0,864.51,Credit Card,Completed,Delivered
ORD01395,2025-08-14,Aarav Kapoor,Female,36,Udaipur,Rajasthan,North,Refrigerator,Appliances,Kitchen Appliances,Riya Desai,5,54700.0,10,246150.0,28852.79,UPI,Completed,Delivered
ORD01396,2025-06-03,Riya Joshi,Female,22,Surat,Gujarat,West,Smartphone,Electronics,Mobiles,Rohan Mehta,4,50100.0,5,190380.0,-10705.27,Credit Card,Returned,Returned
ORD01397,2025-09-10,Aarav Mehta,Male,45,Lucknow,Uttar Pradesh,North,Laptop,Electronics,Computers,Ishita Shah,5,76400.0,25,286500.0,-18654.07,Credit Card,Returned,Returned
ORD01398,2025-06-28,Kabir Mehta,Male,40,Bhopal,Madhya Pradesh,Central,Refrigerator,Appliances,Kitchen Appliances,Anaya Joshi,2,24700.0,25,37050.0,3416.16,Debit Card,Completed,Delivered
ORD01399,2025-06-14,Rohan Verma,Female,23,Indore,Madhya Pradesh,Central,Air Conditioner,Appliances,Cooling,Diya Patel,2,69100.0,20,0.0,0.0,Debit Card,Cancelled,Cancelled
ORD01400,2025-03-10,Meera Singh,Female,19,Chandigarh,Chandigarh,North,Running Shoes,Fashion,Footwear,Meera Mehta,2,2000.0,10,3600.0,262.63,Debit Card,Completed,Delivered
ORD01401,2025-04-16,Aarav Joshi,Male,60,Bhopal,Madhya Pradesh,Central,Smartphone,Electronics,Mobiles,Kabir Joshi,3,13900.0,0,41700.0,3146.34,Debit Card,Completed,In Transit
ORD01402,2025-08-19,Riya Verma,Male,54,Chandigarh,Chandigarh,North,Watch,Accessories,Watches,Kabir Joshi,5,6700.0,10,30150.0,4966.92,Debit Card,Completed,Delivered
ORD01403,2025-10-16,Anaya Patel,Male,53,Chandigarh,Chandigarh,North,Backpack,Fashion,Bags,Anaya Joshi,5,2000.0,0,10000.0,815.14,Debit Card,Completed,Delivered
ORD01404,2025-05-09,Kabir Patel,Female,22,Surat,Gujarat,West,Washing Machine,Appliances,Laundry Appliances,Kabir Joshi,3,18300.0,15,46665.0,-1496.17,Debit Card,Returned,Returned
ORD01405,2025-03-03,Meera Joshi,Female,34,Mumbai,Maharashtra,West,Jacket,Fashion,Clothing,Arjun Patel,2,4000.0,10,7200.0,-223.45,Credit Card,Returned,Returned
ORD01406,2025-06-01,Aarav Joshi,Female,47,Patna,Bihar,East,Smartwatch,Accessories,Wearables,Anaya Joshi,5,2700.0,10,12150.0,1800.81,Credit Card,Completed,Delivered
ORD01407,2025-08-14,Aarav Mehta,Female,52,Bengaluru,Karnataka,South,Watch,Accessories,Watches,Anaya Joshi,4,5000.0,20,16000.0,835.01,UPI,Completed,Delivered
ORD01408,2025-05-13,Vivaan Shah,Female,30,Patna,Bihar,East,Microwave,Appliances,Kitchen Appliances,Diya Patel,3,14400.0,10,38880.0,3875.95,UPI,Completed,Delivered
ORD01409,2025-01-06,Kabir Patel,Male,59,Hyderabad,Telangana,South,Jeans,Fashion,Clothing,Ishita Shah,5,3200.0,20,12800.0,1560.76,Debit Card,Completed,Delivered
ORD01410,2025-09-01,Ishita Desai,Female,57,Ahmedabad,Gujarat,West,Smartwatch,Accessories,Wearables,Rohan Mehta,5,16600.0,10,74700.0,-6953.35,UPI,Returned,Returned
ORD01411,2025-10-21,Diya Desai,Male,56,Kochi,Kerala,South,Backpack,Fashion,Bags,Anaya Joshi,1,2000.0,15,1700.0,219.35,Debit Card,Completed,Delivered
ORD01412,2025-02-26,Aarav Joshi,Male,22,Udaipur,Rajasthan,North,T-Shirt,Fashion,Clothing,Diya Patel,1,1000.0,15,850.0,118.0,Cash,Completed,Delivered
ORD01413,2025-03-25,Anaya Singh,Female,27,Chennai,Tamil Nadu,South,Running Shoes,Fashion,Footwear,Riya Desai,3,6700.0,15,17085.0,2370.56,Debit Card,Completed,Delivered
ORD01414,2025-09-28,Diya Singh,Female,53,Chennai,Tamil Nadu,South,T-Shirt,Fashion,Clothing,Vivaan Desai,4,1400.0,5,5320.0,548.59,UPI,Completed,In Transit
ORD01415,2025-12-26,Vivaan Mehta,Male,45,Bengaluru,Karnataka,South,Backpack,Fashion,Bags,Arjun Patel,2,3200.0,5,6080.0,-551.14,UPI,Returned,Returned
ORD01416,2025-04-04,Meera Singh,Female,41,Pune,Maharashtra,West,Microwave,Appliances,Kitchen Appliances,Ishita Shah,4,16400.0,15,55760.0,-3391.46,Cash,Returned,Returned
ORD01417,2025-12-15,Ishita Mehta,Female,27,Mumbai,Maharashtra,West,Headphones,Electronics,Accessories,Riya Desai,1,3300.0,10,2970.0,506.21,Debit Card,Completed,Delivered
ORD01418,2025-05-02,Meera Singh,Male,41,Kochi,Kerala,South,Jeans,Fashion,Clothing,Kabir Joshi,4,3100.0,5,0.0,0.0,UPI,Cancelled,Cancelled
ORD01419,2025-01-04,Vivaan Desai,Female,48,Vadodara,Gujarat,West,Microwave,Appliances,Kitchen Appliances,Anaya Joshi,2,23000.0,5,43700.0,6734.5,Net Banking,Completed,Delivered
ORD01420,2025-02-07,Rohan Singh,Male,23,Ahmedabad,Gujarat,West,Bed,Furniture,Bedroom,Meera Mehta,2,17600.0,20,28160.0,3696.76,UPI,Completed,Delivered
ORD01421,2025-04-22,Ishita Kapoor,Male,48,Ahmedabad,Gujarat,West,Running Shoes,Fashion,Footwear,Anaya Joshi,5,3300.0,5,15675.0,1913.59,Debit Card,Completed,Delivered
ORD01422,2025-06-16,Ishita Desai,Female,47,Vadodara,Gujarat,West,Dining Table,Furniture,Dining,Anaya Joshi,1,36900.0,0,36900.0,4786.93,Credit Card,Completed,In Transit
ORD01423,2025-07-26,Arjun Desai,Male,59,Bengaluru,Karnataka,South,Refrigerator,Appliances,Kitchen Appliances,Meera Mehta,2,26800.0,5,50920.0,3406.59,Credit Card,Completed,Delivered
ORD01424,2025-10-05,Diya Verma,Male,31,Mysuru,Karnataka,South,Smartphone,Electronics,Mobiles,Diya Patel,3,58000.0,0,174000.0,20229.93,Net Banking,Completed,Delayed
ORD01425,2025-02-26,Kabir Singh,Female,39,Indore,Madhya Pradesh,Central,Washing Machine,Appliances,Laundry Appliances,Arjun Patel,1,60100.0,15,51085.0,9074.22,Debit Card,Completed,Delivered
ORD01426,2025-04-17,Aarav Desai,Female,53,Nagpur,Maharashtra,West,Backpack,Fashion,Bags,Vivaan Desai,1,1200.0,10,1080.0,92.03,Debit Card,Completed,Delivered
ORD01427,2025-05-02,Kabir Desai,Male,40,Indore,Madhya Pradesh,Central,Headphones,Electronics,Accessories,Arjun Patel,4,3700.0,25,0.0,0.0,Debit Card,Cancelled,Cancelled
ORD01428,2025-10-07,Riya Singh,Female,41,Vadodara,Gujarat,West,Headphones,Electronics,Accessories,Aarav Shah,2,4900.0,10,0.0,0.0,Credit Card,Cancelled,Cancelled
ORD01429,2025-06-03,Kabir Verma,Male,42,Hyderabad,Telangana,South,Television,Electronics,Home Entertainment,Vivaan Desai,3,62200.0,10,0.0,0.0,Cash,Cancelled,Cancelled
ORD01430,2025-02-26,Anaya Joshi,Female,34,Chandigarh,Chandigarh,North,Headphones,Electronics,Accessories,Riya Desai,4,3400.0,10,12240.0,1394.54,UPI,Completed,Delivered
ORD01431,2025-04-02,Kabir Verma,Male,39,Patna,Bihar,East,Television,Electronics,Home Entertainment,Riya Desai,1,34300.0,15,29155.0,-3033.26,Debit Card,Returned,Returned
ORD01432,2025-10-04,Meera Mehta,Female,25,Hyderabad,Telangana,South,Smartwatch,Accessories,Wearables,Riya Desai,4,5200.0,5,19760.0,1066.31,UPI,Completed,Delivered
ORD01433,2025-02-03,Meera Mehta,Male,19,Mumbai,Maharashtra,West,Office Chair,Furniture,Office,Diya Patel,1,11200.0,0,11200.0,772.06,Cash,Completed,In Transit
ORD01434,2025-04-08,Ishita Patel,Female,51,Lucknow,Uttar Pradesh,North,Bed,Furniture,Bedroom,Meera Mehta,3,26900.0,25,60525.0,7860.36,Credit Card,Completed,Delivered
ORD01435,2025-07-11,Anaya Mehta,Male,51,Ahmedabad,Gujarat,West,Television,Electronics,Home Entertainment,Diya Patel,3,89000.0,15,226950.0,19280.25,UPI,Completed,Delivered
ORD01436,2025-09-27,Aarav Desai,Male,53,Bengaluru,Karnataka,South,Jacket,Fashion,Clothing,Anaya Joshi,3,6700.0,15,17085.0,983.51,UPI,Completed,In Transit
ORD01437,2025-12-21,Diya Joshi,Male,35,Pune,Maharashtra,West,Laptop,Electronics,Computers,Rohan Mehta,3,48100.0,20,115440.0,14557.99,UPI,Completed,Delivered
ORD01438,2025-06-15,Vivaan Kapoor,Female,42,Nagpur,Maharashtra,West,Sunglasses,Accessories,Eyewear,Diya Patel,1,5100.0,20,4080.0,402.48,Credit Card,Completed,Delivered
ORD01439,2025-09-10,Vivaan Joshi,Male,59,Udaipur,Rajasthan,North,Smartwatch,Accessories,Wearables,Diya Patel,5,16500.0,10,74250.0,-7968.98,Credit Card,Returned,Returned
ORD01440,2025-06-22,Kabir Mehta,Female,23,Mysuru,Karnataka,South,Running Shoes,Fashion,Footwear,Rohan Mehta,3,2000.0,0,6000.0,709.01,UPI,Completed,In Transit
ORD01441,2025-04-21,Rohan Shah,Female,55,Bengaluru,Karnataka,South,T-Shirt,Fashion,Clothing,Meera Mehta,5,1800.0,10,0.0,0.0,Debit Card,Cancelled,Cancelled
ORD01442,2025-02-28,Rohan Patel,Female,60,Pune,Maharashtra,West,Backpack,Fashion,Bags,Rohan Mehta,1,1600.0,10,1440.0,199.27,UPI,Completed,Delivered
ORD01443,2025-05-25,Rohan Singh,Male,43,Surat,Gujarat,West,Air Conditioner,Appliances,Cooling,Diya Patel,3,62400.0,20,149760.0,26249.76,Credit Card,Completed,Delivered
ORD01444,2025-11-10,Meera Patel,Female,47,Kolkata,West Bengal,East,Washing Machine,Appliances,Laundry Appliances,Arjun Patel,5,46800.0,20,187200.0,21872.85,UPI,Completed,Delivered
ORD01445,2025-06-05,Kabir Desai,Female,50,Delhi,Delhi,North,Watch,Accessories,Watches,Rohan Mehta,1,8300.0,10,7470.0,1177.68,Debit Card,Completed,In Transit
ORD01446,2025-05-17,Vivaan Joshi,Male,36,Kochi,Kerala,South,Washing Machine,Appliances,Laundry Appliances,Aarav Shah,3,42300.0,15,0.0,0.0,Credit Card,Cancelled,Cancelled
ORD01447,2025-01-28,Vivaan Verma,Female,27,Hyderabad,Telangana,South,Headphones,Electronics,Accessories,Anaya Joshi,1,2400.0,10,2160.0,300.31,UPI,Completed,Delayed
ORD01448,2025-07-14,Kabir Patel,Female,22,Lucknow,Uttar Pradesh,North,Television,Electronics,Home Entertainment,Riya Desai,3,79500.0,15,202725.0,25835.31,Debit Card,Completed,Delivered
ORD01449,2025-08-29,Aarav Mehta,Female,41,Kolkata,West Bengal,East,Jeans,Fashion,Clothing,Aarav Shah,5,4300.0,15,18275.0,-1420.33,Cash,Returned,Returned
ORD01450,2025-06-07,Vivaan Verma,Female,35,Kolkata,West Bengal,East,Air Conditioner,Appliances,Cooling,Meera Mehta,1,35900.0,15,30515.0,1927.74,Net Banking,Completed,Delivered
ORD01451,2025-05-23,Kabir Patel,Female,50,Delhi,Delhi,North,Sunglasses,Accessories,Eyewear,Arjun Patel,4,800.0,20,2560.0,439.56,Cash,Completed,In Transit
ORD01452,2025-03-15,Arjun Joshi,Male,29,Patna,Bihar,East,Office Chair,Furniture,Office,Riya Desai,1,11600.0,10,10440.0,1410.08,Debit Card,Completed,In Transit
ORD01453,2025-06-22,Meera Mehta,Female,42,Bhopal,Madhya Pradesh,Central,Smartwatch,Accessories,Wearables,Aarav Shah,4,12800.0,0,51200.0,6681.8,Net Banking,Completed,In Transit
ORD01454,2025-03-23,Riya Mehta,Female,56,Vadodara,Gujarat,West,Air Conditioner,Appliances,Cooling,Vivaan Desai,5,77600.0,15,329800.0,18170.53,Net Banking,Completed,Delivered
ORD01455,2025-02-28,Riya Mehta,Female,41,Vadodara,Gujarat,West,Jacket,Fashion,Clothing,Rohan Mehta,3,2800.0,15,7140.0,751.55,UPI,Completed,Delayed
ORD01456,2025-05-10,Riya Mehta,Male,51,Vadodara,Gujarat,West,Backpack,Fashion,Bags,Vivaan Desai,1,1400.0,0,1400.0,138.26,Debit Card,Completed,Delivered
ORD01457,2025-03-26,Kabir Desai,Male,24,Mumbai,Maharashtra,West,Jeans,Fashion,Clothing,Anaya Joshi,2,4800.0,5,9120.0,598.5,Debit Card,Completed,In Transit
ORD01458,2025-09-12,Vivaan Kapoor,Male,56,Jaipur,Rajasthan,North,Bed,Furniture,Bedroom,Rohan Mehta,1,53000.0,10,47700.0,-5250.06,Debit Card,Returned,Returned
ORD01459,2025-03-29,Ishita Verma,Male,44,Surat,Gujarat,West,Bed,Furniture,Bedroom,Kabir Joshi,4,37600.0,5,142880.0,25168.92,UPI,Completed,Delivered
ORD01460,2025-10-01,Vivaan Joshi,Female,55,Kolkata,West Bengal,East,Sunglasses,Accessories,Eyewear,Arjun Patel,3,4800.0,15,12240.0,2130.22,UPI,Completed,In Transit
ORD01461,2025-05-31,Meera Patel,Female,32,Lucknow,Uttar Pradesh,North,Backpack,Fashion,Bags,Arjun Patel,5,1100.0,10,4950.0,268.33,Credit Card,Completed,Delivered
ORD01462,2025-09-23,Diya Shah,Female,28,Nagpur,Maharashtra,West,Laptop,Electronics,Computers,Kabir Joshi,4,79600.0,10,0.0,0.0,Credit Card,Cancelled,Cancelled
ORD01463,2025-09-30,Meera Singh,Male,51,Ahmedabad,Gujarat,West,Air Conditioner,Appliances,Cooling,Anaya Joshi,4,55600.0,15,189040.0,-7257.8,UPI,Returned,Returned
ORD01464,2025-05-02,Riya Verma,Male,29,Ahmedabad,Gujarat,West,Microwave,Appliances,Kitchen Appliances,Kabir Joshi,2,22400.0,15,0.0,0.0,Cash,Cancelled,Cancelled
ORD01465,2025-03-10,Riya Shah,Male,39,Chennai,Tamil Nadu,South,T-Shirt,Fashion,Clothing,Vivaan Desai,1,2200.0,0,2200.0,-259.51,UPI,Returned,Returned
ORD01466,2025-12-18,Kabir Joshi,Male,51,Chandigarh,Chandigarh,North,Running Shoes,Fashion,Footwear,Aarav Shah,1,2000.0,5,1900.0,254.86,UPI,Completed,Delivered
ORD01467,2025-01-11,Kabir Singh,Male,51,Bengaluru,Karnataka,South,Microwave,Appliances,Kitchen Appliances,Anaya Joshi,5,11000.0,15,46750.0,2483.59,UPI,Completed,Delayed
ORD01468,2025-03-02,Kabir Patel,Female,30,Vadodara,Gujarat,West,Smartwatch,Accessories,Wearables,Anaya Joshi,4,4700.0,10,16920.0,1515.36,Cash,Completed,Delivered
ORD01469,2025-03-28,Rohan Shah,Female,26,Mumbai,Maharashtra,West,Jeans,Fashion,Clothing,Rohan Mehta,1,3200.0,25,2400.0,418.32,UPI,Completed,Delivered
ORD01470,2025-07-31,Rohan Verma,Female,51,Surat,Gujarat,West,Backpack,Fashion,Bags,Riya Desai,1,3900.0,15,3315.0,274.93,Debit Card,Completed,Delivered
ORD01471,2025-12-17,Riya Singh,Male,20,Chandigarh,Chandigarh,North,Office Chair,Furniture,Office,Meera Mehta,2,16600.0,15,28220.0,2331.72,Debit Card,Completed,Delivered
ORD01472,2025-11-15,Anaya Joshi,Female,22,Nagpur,Maharashtra,West,Smartwatch,Accessories,Wearables,Meera Mehta,1,5100.0,15,4335.0,299.81,UPI,Completed,Delivered
ORD01473,2025-04-12,Ishita Mehta,Male,55,Delhi,Delhi,North,Jacket,Fashion,Clothing,Meera Mehta,5,7700.0,10,34650.0,3052.27,Credit Card,Completed,Delivered
ORD01474,2025-10-14,Ishita Mehta,Female,36,Indore,Madhya Pradesh,Central,Jacket,Fashion,Clothing,Diya Patel,3,6300.0,5,17955.0,-597.27,Debit Card,Returned,Returned
ORD01475,2025-06-07,Rohan Patel,Female,42,Jaipur,Rajasthan,North,Running Shoes,Fashion,Footwear,Meera Mehta,3,4900.0,15,12495.0,1515.93,Net Banking,Completed,Delivered
ORD01476,2025-01-06,Arjun Kapoor,Male,30,Surat,Gujarat,West,Washing Machine,Appliances,Laundry Appliances,Diya Patel,3,57100.0,5,162735.0,17304.17,Credit Card,Completed,Delayed
ORD01477,2025-06-12,Ishita Joshi,Male,25,Chandigarh,Chandigarh,North,Watch,Accessories,Watches,Kabir Joshi,1,12700.0,25,9525.0,1318.57,Net Banking,Completed,Delivered
ORD01478,2025-08-09,Riya Singh,Female,23,Bhopal,Madhya Pradesh,Central,Sunglasses,Accessories,Eyewear,Riya Desai,3,3700.0,0,11100.0,1063.64,UPI,Completed,Delivered
ORD01479,2025-06-14,Aarav Kapoor,Male,18,Kochi,Kerala,South,Watch,Accessories,Watches,Anaya Joshi,5,11300.0,10,50850.0,6712.1,Credit Card,Completed,Delayed
ORD01480,2025-06-03,Anaya Kapoor,Male,45,Ahmedabad,Gujarat,West,Running Shoes,Fashion,Footwear,Aarav Shah,1,4900.0,0,4900.0,396.88,UPI,Completed,Delivered
ORD01481,2025-04-17,Meera Verma,Male,32,Surat,Gujarat,West,Microwave,Appliances,Kitchen Appliances,Aarav Shah,5,9500.0,10,42750.0,5490.42,Debit Card,Completed,Delayed
ORD01482,2025-04-09,Arjun Patel,Female,47,Chandigarh,Chandigarh,North,Running Shoes,Fashion,Footwear,Rohan Mehta,4,5800.0,20,18560.0,1538.12,Debit Card,Completed,Delivered
ORD01483,2025-06-18,Vivaan Mehta,Female,43,Vadodara,Gujarat,West,Smartphone,Electronics,Mobiles,Diya Patel,2,43500.0,10,78300.0,-6335.02,Credit Card,Returned,Returned
ORD01484,2025-04-13,Rohan Singh,Male,39,Lucknow,Uttar Pradesh,North,Television,Electronics,Home Entertainment,Anaya Joshi,4,73900.0,10,0.0,0.0,Net Banking,Cancelled,Cancelled
ORD01485,2025-10-25,Arjun Desai,Male,58,Indore,Madhya Pradesh,Central,Jacket,Fashion,Clothing,Ishita Shah,3,7000.0,10,18900.0,1553.69,Credit Card,Completed,Delivered
ORD01486,2025-11-02,Meera Patel,Female,35,Hyderabad,Telangana,South,Smartwatch,Accessories,Wearables,Anaya Joshi,4,10300.0,15,35020.0,4008.99,Credit Card,Completed,Delayed
ORD01487,2025-10-25,Riya Joshi,Male,47,Pune,Maharashtra,West,Smartwatch,Accessories,Wearables,Rohan Mehta,2,11800.0,15,20060.0,2247.38,Debit Card,Completed,Delivered
ORD01488,2025-11-12,Arjun Patel,Male,40,Bengaluru,Karnataka,South,Office Chair,Furniture,Office,Kabir Joshi,1,9500.0,15,8075.0,-807.05,Credit Card,Returned,Returned
ORD01489,2025-11-07,Meera Kapoor,Female,18,Delhi,Delhi,North,Sunglasses,Accessories,Eyewear,Meera Mehta,3,1600.0,0,4800.0,622.78,Credit Card,Completed,Delivered
ORD01490,2025-12-17,Meera Joshi,Female,47,Mysuru,Karnataka,South,Watch,Accessories,Watches,Vivaan Desai,2,4100.0,10,0.0,0.0,UPI,Cancelled,Cancelled
ORD01491,2025-02-21,Kabir Joshi,Male,52,Bengaluru,Karnataka,South,Jeans,Fashion,Clothing,Aarav Shah,1,3500.0,15,2975.0,414.59,Credit Card,Completed,Delivered
ORD01492,2025-05-08,Riya Desai,Female,49,Bengaluru,Karnataka,South,Jeans,Fashion,Clothing,Aarav Shah,4,3300.0,10,11880.0,1007.89,UPI,Completed,Delivered
ORD01493,2025-10-20,Anaya Patel,Female,18,Bengaluru,Karnataka,South,Laptop,Electronics,Computers,Riya Desai,5,52600.0,15,223550.0,12481.95,UPI,Completed,Delivered
ORD01494,2025-01-16,Ishita Patel,Female,45,Mumbai,Maharashtra,West,Air Conditioner,Appliances,Cooling,Arjun Patel,2,70800.0,10,0.0,0.0,Debit Card,Cancelled,Cancelled
ORD01495,2025-09-22,Aarav Mehta,Male,31,Nagpur,Maharashtra,West,Dining Table,Furniture,Dining,Diya Patel,2,27100.0,15,46070.0,7082.66,Net Banking,Completed,Delivered
ORD01496,2025-12-20,Arjun Patel,Female,41,Chandigarh,Chandigarh,North,Jacket,Fashion,Clothing,Riya Desai,1,4200.0,15,3570.0,633.53,Debit Card,Completed,Delivered
ORD01497,2025-05-27,Kabir Joshi,Female,49,Vadodara,Gujarat,West,Bed,Furniture,Bedroom,Anaya Joshi,2,41500.0,10,74700.0,5314.01,UPI,Completed,Delivered
ORD01498,2025-04-18,Kabir Desai,Male,51,Kochi,Kerala,South,Bed,Furniture,Bedroom,Rohan Mehta,3,47100.0,5,134235.0,-5810.75,Net Banking,Returned,Returned
ORD01499,2025-01-24,Rohan Verma,Female,34,Bengaluru,Karnataka,South,Backpack,Fashion,Bags,Meera Mehta,2,900.0,0,1800.0,278.66,Cash,Completed,Delivered
ORD01500,2025-11-07,Meera Desai,Male,37,Hyderabad,Telangana,South,Sofa,Furniture,Living Room,Aarav Shah,2,57900.0,15,98430.0,-6667.68,Credit Card,Returned,Returned
ORD01501,2025-02-20,Riya Joshi,Male,26,Jaipur,Rajasthan,North,Dining Table,Furniture,Dining,Anaya Joshi,1,52700.0,10,0.0,0.0,UPI,Cancelled,Cancelled
ORD01502,2025-06-23,Meera Patel,Female,28,Jaipur,Rajasthan,North,Air Conditioner,Appliances,Cooling,Kabir Joshi,3,78100.0,10,210870.0,-13293.33,UPI,Returned,Returned
ORD01503,2025-03-25,Aarav Singh,Female,51,Vadodara,Gujarat,West,Smartphone,Electronics,Mobiles,Diya Patel,5,43300.0,10,194850.0,-16212.29,Net Banking,Returned,Returned
ORD01504,2025-03-01,Meera Singh,Female,53,Vadodara,Gujarat,West,Smartphone,Electronics,Mobiles,Rohan Mehta,4,34700.0,15,117980.0,20187.44,Credit Card,Completed,Delayed
ORD01505,2025-11-30,Kabir Singh,Female,32,Ahmedabad,Gujarat,West,Watch,Accessories,Watches,Meera Mehta,3,8500.0,15,21675.0,1855.88,UPI,Completed,Delayed
ORD01506,2025-08-23,Diya Desai,Male,52,Surat,Gujarat,West,Jeans,Fashion,Clothing,Aarav Shah,5,1500.0,10,6750.0,-573.19,UPI,Returned,Returned
ORD01507,2025-12-17,Diya Mehta,Female,21,Kolkata,West Bengal,East,Bed,Furniture,Bedroom,Kabir Joshi,2,14300.0,10,25740.0,3143.61,Credit Card,Completed,Delivered
ORD01508,2025-03-01,Vivaan Verma,Male,49,Bhopal,Madhya Pradesh,Central,Backpack,Fashion,Bags,Ishita Shah,1,3200.0,10,2880.0,500.47,Net Banking,Completed,Delivered
ORD01509,2025-10-01,Arjun Verma,Male,23,Chennai,Tamil Nadu,South,Washing Machine,Appliances,Laundry Appliances,Diya Patel,2,47200.0,0,94400.0,15236.91,Debit Card,Completed,Delivered
ORD01510,2025-02-26,Aarav Verma,Female,22,Bengaluru,Karnataka,South,Smartwatch,Accessories,Wearables,Meera Mehta,3,8000.0,5,22800.0,-2654.31,Credit Card,Returned,Returned
ORD01511,2025-01-01,Kabir Shah,Female,52,Patna,Bihar,East,Jacket,Fashion,Clothing,Riya Desai,4,7400.0,15,25160.0,4217.18,Cash,Completed,In Transit
ORD01512,2025-07-09,Vivaan Singh,Male,24,Kolkata,West Bengal,East,Dining Table,Furniture,Dining,Arjun Patel,2,43300.0,25,64950.0,6362.29,Credit Card,Completed,Delivered
ORD01513,2025-01-16,Riya Joshi,Male,39,Indore,Madhya Pradesh,Central,Running Shoes,Fashion,Footwear,Anaya Joshi,1,5900.0,5,5605.0,713.75,Debit Card,Completed,In Transit
ORD01514,2025-01-12,Arjun Singh,Male,30,Vadodara,Gujarat,West,Microwave,Appliances,Kitchen Appliances,Rohan Mehta,1,9600.0,15,8160.0,823.41,UPI,Completed,Delivered
ORD01515,2025-10-31,Riya Joshi,Female,30,Jaipur,Rajasthan,North,Headphones,Electronics,Accessories,Riya Desai,1,4500.0,0,4500.0,710.82,Net Banking,Completed,Delivered
ORD01516,2025-01-16,Riya Desai,Male,46,Pune,Maharashtra,West,Washing Machine,Appliances,Laundry Appliances,Ishita Shah,3,40000.0,15,102000.0,-9576.72,Debit Card,Returned,Returned
ORD01517,2025-10-21,Diya Mehta,Male,44,Udaipur,Rajasthan,North,Refrigerator,Appliances,Kitchen Appliances,Vivaan Desai,5,46200.0,10,207900.0,12848.4,Net Banking,Completed,Delivered
ORD01518,2025-04-22,Vivaan Singh,Male,55,Hyderabad,Telangana,South,Laptop,Electronics,Computers,Diya Patel,3,80100.0,0,240300.0,-28724.62,UPI,Returned,Returned
ORD01519,2025-12-04,Kabir Shah,Male,42,Kolkata,West Bengal,East,Washing Machine,Appliances,Laundry Appliances,Vivaan Desai,4,21800.0,20,69760.0,11717.67,Credit Card,Completed,Delivered
ORD01520,2025-09-02,Aarav Singh,Male,33,Mysuru,Karnataka,South,Running Shoes,Fashion,Footwear,Vivaan Desai,1,4600.0,0,0.0,0.0,Debit Card,Cancelled,Cancelled
ORD01521,2025-12-06,Diya Singh,Female,56,Vadodara,Gujarat,West,Smartphone,Electronics,Mobiles,Aarav Shah,3,26900.0,10,72630.0,6018.69,Debit Card,Completed,Delivered
ORD01522,2025-08-19,Riya Verma,Female,41,Chennai,Tamil Nadu,South,Jacket,Fashion,Clothing,Meera Mehta,1,1900.0,20,1520.0,-54.22,Cash,Returned,Returned
ORD01523,2025-07-26,Ishita Patel,Male,32,Mumbai,Maharashtra,West,Dining Table,Furniture,Dining,Kabir Joshi,5,29900.0,25,112125.0,-9442.36,Cash,Returned,Returned
ORD01524,2025-05-18,Kabir Joshi,Female,56,Kolkata,West Bengal,East,Smartwatch,Accessories,Wearables,Vivaan Desai,4,7100.0,15,24140.0,2026.47,Debit Card,Completed,Delivered
ORD01525,2025-12-27,Riya Singh,Female,40,Delhi,Delhi,North,Washing Machine,Appliances,Laundry Appliances,Ishita Shah,1,43400.0,10,39060.0,4046.75,Debit Card,Completed,Delivered
ORD01526,2025-11-23,Aarav Shah,Female,45,Mumbai,Maharashtra,West,Smartwatch,Accessories,Wearables,Aarav Shah,4,8900.0,0,35600.0,-1686.77,UPI,Returned,Returned
ORD01527,2025-05-25,Arjun Desai,Male,26,Indore,Madhya Pradesh,Central,Bed,Furniture,Bedroom,Ishita Shah,4,59600.0,20,190720.0,-12854.6,Debit Card,Returned,Returned
ORD01528,2025-04-13,Rohan Verma,Male,44,Indore,Madhya Pradesh,Central,Television,Electronics,Home Entertainment,Vivaan Desai,2,73100.0,15,124270.0,15830.8,UPI,Completed,Delivered
ORD01529,2025-01-13,Diya Desai,Male,49,Vadodara,Gujarat,West,Dining Table,Furniture,Dining,Aarav Shah,4,53800.0,15,182920.0,-5703.81,Credit Card,Returned,Returned
ORD01530,2025-05-29,Arjun Kapoor,Female,39,Vadodara,Gujarat,West,Sunglasses,Accessories,Eyewear,Meera Mehta,5,5900.0,15,25075.0,2043.91,Net Banking,Completed,Delivered
ORD01531,2025-02-15,Ishita Singh,Female,59,Vadodara,Gujarat,West,Television,Electronics,Home Entertainment,Aarav Shah,5,64700.0,5,307325.0,54178.94,Credit Card,Completed,Delayed
ORD01532,2025-11-30,Aarav Verma,Male,22,Indore,Madhya Pradesh,Central,Jeans,Fashion,Clothing,Aarav Shah,2,1800.0,15,3060.0,-333.95,Credit Card,Returned,Returned
ORD01533,2025-08-03,Anaya Patel,Male,50,Kolkata,West Bengal,East,Television,Electronics,Home Entertainment,Rohan Mehta,1,39900.0,15,0.0,0.0,UPI,Cancelled,Cancelled
ORD01534,2025-02-26,Ishita Verma,Female,33,Bhopal,Madhya Pradesh,Central,Air Conditioner,Appliances,Cooling,Diya Patel,2,48300.0,10,86940.0,9504.06,Credit Card,Completed,Delivered
ORD01535,2025-07-03,Meera Shah,Female,34,Kolkata,West Bengal,East,Smartphone,Electronics,Mobiles,Anaya Joshi,2,57500.0,0,115000.0,12799.47,Credit Card,Completed,Delivered
ORD01536,2025-01-22,Kabir Kapoor,Female,40,Delhi,Delhi,North,Dining Table,Furniture,Dining,Riya Desai,5,15900.0,25,59625.0,-2641.59,UPI,Returned,Returned
ORD01537,2025-01-05,Vivaan Mehta,Female,24,Chennai,Tamil Nadu,South,Bed,Furniture,Bedroom,Kabir Joshi,3,45300.0,20,0.0,0.0,Credit Card,Cancelled,Cancelled
ORD01538,2025-08-20,Rohan Desai,Female,48,Bengaluru,Karnataka,South,Washing Machine,Appliances,Laundry Appliances,Aarav Shah,4,52400.0,10,188640.0,20629.39,UPI,Completed,Delivered
ORD01539,2025-12-25,Meera Singh,Female,50,Indore,Madhya Pradesh,Central,Washing Machine,Appliances,Laundry Appliances,Diya Patel,4,54400.0,10,195840.0,18810.18,Net Banking,Completed,Delivered
ORD01540,2025-05-29,Ishita Patel,Male,30,Surat,Gujarat,West,Dining Table,Furniture,Dining,Ishita Shah,4,50400.0,10,181440.0,18053.62,Net Banking,Completed,Delayed
ORD01541,2025-06-27,Meera Shah,Female,28,Ahmedabad,Gujarat,West,Refrigerator,Appliances,Kitchen Appliances,Anaya Joshi,5,71500.0,5,339625.0,57636.01,Net Banking,Completed,Delivered
ORD01542,2025-07-10,Diya Singh,Male,18,Lucknow,Uttar Pradesh,North,Sofa,Furniture,Living Room,Riya Desai,3,45800.0,15,116790.0,10762.25,Debit Card,Completed,Delivered
ORD01543,2025-05-25,Vivaan Mehta,Male,59,Bengaluru,Karnataka,South,Smartphone,Electronics,Mobiles,Vivaan Desai,3,13600.0,0,40800.0,6106.95,UPI,Completed,Delivered
ORD01544,2025-12-31,Diya Joshi,Male,53,Mumbai,Maharashtra,West,Air Conditioner,Appliances,Cooling,Diya Patel,3,45300.0,10,122310.0,21874.1,Debit Card,Completed,Delivered
ORD01545,2025-03-28,Diya Mehta,Female,24,Mumbai,Maharashtra,West,Sofa,Furniture,Living Room,Anaya Joshi,1,32600.0,20,0.0,0.0,Credit Card,Cancelled,Cancelled
ORD01546,2025-11-03,Riya Mehta,Male,32,Bhopal,Madhya Pradesh,Central,Television,Electronics,Home Entertainment,Ishita Shah,4,76800.0,20,245760.0,42745.5,Debit Card,Completed,Delivered
ORD01547,2025-07-08,Rohan Singh,Male,48,Vadodara,Gujarat,West,Refrigerator,Appliances,Kitchen Appliances,Ishita Shah,1,31700.0,10,28530.0,1593.38,UPI,Completed,Delivered
ORD01548,2025-04-26,Riya Patel,Male,40,Mysuru,Karnataka,South,Refrigerator,Appliances,Kitchen Appliances,Arjun Patel,4,26800.0,10,96480.0,15747.44,Debit Card,Completed,Delivered
ORD01549,2025-05-04,Rohan Shah,Male,50,Jaipur,Rajasthan,North,Running Shoes,Fashion,Footwear,Meera Mehta,2,4800.0,10,0.0,0.0,Net Banking,Cancelled,Cancelled
ORD01550,2025-04-04,Vivaan Verma,Male,54,Pune,Maharashtra,West,Sofa,Furniture,Living Room,Riya Desai,2,36900.0,10,66420.0,11875.83,Net Banking,Completed,In Transit
ORD01551,2025-12-14,Arjun Mehta,Male,38,Patna,Bihar,East,Office Chair,Furniture,Office,Riya Desai,4,8300.0,0,33200.0,4746.93,Credit Card,Completed,Delayed
ORD01552,2025-05-06,Ishita Verma,Male,21,Mysuru,Karnataka,South,Jeans,Fashion,Clothing,Meera Mehta,4,3700.0,5,14060.0,1165.59,Debit Card,Completed,In Transit
ORD01553,2025-05-29,Anaya Kapoor,Female,47,Ahmedabad,Gujarat,West,Bed,Furniture,Bedroom,Meera Mehta,3,14900.0,20,35760.0,5736.03,UPI,Completed,Delivered
ORD01554,2025-11-27,Arjun Patel,Female,52,Jaipur,Rajasthan,North,Smartwatch,Accessories,Wearables,Diya Patel,5,16300.0,10,0.0,0.0,Net Banking,Cancelled,Cancelled
ORD01555,2025-07-14,Anaya Joshi,Female,26,Hyderabad,Telangana,South,Jacket,Fashion,Clothing,Rohan Mehta,5,5900.0,15,25075.0,4443.13,UPI,Completed,Delivered
ORD01556,2025-05-04,Kabir Kapoor,Female,48,Mumbai,Maharashtra,West,Laptop,Electronics,Computers,Rohan Mehta,3,60200.0,0,180600.0,17823.71,Net Banking,Completed,Delivered
ORD01557,2025-02-25,Meera Verma,Female,30,Ahmedabad,Gujarat,West,Smartwatch,Accessories,Wearables,Anaya Joshi,3,8300.0,0,0.0,0.0,Credit Card,Cancelled,Cancelled
ORD01558,2025-02-05,Rohan Patel,Male,35,Indore,Madhya Pradesh,Central,Laptop,Electronics,Computers,Anaya Joshi,5,64400.0,5,305900.0,15938.62,UPI,Completed,Delivered
ORD01559,2025-09-09,Diya Patel,Male,23,Jaipur,Rajasthan,North,Laptop,Electronics,Computers,Arjun Patel,3,52700.0,0,158100.0,9656.41,Net Banking,Completed,Delivered
ORD01560,2025-01-07,Anaya Shah,Female,37,Nagpur,Maharashtra,West,Sofa,Furniture,Living Room,Vivaan Desai,5,57000.0,10,256500.0,-17080.61,Debit Card,Returned,Returned
ORD01561,2025-10-24,Meera Singh,Female,57,Jaipur,Rajasthan,North,Laptop,Electronics,Computers,Meera Mehta,3,61400.0,10,0.0,0.0,Net Banking,Cancelled,Cancelled
ORD01562,2025-01-16,Kabir Verma,Female,19,Vadodara,Gujarat,West,Smartphone,Electronics,Mobiles,Rohan Mehta,4,56200.0,10,0.0,0.0,UPI,Cancelled,Cancelled
ORD01563,2025-12-07,Ishita Kapoor,Male,56,Chennai,Tamil Nadu,South,Refrigerator,Appliances,Kitchen Appliances,Vivaan Desai,5,44900.0,15,190825.0,31357.07,Debit Card,Completed,Delivered
ORD01564,2025-02-05,Aarav Singh,Female,39,Mumbai,Maharashtra,West,Laptop,Electronics,Computers,Ishita Shah,4,83700.0,10,301320.0,26535.95,Cash,Completed,Delivered
ORD01565,2025-04-21,Aarav Singh,Male,33,Udaipur,Rajasthan,North,Jacket,Fashion,Clothing,Vivaan Desai,3,3800.0,20,9120.0,-322.39,UPI,Returned,Returned
ORD01566,2025-01-29,Meera Mehta,Male,30,Vadodara,Gujarat,West,Bed,Furniture,Bedroom,Rohan Mehta,4,33100.0,5,125780.0,17254.34,Debit Card,Completed,Delivered
ORD01567,2025-10-18,Kabir Shah,Male,58,Chandigarh,Chandigarh,North,Television,Electronics,Home Entertainment,Rohan Mehta,4,65500.0,25,0.0,0.0,Credit Card,Cancelled,Cancelled
ORD01568,2025-11-23,Ishita Kapoor,Female,38,Hyderabad,Telangana,South,Watch,Accessories,Watches,Ishita Shah,4,2200.0,10,7920.0,567.9,UPI,Completed,Delivered
ORD01569,2025-02-26,Diya Desai,Male,45,Chandigarh,Chandigarh,North,Bed,Furniture,Bedroom,Vivaan Desai,5,31200.0,5,0.0,0.0,UPI,Cancelled,Cancelled
ORD01570,2025-06-11,Anaya Shah,Female,46,Indore,Madhya Pradesh,Central,Television,Electronics,Home Entertainment,Kabir Joshi,4,45700.0,0,0.0,0.0,UPI,Cancelled,Cancelled
ORD01571,2025-11-20,Kabir Joshi,Male,34,Chennai,Tamil Nadu,South,Smartphone,Electronics,Mobiles,Diya Patel,1,55200.0,15,46920.0,3077.26,Cash,Completed,Delivered
ORD01572,2025-03-30,Aarav Verma,Male,46,Kochi,Kerala,South,Bed,Furniture,Bedroom,Vivaan Desai,1,46500.0,10,0.0,0.0,Credit Card,Cancelled,Cancelled
ORD01573,2025-09-03,Vivaan Kapoor,Male,60,Mysuru,Karnataka,South,Microwave,Appliances,Kitchen Appliances,Rohan Mehta,4,24100.0,20,77120.0,5413.68,UPI,Completed,Delivered
ORD01574,2025-06-10,Diya Kapoor,Male,53,Chandigarh,Chandigarh,North,Office Chair,Furniture,Office,Rohan Mehta,2,14100.0,20,22560.0,2626.75,Net Banking,Completed,Delivered
ORD01575,2025-01-07,Meera Kapoor,Male,24,Mysuru,Karnataka,South,Television,Electronics,Home Entertainment,Meera Mehta,1,61000.0,5,0.0,0.0,Debit Card,Cancelled,Cancelled
ORD01576,2025-03-09,Vivaan Kapoor,Male,51,Surat,Gujarat,West,Smartwatch,Accessories,Wearables,Arjun Patel,3,8000.0,5,22800.0,2724.59,Credit Card,Completed,In Transit
ORD01577,2025-12-24,Riya Desai,Male,54,Mysuru,Karnataka,South,Watch,Accessories,Watches,Aarav Shah,4,14100.0,15,47940.0,6449.05,Debit Card,Completed,Delivered
ORD01578,2025-05-25,Aarav Kapoor,Male,34,Lucknow,Uttar Pradesh,North,Washing Machine,Appliances,Laundry Appliances,Arjun Patel,4,22000.0,5,83600.0,12647.24,UPI,Completed,Delivered
ORD01579,2025-11-30,Kabir Desai,Male,42,Chandigarh,Chandigarh,North,Smartphone,Electronics,Mobiles,Ishita Shah,5,44500.0,10,200250.0,29995.2,UPI,Completed,Delivered
ORD01580,2025-09-10,Kabir Desai,Female,54,Jaipur,Rajasthan,North,Sunglasses,Accessories,Eyewear,Anaya Joshi,5,2800.0,10,12600.0,1658.27,Net Banking,Completed,Delivered
ORD01581,2025-10-30,Aarav Joshi,Female,58,Chennai,Tamil Nadu,South,Running Shoes,Fashion,Footwear,Rohan Mehta,5,6700.0,10,30150.0,2109.13,Net Banking,Completed,Delivered
ORD01582,2025-12-22,Riya Desai,Male,54,Lucknow,Uttar Pradesh,North,Laptop,Electronics,Computers,Arjun Patel,3,71000.0,0,213000.0,13404.38,Debit Card,Completed,Delivered
ORD01583,2025-12-20,Anaya Joshi,Female,57,Kochi,Kerala,South,Laptop,Electronics,Computers,Ishita Shah,5,66500.0,15,282625.0,15613.24,Debit Card,Completed,Delivered
ORD01584,2025-03-09,Anaya Patel,Male,42,Indore,Madhya Pradesh,Central,Backpack,Fashion,Bags,Anaya Joshi,4,4000.0,10,14400.0,1295.16,Credit Card,Completed,Delivered
ORD01585,2025-07-05,Kabir Shah,Female,57,Bhopal,Madhya Pradesh,Central,Laptop,Electronics,Computers,Meera Mehta,1,53700.0,15,45645.0,-2235.81,UPI,Returned,Returned
ORD01586,2025-04-24,Aarav Desai,Male,56,Chandigarh,Chandigarh,North,Smartwatch,Accessories,Wearables,Kabir Joshi,4,13800.0,10,49680.0,7330.99,Debit Card,Completed,Delivered
ORD01587,2025-02-14,Arjun Desai,Male,45,Kochi,Kerala,South,Microwave,Appliances,Kitchen Appliances,Diya Patel,1,24600.0,5,23370.0,2152.63,UPI,Completed,Delayed
ORD01588,2025-07-19,Rohan Singh,Male,28,Hyderabad,Telangana,South,Television,Electronics,Home Entertainment,Diya Patel,5,76800.0,15,0.0,0.0,Credit Card,Cancelled,Cancelled
ORD01589,2025-09-22,Vivaan Patel,Female,58,Patna,Bihar,East,Bed,Furniture,Bedroom,Kabir Joshi,4,41600.0,5,0.0,0.0,UPI,Cancelled,Cancelled
ORD01590,2025-08-12,Ishita Mehta,Male,47,Udaipur,Rajasthan,North,Watch,Accessories,Watches,Anaya Joshi,3,9600.0,15,24480.0,4105.19,Credit Card,Completed,Delivered
ORD01591,2025-02-14,Diya Desai,Female,29,Chandigarh,Chandigarh,North,Air Conditioner,Appliances,Cooling,Vivaan Desai,3,79700.0,15,203235.0,24358.72,Net Banking,Completed,Delivered
ORD01592,2025-09-27,Diya Verma,Female,51,Kochi,Kerala,South,Running Shoes,Fashion,Footwear,Meera Mehta,4,5100.0,10,0.0,0.0,Credit Card,Cancelled,Cancelled
ORD01593,2025-02-15,Anaya Kapoor,Male,30,Delhi,Delhi,North,Headphones,Electronics,Accessories,Anaya Joshi,5,6100.0,10,27450.0,2138.72,Credit Card,Completed,Delivered
ORD01594,2025-04-04,Meera Joshi,Male,50,Bhopal,Madhya Pradesh,Central,T-Shirt,Fashion,Clothing,Ishita Shah,2,2300.0,15,3910.0,703.47,Credit Card,Completed,Delivered
ORD01595,2025-09-05,Riya Shah,Male,31,Patna,Bihar,East,Laptop,Electronics,Computers,Aarav Shah,1,77500.0,15,0.0,0.0,Net Banking,Cancelled,Cancelled
ORD01596,2025-05-22,Meera Verma,Female,47,Ahmedabad,Gujarat,West,T-Shirt,Fashion,Clothing,Aarav Shah,3,2400.0,5,6840.0,-303.92,Credit Card,Returned,Returned
ORD01597,2025-02-08,Meera Desai,Male,27,Hyderabad,Telangana,South,Backpack,Fashion,Bags,Rohan Mehta,2,1800.0,20,2880.0,-199.84,UPI,Returned,Returned
ORD01598,2025-02-21,Rohan Singh,Male,37,Vadodara,Gujarat,West,Laptop,Electronics,Computers,Kabir Joshi,1,67300.0,5,63935.0,8862.58,Cash,Completed,Delayed
ORD01599,2025-06-30,Ishita Joshi,Male,58,Delhi,Delhi,North,Running Shoes,Fashion,Footwear,Rohan Mehta,4,5700.0,15,19380.0,1346.84,Credit Card,Completed,Delivered
ORD01600,2025-02-21,Diya Verma,Female,36,Chennai,Tamil Nadu,South,Sofa,Furniture,Living Room,Vivaan Desai,2,32600.0,15,55420.0,8744.11,UPI,Completed,Delivered
ORD01601,2025-07-08,Diya Mehta,Male,38,Hyderabad,Telangana,South,T-Shirt,Fashion,Clothing,Riya Desai,5,2100.0,15,8925.0,550.22,Credit Card,Completed,Delivered
ORD01602,2025-04-25,Aarav Joshi,Male,51,Kolkata,West Bengal,East,Jeans,Fashion,Clothing,Vivaan Desai,4,2700.0,10,9720.0,497.38,Credit Card,Completed,Delivered
ORD01603,2025-09-06,Arjun Shah,Female,20,Indore,Madhya Pradesh,Central,Television,Electronics,Home Entertainment,Aarav Shah,3,86600.0,10,233820.0,30175.21,UPI,Completed,Delivered
ORD01604,2025-04-19,Riya Mehta,Female,20,Jaipur,Rajasthan,North,Washing Machine,Appliances,Laundry Appliances,Anaya Joshi,2,61000.0,5,115900.0,-10924.76,Credit Card,Returned,Returned
ORD01605,2025-01-03,Diya Desai,Female,24,Kolkata,West Bengal,East,Jeans,Fashion,Clothing,Aarav Shah,2,4400.0,15,7480.0,744.91,Cash,Completed,In Transit
ORD01606,2025-06-16,Rohan Verma,Female,20,Chennai,Tamil Nadu,South,Headphones,Electronics,Accessories,Riya Desai,5,2200.0,10,9900.0,1575.02,Credit Card,Completed,Delivered
ORD01607,2025-02-03,Vivaan Shah,Female,29,Kochi,Kerala,South,Office Chair,Furniture,Office,Aarav Shah,1,11600.0,10,10440.0,744.09,Debit Card,Completed,Delivered
ORD01608,2025-01-19,Aarav Kapoor,Male,46,Chandigarh,Chandigarh,North,Running Shoes,Fashion,Footwear,Rohan Mehta,3,5300.0,15,0.0,0.0,UPI,Cancelled,Cancelled
ORD01609,2025-11-23,Ishita Kapoor,Male,53,Patna,Bihar,East,Television,Electronics,Home Entertainment,Arjun Patel,5,42800.0,15,181900.0,25801.05,UPI,Completed,Delivered
ORD01610,2025-12-27,Arjun Joshi,Male,20,Surat,Gujarat,West,Backpack,Fashion,Bags,Aarav Shah,1,2500.0,15,2125.0,300.16,UPI,Completed,Delivered
ORD01611,2025-07-18,Riya Desai,Male,57,Surat,Gujarat,West,Refrigerator,Appliances,Kitchen Appliances,Meera Mehta,1,59800.0,10,0.0,0.0,Net Banking,Cancelled,Cancelled
ORD01612,2025-07-09,Kabir Singh,Female,44,Kolkata,West Bengal,East,Sunglasses,Accessories,Eyewear,Diya Patel,3,6000.0,5,17100.0,1064.2,Credit Card,Completed,Delivered
ORD01613,2025-12-20,Kabir Patel,Female,48,Bhopal,Madhya Pradesh,Central,Television,Electronics,Home Entertainment,Anaya Joshi,4,87000.0,0,348000.0,-39142.05,Debit Card,Returned,Returned
ORD01614,2025-06-29,Aarav Patel,Female,32,Patna,Bihar,East,Sunglasses,Accessories,Eyewear,Kabir Joshi,3,3500.0,15,8925.0,1324.96,UPI,Completed,Delivered
ORD01615,2025-10-05,Aarav Patel,Male,34,Kochi,Kerala,South,T-Shirt,Fashion,Clothing,Ishita Shah,5,1700.0,15,0.0,0.0,Cash,Cancelled,Cancelled
ORD01616,2025-11-30,Anaya Mehta,Male,30,Nagpur,Maharashtra,West,Backpack,Fashion,Bags,Meera Mehta,1,3900.0,10,3510.0,-354.85,Credit Card,Returned,Returned
ORD01617,2025-11-28,Meera Shah,Male,51,Patna,Bihar,East,T-Shirt,Fashion,Clothing,Anaya Joshi,2,1400.0,5,2660.0,142.98,Credit Card,Completed,Delivered
ORD01618,2025-07-19,Diya Joshi,Male,27,Bhopal,Madhya Pradesh,Central,Smartwatch,Accessories,Wearables,Riya Desai,5,3900.0,10,17550.0,2456.14,Credit Card,Completed,In Transit
ORD01619,2025-01-21,Riya Patel,Male,24,Bengaluru,Karnataka,South,Television,Electronics,Home Entertainment,Anaya Joshi,3,41700.0,0,0.0,0.0,Net Banking,Cancelled,Cancelled
ORD01620,2025-04-26,Meera Shah,Male,21,Udaipur,Rajasthan,North,Television,Electronics,Home Entertainment,Arjun Patel,3,35500.0,5,101175.0,6454.84,Debit Card,Completed,Delayed
ORD01621,2025-10-08,Rohan Desai,Male,29,Udaipur,Rajasthan,North,Sofa,Furniture,Living Room,Ishita Shah,2,29500.0,0,59000.0,9776.36,Net Banking,Completed,Delivered
ORD01622,2025-02-19,Kabir Shah,Male,30,Ahmedabad,Gujarat,West,Running Shoes,Fashion,Footwear,Vivaan Desai,2,2900.0,20,4640.0,-507.58,UPI,Returned,Returned
ORD01623,2025-08-25,Anaya Patel,Female,29,Jaipur,Rajasthan,North,Office Chair,Furniture,Office,Diya Patel,1,7400.0,10,6660.0,361.9,UPI,Completed,Delivered
ORD01624,2025-03-11,Arjun Patel,Female,53,Indore,Madhya Pradesh,Central,Microwave,Appliances,Kitchen Appliances,Kabir Joshi,2,11200.0,15,19040.0,1394.65,UPI,Completed,Delivered
ORD01625,2025-10-23,Arjun Patel,Female,31,Indore,Madhya Pradesh,Central,Watch,Accessories,Watches,Diya Patel,2,10500.0,5,19950.0,-1232.65,UPI,Returned,Returned
ORD01626,2025-08-19,Diya Mehta,Female,40,Bengaluru,Karnataka,South,T-Shirt,Fashion,Clothing,Rohan Mehta,1,1500.0,10,1350.0,-121.57,Credit Card,Returned,Returned
ORD01627,2025-07-12,Arjun Patel,Female,28,Lucknow,Uttar Pradesh,North,Laptop,Electronics,Computers,Ishita Shah,1,49700.0,20,39760.0,6205.35,Debit Card,Completed,Delivered
ORD01628,2025-08-13,Arjun Mehta,Male,20,Chandigarh,Chandigarh,North,Running Shoes,Fashion,Footwear,Kabir Joshi,3,3200.0,20,7680.0,1125.52,Credit Card,Completed,Delivered
ORD01629,2025-02-20,Rohan Joshi,Female,20,Chennai,Tamil Nadu,South,Jacket,Fashion,Clothing,Ishita Shah,4,3600.0,15,12240.0,-1207.34,UPI,Returned,Returned
ORD01630,2025-11-22,Diya Patel,Female,32,Bhopal,Madhya Pradesh,Central,Washing Machine,Appliances,Laundry Appliances,Ishita Shah,4,61400.0,5,233320.0,31211.05,Credit Card,Completed,Delivered
ORD01631,2025-09-11,Vivaan Verma,Female,32,Ahmedabad,Gujarat,West,T-Shirt,Fashion,Clothing,Vivaan Desai,2,1300.0,20,2080.0,335.55,UPI,Completed,Delivered
ORD01632,2025-09-12,Kabir Verma,Female,25,Mysuru,Karnataka,South,Smartwatch,Accessories,Wearables,Meera Mehta,5,8500.0,25,31875.0,4432.89,Debit Card,Completed,Delivered
ORD01633,2025-12-31,Kabir Desai,Male,51,Nagpur,Maharashtra,West,Watch,Accessories,Watches,Arjun Patel,4,13200.0,15,44880.0,4426.68,Credit Card,Completed,Delivered
ORD01634,2025-10-21,Vivaan Singh,Male,22,Bhopal,Madhya Pradesh,Central,Microwave,Appliances,Kitchen Appliances,Anaya Joshi,2,7400.0,20,0.0,0.0,Cash,Cancelled,Cancelled
ORD01635,2025-05-05,Anaya Desai,Male,56,Kolkata,West Bengal,East,Backpack,Fashion,Bags,Vivaan Desai,2,3700.0,0,7400.0,1101.17,UPI,Completed,Delivered
ORD01636,2025-05-19,Meera Desai,Female,35,Bhopal,Madhya Pradesh,Central,Dining Table,Furniture,Dining,Vivaan Desai,4,15300.0,0,61200.0,-2189.43,Net Banking,Returned,Returned
ORD01637,2025-02-27,Anaya Kapoor,Male,28,Kolkata,West Bengal,East,Bed,Furniture,Bedroom,Anaya Joshi,2,59300.0,0,118600.0,15463.57,UPI,Completed,Delivered
ORD01638,2025-08-31,Vivaan Mehta,Female,49,Jaipur,Rajasthan,North,Running Shoes,Fashion,Footwear,Arjun Patel,4,5400.0,10,19440.0,1539.34,Debit Card,Completed,Delayed
ORD01639,2025-08-09,Vivaan Singh,Male,47,Bhopal,Madhya Pradesh,Central,Jeans,Fashion,Clothing,Diya Patel,4,2800.0,10,10080.0,-309.35,Net Banking,Returned,Returned
ORD01640,2025-03-13,Arjun Desai,Female,45,Patna,Bihar,East,Laptop,Electronics,Computers,Anaya Joshi,5,47800.0,0,239000.0,13824.93,Debit Card,Completed,Delivered
ORD01641,2025-09-23,Aarav Mehta,Male,27,Bhopal,Madhya Pradesh,Central,Smartphone,Electronics,Mobiles,Aarav Shah,4,33800.0,0,135200.0,18756.88,UPI,Completed,Delivered
ORD01642,2025-11-13,Riya Desai,Female,21,Lucknow,Uttar Pradesh,North,Jeans,Fashion,Clothing,Arjun Patel,3,1800.0,25,4050.0,-423.62,UPI,Returned,Returned
ORD01643,2025-10-27,Anaya Joshi,Male,33,Mysuru,Karnataka,South,Headphones,Electronics,Accessories,Anaya Joshi,1,2000.0,5,0.0,0.0,Debit Card,Cancelled,Cancelled
ORD01644,2025-08-19,Ishita Joshi,Female,45,Hyderabad,Telangana,South,Jacket,Fashion,Clothing,Arjun Patel,1,3900.0,10,3510.0,618.83,Credit Card,Completed,Delivered
ORD01645,2025-12-05,Ishita Joshi,Female,31,Jaipur,Rajasthan,North,Sunglasses,Accessories,Eyewear,Diya Patel,2,2700.0,15,4590.0,336.94,Debit Card,Completed,Delivered
ORD01646,2025-09-21,Rohan Verma,Male,54,Kochi,Kerala,South,Watch,Accessories,Watches,Anaya Joshi,5,13600.0,5,64600.0,7127.6,UPI,Completed,Delivered
ORD01647,2025-02-19,Ishita Verma,Male,50,Chandigarh,Chandigarh,North,Bed,Furniture,Bedroom,Arjun Patel,3,40800.0,5,0.0,0.0,Credit Card,Cancelled,Cancelled
ORD01648,2025-12-09,Riya Singh,Male,32,Kochi,Kerala,South,Laptop,Electronics,Computers,Diya Patel,4,56600.0,20,181120.0,23312.03,Debit Card,Completed,Delivered
ORD01649,2025-11-01,Meera Shah,Female,50,Udaipur,Rajasthan,North,Office Chair,Furniture,Office,Anaya Joshi,1,7100.0,5,6745.0,555.29,Net Banking,Completed,In Transit
ORD01650,2025-12-18,Anaya Joshi,Female,25,Kolkata,West Bengal,East,Air Conditioner,Appliances,Cooling,Arjun Patel,4,66500.0,15,0.0,0.0,Cash,Cancelled,Cancelled
ORD01651,2025-05-27,Ishita Shah,Male,40,Bhopal,Madhya Pradesh,Central,Jeans,Fashion,Clothing,Rohan Mehta,2,3500.0,15,5950.0,925.87,Debit Card,Completed,Delivered
ORD01652,2025-03-09,Rohan Singh,Male,21,Chennai,Tamil Nadu,South,Refrigerator,Appliances,Kitchen Appliances,Ishita Shah,2,31400.0,10,56520.0,-4044.9,Credit Card,Returned,Returned
ORD01653,2025-01-06,Meera Desai,Female,44,Pune,Maharashtra,West,Bed,Furniture,Bedroom,Rohan Mehta,3,32300.0,20,77520.0,-3175.72,UPI,Returned,Returned
ORD01654,2025-05-12,Kabir Joshi,Male,51,Udaipur,Rajasthan,North,Jacket,Fashion,Clothing,Rohan Mehta,1,2800.0,5,2660.0,258.98,UPI,Completed,In Transit
ORD01655,2025-09-04,Arjun Singh,Male,54,Hyderabad,Telangana,South,Smartphone,Electronics,Mobiles,Rohan Mehta,4,50900.0,10,183240.0,29974.33,UPI,Completed,Delayed
ORD01656,2025-01-23,Vivaan Desai,Male,26,Delhi,Delhi,North,Sofa,Furniture,Living Room,Meera Mehta,2,51400.0,10,0.0,0.0,Credit Card,Cancelled,Cancelled
ORD01657,2025-11-25,Rohan Kapoor,Female,42,Ahmedabad,Gujarat,West,Dining Table,Furniture,Dining,Meera Mehta,5,18300.0,10,82350.0,7456.96,UPI,Completed,Delivered
ORD01658,2025-08-02,Kabir Joshi,Male,36,Mumbai,Maharashtra,West,Smartwatch,Accessories,Wearables,Vivaan Desai,1,3000.0,15,2550.0,205.1,Cash,Completed,Delivered
ORD01659,2025-09-20,Ishita Mehta,Male,49,Indore,Madhya Pradesh,Central,Washing Machine,Appliances,Laundry Appliances,Meera Mehta,5,38800.0,10,174600.0,17987.67,Debit Card,Completed,Delivered
ORD01660,2025-06-07,Kabir Verma,Female,32,Lucknow,Uttar Pradesh,North,Smartwatch,Accessories,Wearables,Arjun Patel,4,6200.0,20,19840.0,-1014.69,Debit Card,Returned,Returned
ORD01661,2025-11-23,Meera Shah,Male,58,Chennai,Tamil Nadu,South,Backpack,Fashion,Bags,Ishita Shah,3,4000.0,5,11400.0,-1124.24,Credit Card,Returned,Returned
ORD01662,2025-09-08,Vivaan Shah,Male,44,Delhi,Delhi,North,Smartwatch,Accessories,Wearables,Riya Desai,2,17000.0,5,0.0,0.0,Credit Card,Cancelled,Cancelled
ORD01663,2025-10-12,Anaya Mehta,Female,24,Pune,Maharashtra,West,Dining Table,Furniture,Dining,Aarav Shah,4,19600.0,0,78400.0,-9152.64,UPI,Returned,Returned
ORD01664,2025-07-28,Arjun Kapoor,Female,18,Udaipur,Rajasthan,North,Running Shoes,Fashion,Footwear,Aarav Shah,5,1800.0,5,8550.0,1430.19,Debit Card,Completed,Delivered
ORD01665,2025-11-20,Vivaan Mehta,Male,30,Vadodara,Gujarat,West,Running Shoes,Fashion,Footwear,Aarav Shah,5,5100.0,5,24225.0,2111.16,Credit Card,Completed,Delivered
ORD01666,2025-07-02,Arjun Patel,Male,26,Ahmedabad,Gujarat,West,Watch,Accessories,Watches,Diya Patel,4,5400.0,20,0.0,0.0,UPI,Cancelled,Cancelled
ORD01667,2025-01-08,Rohan Mehta,Female,58,Ahmedabad,Gujarat,West,Bed,Furniture,Bedroom,Vivaan Desai,5,51000.0,5,242250.0,35497.89,Debit Card,Completed,Delivered
ORD01668,2025-11-02,Vivaan Joshi,Male,36,Chennai,Tamil Nadu,South,Washing Machine,Appliances,Laundry Appliances,Anaya Joshi,4,53200.0,0,212800.0,-14906.0,Net Banking,Returned,Returned
ORD01669,2025-05-20,Kabir Patel,Male,24,Udaipur,Rajasthan,North,Microwave,Appliances,Kitchen Appliances,Riya Desai,1,21600.0,15,18360.0,2339.46,Debit Card,Completed,In Transit
ORD01670,2025-01-29,Anaya Verma,Female,28,Mumbai,Maharashtra,West,Laptop,Electronics,Computers,Anaya Joshi,1,64100.0,5,60895.0,7207.33,Credit Card,Completed,In Transit
ORD01671,2025-07-25,Vivaan Joshi,Female,43,Mysuru,Karnataka,South,Refrigerator,Appliances,Kitchen Appliances,Rohan Mehta,1,31800.0,15,27030.0,3213.95,UPI,Completed,Delivered
ORD01672,2025-07-10,Aarav Singh,Male,48,Delhi,Delhi,North,Dining Table,Furniture,Dining,Riya Desai,4,40800.0,20,0.0,0.0,Credit Card,Cancelled,Cancelled
ORD01673,2025-02-05,Meera Joshi,Female,24,Ahmedabad,Gujarat,West,Air Conditioner,Appliances,Cooling,Anaya Joshi,5,65500.0,20,262000.0,32892.56,Credit Card,Completed,Delivered
ORD01674,2025-05-17,Arjun Shah,Male,30,Mysuru,Karnataka,South,Smartphone,Electronics,Mobiles,Rohan Mehta,1,54800.0,15,46580.0,4705.41,UPI,Completed,Delivered
ORD01675,2025-08-31,Vivaan Desai,Female,26,Indore,Madhya Pradesh,Central,Microwave,Appliances,Kitchen Appliances,Vivaan Desai,2,19300.0,10,34740.0,5589.09,UPI,Completed,Delivered
ORD01676,2025-02-18,Kabir Verma,Female,28,Surat,Gujarat,West,Office Chair,Furniture,Office,Kabir Joshi,4,8800.0,5,0.0,0.0,UPI,Cancelled,Cancelled
ORD01677,2025-07-27,Meera Mehta,Male,35,Kochi,Kerala,South,Smartwatch,Accessories,Wearables,Kabir Joshi,4,6100.0,5,23180.0,2934.07,Credit Card,Completed,Delivered
ORD01678,2025-12-22,Rohan Singh,Male,49,Ahmedabad,Gujarat,West,Microwave,Appliances,Kitchen Appliances,Riya Desai,4,14300.0,5,54340.0,6459.94,UPI,Completed,Delivered
ORD01679,2025-10-14,Aarav Joshi,Female,24,Nagpur,Maharashtra,West,Laptop,Electronics,Computers,Kabir Joshi,2,77200.0,20,123520.0,17725.77,Debit Card,Completed,Delivered
ORD01680,2025-06-21,Anaya Verma,Male,30,Mumbai,Maharashtra,West,Backpack,Fashion,Bags,Aarav Shah,5,4300.0,10,19350.0,2691.47,Debit Card,Completed,Delivered
ORD01681,2025-08-17,Arjun Mehta,Male,27,Hyderabad,Telangana,South,Smartwatch,Accessories,Wearables,Anaya Joshi,2,16100.0,0,32200.0,2013.87,Credit Card,Completed,Delivered
ORD01682,2025-01-11,Arjun Patel,Female,20,Vadodara,Gujarat,West,Sunglasses,Accessories,Eyewear,Arjun Patel,3,1400.0,10,3780.0,488.99,Net Banking,Completed,Delivered
ORD01683,2025-02-08,Aarav Patel,Female,22,Jaipur,Rajasthan,North,Microwave,Appliances,Kitchen Appliances,Kabir Joshi,5,14900.0,15,63325.0,9300.52,UPI,Completed,Delivered
ORD01684,2025-09-17,Vivaan Patel,Male,37,Lucknow,Uttar Pradesh,North,Television,Electronics,Home Entertainment,Ishita Shah,2,72100.0,0,0.0,0.0,Debit Card,Cancelled,Cancelled
ORD01685,2025-02-15,Rohan Kapoor,Male,25,Kolkata,West Bengal,East,Dining Table,Furniture,Dining,Arjun Patel,2,27000.0,5,0.0,0.0,UPI,Cancelled,Cancelled
ORD01686,2025-02-01,Kabir Desai,Male,58,Indore,Madhya Pradesh,Central,Smartwatch,Accessories,Wearables,Vivaan Desai,5,14200.0,5,67450.0,-5431.61,Debit Card,Returned,Returned
ORD01687,2025-05-19,Aarav Desai,Male,21,Indore,Madhya Pradesh,Central,Office Chair,Furniture,Office,Anaya Joshi,3,14900.0,20,0.0,0.0,UPI,Cancelled,Cancelled
ORD01688,2025-01-02,Aarav Desai,Female,29,Vadodara,Gujarat,West,Sunglasses,Accessories,Eyewear,Vivaan Desai,5,4300.0,20,17200.0,-1670.5,Cash,Returned,Returned
ORD01689,2025-03-31,Meera Desai,Female,48,Udaipur,Rajasthan,North,Smartwatch,Accessories,Wearables,Arjun Patel,1,10600.0,5,10070.0,1174.44,Debit Card,Completed,Delivered
ORD01690,2025-04-01,Diya Shah,Female,19,Delhi,Delhi,North,Headphones,Electronics,Accessories,Meera Mehta,3,4600.0,10,12420.0,1204.89,Credit Card,Completed,Delivered
ORD01691,2025-03-12,Rohan Patel,Male,39,Chandigarh,Chandigarh,North,Backpack,Fashion,Bags,Arjun Patel,3,1200.0,15,3060.0,211.14,Credit Card,Completed,Delivered
ORD01692,2025-11-04,Arjun Patel,Female,23,Chandigarh,Chandigarh,North,Dining Table,Furniture,Dining,Meera Mehta,5,28000.0,15,0.0,0.0,UPI,Cancelled,Cancelled
ORD01693,2025-12-24,Ishita Singh,Female,26,Kolkata,West Bengal,East,Smartphone,Electronics,Mobiles,Vivaan Desai,3,23000.0,15,0.0,0.0,Debit Card,Cancelled,Cancelled
ORD01694,2025-04-09,Ishita Patel,Male,57,Surat,Gujarat,West,Jacket,Fashion,Clothing,Anaya Joshi,4,7700.0,20,24640.0,3908.39,UPI,Completed,Delivered
ORD01695,2025-03-23,Arjun Kapoor,Female,36,Mumbai,Maharashtra,West,Backpack,Fashion,Bags,Ishita Shah,5,2300.0,15,9775.0,1310.25,UPI,Completed,Delivered
ORD01696,2025-05-04,Diya Joshi,Male,53,Nagpur,Maharashtra,West,Refrigerator,Appliances,Kitchen Appliances,Arjun Patel,4,44600.0,10,160560.0,20551.77,Credit Card,Completed,Delivered
ORD01697,2025-12-28,Vivaan Joshi,Male,28,Delhi,Delhi,North,Smartphone,Electronics,Mobiles,Meera Mehta,5,36700.0,15,155975.0,17806.9,Debit Card,Completed,Delivered
ORD01698,2025-11-07,Rohan Desai,Male,45,Mysuru,Karnataka,South,Backpack,Fashion,Bags,Aarav Shah,1,2600.0,10,0.0,0.0,Debit Card,Cancelled,Cancelled
ORD01699,2025-10-16,Kabir Mehta,Male,21,Bhopal,Madhya Pradesh,Central,Running Shoes,Fashion,Footwear,Arjun Patel,4,4000.0,20,12800.0,827.58,UPI,Completed,Delivered
ORD01700,2025-07-13,Vivaan Desai,Male,38,Indore,Madhya Pradesh,Central,Jeans,Fashion,Clothing,Riya Desai,5,4900.0,10,22050.0,1994.04,UPI,Completed,Delivered
ORD01701,2025-02-18,Riya Mehta,Male,49,Surat,Gujarat,West,Air Conditioner,Appliances,Cooling,Rohan Mehta,2,31200.0,25,46800.0,3810.13,Credit Card,Completed,Delivered
ORD01702,2025-03-24,Ishita Verma,Male,20,Patna,Bihar,East,Backpack,Fashion,Bags,Rohan Mehta,4,4100.0,10,14760.0,1059.46,UPI,Completed,Delivered
ORD01703,2025-01-04,Kabir Desai,Female,26,Chandigarh,Chandigarh,North,Refrigerator,Appliances,Kitchen Appliances,Ishita Shah,5,72200.0,0,361000.0,-27302.2,Credit Card,Returned,Returned
ORD01704,2025-07-30,Vivaan Patel,Male,52,Pune,Maharashtra,West,Television,Electronics,Home Entertainment,Ishita Shah,5,29800.0,15,0.0,0.0,UPI,Cancelled,Cancelled
ORD01705,2025-04-04,Diya Desai,Female,21,Nagpur,Maharashtra,West,Refrigerator,Appliances,Kitchen Appliances,Arjun Patel,1,43000.0,20,34400.0,4762.82,Cash,Completed,Delivered
ORD01706,2025-05-03,Arjun Mehta,Male,24,Udaipur,Rajasthan,North,Jeans,Fashion,Clothing,Meera Mehta,4,4200.0,20,13440.0,-597.31,Cash,Returned,Returned
ORD01707,2025-08-26,Diya Shah,Female,36,Vadodara,Gujarat,West,Watch,Accessories,Watches,Ishita Shah,5,12000.0,20,0.0,0.0,Debit Card,Cancelled,Cancelled
ORD01708,2025-09-01,Riya Patel,Male,27,Lucknow,Uttar Pradesh,North,Air Conditioner,Appliances,Cooling,Arjun Patel,3,43700.0,15,111435.0,13959.3,Net Banking,Completed,Delivered
ORD01709,2025-06-02,Arjun Singh,Female,23,Pune,Maharashtra,West,Sunglasses,Accessories,Eyewear,Aarav Shah,2,5100.0,0,10200.0,1377.09,UPI,Completed,Delivered
ORD01710,2025-08-31,Kabir Kapoor,Male,47,Surat,Gujarat,West,Television,Electronics,Home Entertainment,Aarav Shah,3,56600.0,20,135840.0,8613.59,UPI,Completed,Delivered
ORD01711,2025-01-14,Diya Desai,Male,56,Kochi,Kerala,South,Office Chair,Furniture,Office,Meera Mehta,2,15900.0,5,30210.0,-1023.67,Debit Card,Returned,Returned
ORD01712,2025-01-12,Arjun Verma,Male,49,Vadodara,Gujarat,West,Laptop,Electronics,Computers,Meera Mehta,3,50800.0,15,129540.0,7952.92,UPI,Completed,Delivered
ORD01713,2025-09-01,Diya Joshi,Female,18,Jaipur,Rajasthan,North,Sunglasses,Accessories,Eyewear,Kabir Joshi,1,3000.0,0,3000.0,186.04,Credit Card,Completed,Delivered
ORD01714,2025-08-03,Vivaan Singh,Male,20,Surat,Gujarat,West,Sunglasses,Accessories,Eyewear,Diya Patel,5,4400.0,20,17600.0,1800.14,UPI,Completed,In Transit
ORD01715,2025-06-12,Ishita Mehta,Female,20,Nagpur,Maharashtra,West,Bed,Furniture,Bedroom,Anaya Joshi,2,51000.0,10,91800.0,11423.82,Credit Card,Completed,Delivered
ORD01716,2025-08-07,Riya Shah,Male,29,Chennai,Tamil Nadu,South,Television,Electronics,Home Entertainment,Kabir Joshi,4,56300.0,10,202680.0,28640.42,Net Banking,Completed,Delivered
ORD01717,2025-03-24,Vivaan Patel,Male,43,Mysuru,Karnataka,South,Running Shoes,Fashion,Footwear,Arjun Patel,5,5300.0,0,26500.0,-2948.6,UPI,Returned,Returned
ORD01718,2025-10-19,Aarav Mehta,Female,43,Pune,Maharashtra,West,Bed,Furniture,Bedroom,Anaya Joshi,4,29400.0,5,111720.0,13573.82,Credit Card,Completed,In Transit
ORD01719,2025-02-05,Kabir Kapoor,Female,55,Udaipur,Rajasthan,North,Bed,Furniture,Bedroom,Meera Mehta,2,52800.0,10,0.0,0.0,UPI,Cancelled,Cancelled
ORD01720,2025-08-07,Rohan Mehta,Female,29,Bhopal,Madhya Pradesh,Central,Running Shoes,Fashion,Footwear,Ishita Shah,4,2600.0,20,8320.0,1390.56,Net Banking,Completed,In Transit
ORD01721,2025-08-23,Arjun Shah,Male,33,Surat,Gujarat,West,Television,Electronics,Home Entertainment,Meera Mehta,5,47500.0,15,201875.0,-15414.7,UPI,Returned,Returned
ORD01722,2025-12-27,Meera Singh,Male,57,Bengaluru,Karnataka,South,Smartphone,Electronics,Mobiles,Ishita Shah,3,32800.0,0,0.0,0.0,Credit Card,Cancelled,Cancelled
ORD01723,2025-06-18,Kabir Verma,Male,57,Vadodara,Gujarat,West,Watch,Accessories,Watches,Arjun Patel,1,10600.0,10,9540.0,-714.69,Credit Card,Returned,Returned
ORD01724,2025-04-26,Ishita Kapoor,Female,18,Nagpur,Maharashtra,West,Smartphone,Electronics,Mobiles,Ishita Shah,5,32400.0,0,162000.0,23095.46,Debit Card,Completed,Delivered
ORD01725,2025-05-12,Vivaan Singh,Female,44,Kolkata,West Bengal,East,Laptop,Electronics,Computers,Aarav Shah,2,57000.0,5,108300.0,12680.63,Debit Card,Completed,Delayed
ORD01726,2025-06-24,Rohan Verma,Female,45,Vadodara,Gujarat,West,Sofa,Furniture,Living Room,Diya Patel,5,65200.0,15,0.0,0.0,Net Banking,Cancelled,Cancelled
ORD01727,2025-11-08,Ishita Mehta,Male,20,Indore,Madhya Pradesh,Central,Refrigerator,Appliances,Kitchen Appliances,Riya Desai,5,44000.0,10,198000.0,-17719.44,UPI,Returned,Returned
ORD01728,2025-10-06,Vivaan Singh,Female,32,Jaipur,Rajasthan,North,Television,Electronics,Home Entertainment,Meera Mehta,5,68500.0,5,325375.0,-24614.37,UPI,Returned,Returned
ORD01729,2025-06-24,Arjun Mehta,Female,18,Indore,Madhya Pradesh,Central,Dining Table,Furniture,Dining,Rohan Mehta,4,52600.0,20,168320.0,17377.8,Net Banking,Completed,Delivered
ORD01730,2025-05-06,Diya Patel,Male,53,Chennai,Tamil Nadu,South,Microwave,Appliances,Kitchen Appliances,Kabir Joshi,2,21100.0,15,35870.0,3137.15,Cash,Completed,Delivered
ORD01731,2025-10-18,Anaya Singh,Male,41,Delhi,Delhi,North,Office Chair,Furniture,Office,Meera Mehta,5,5700.0,15,24225.0,-1962.8,Credit Card,Returned,Returned
ORD01732,2025-03-13,Aarav Singh,Female,46,Patna,Bihar,East,Sofa,Furniture,Living Room,Rohan Mehta,2,68000.0,10,122400.0,9075.2,UPI,Completed,Delivered
ORD01733,2025-03-28,Vivaan Desai,Male,22,Bengaluru,Karnataka,South,Refrigerator,Appliances,Kitchen Appliances,Anaya Joshi,2,47900.0,20,76640.0,-4035.73,Net Banking,Returned,Returned
ORD01734,2025-12-31,Aarav Mehta,Male,33,Ahmedabad,Gujarat,West,Watch,Accessories,Watches,Meera Mehta,4,12900.0,0,51600.0,8783.7,Credit Card,Completed,Delivered
ORD01735,2025-08-20,Riya Verma,Female,47,Chandigarh,Chandigarh,North,Jeans,Fashion,Clothing,Rohan Mehta,3,2200.0,5,6270.0,613.89,Debit Card,Completed,Delivered
ORD01736,2025-08-02,Riya Singh,Male,46,Chennai,Tamil Nadu,South,Laptop,Electronics,Computers,Aarav Shah,5,55900.0,10,251550.0,27747.53,Net Banking,Completed,Delivered
ORD01737,2025-05-10,Meera Mehta,Female,22,Bengaluru,Karnataka,South,Watch,Accessories,Watches,Arjun Patel,3,3300.0,20,7920.0,-397.67,Net Banking,Returned,Returned
ORD01738,2025-06-22,Kabir Desai,Male,40,Chennai,Tamil Nadu,South,Smartphone,Electronics,Mobiles,Arjun Patel,2,28400.0,10,0.0,0.0,Debit Card,Cancelled,Cancelled
ORD01739,2025-04-25,Rohan Verma,Female,29,Lucknow,Uttar Pradesh,North,Refrigerator,Appliances,Kitchen Appliances,Rohan Mehta,3,67400.0,15,171870.0,26403.17,Debit Card,Completed,Delayed
ORD01740,2025-01-07,Arjun Mehta,Female,44,Vadodara,Gujarat,West,Backpack,Fashion,Bags,Diya Patel,3,4000.0,10,10800.0,849.87,Credit Card,Completed,Delivered
ORD01741,2025-12-05,Ishita Kapoor,Male,29,Patna,Bihar,East,Microwave,Appliances,Kitchen Appliances,Vivaan Desai,5,23500.0,0,117500.0,12350.83,UPI,Completed,Delivered
ORD01742,2025-07-23,Anaya Singh,Male,27,Bengaluru,Karnataka,South,Sunglasses,Accessories,Eyewear,Ishita Shah,2,800.0,0,1600.0,-137.86,Debit Card,Returned,Returned
ORD01743,2025-02-10,Anaya Joshi,Male,55,Surat,Gujarat,West,Air Conditioner,Appliances,Cooling,Rohan Mehta,5,41700.0,15,177225.0,28069.01,Credit Card,Completed,Delivered
ORD01744,2025-11-21,Kabir Mehta,Female,40,Pune,Maharashtra,West,Watch,Accessories,Watches,Anaya Joshi,2,9500.0,20,15200.0,-1657.9,Debit Card,Returned,Returned
ORD01745,2025-06-26,Vivaan Patel,Female,18,Chennai,Tamil Nadu,South,Dining Table,Furniture,Dining,Kabir Joshi,2,18100.0,20,28960.0,2712.59,UPI,Completed,In Transit
ORD01746,2025-02-06,Arjun Shah,Female,41,Kolkata,West Bengal,East,Smartwatch,Accessories,Wearables,Vivaan Desai,5,15500.0,15,65875.0,7733.18,Net Banking,Completed,Delayed
ORD01747,2025-05-26,Anaya Patel,Male,45,Patna,Bihar,East,Microwave,Appliances,Kitchen Appliances,Rohan Mehta,4,18000.0,15,61200.0,6617.62,Credit Card,Completed,Delayed
ORD01748,2025-05-21,Rohan Desai,Male,49,Indore,Madhya Pradesh,Central,Backpack,Fashion,Bags,Anaya Joshi,1,4400.0,10,3960.0,456.97,Debit Card,Completed,Delivered
ORD01749,2025-08-01,Diya Shah,Male,20,Kolkata,West Bengal,East,Backpack,Fashion,Bags,Arjun Patel,5,2400.0,20,9600.0,1435.29,Credit Card,Completed,Delivered
ORD01750,2025-08-22,Diya Mehta,Female,23,Kochi,Kerala,South,Smartwatch,Accessories,Wearables,Aarav Shah,1,3500.0,20,2800.0,280.18,Debit Card,Completed,Delivered
ORD01751,2025-10-23,Anaya Kapoor,Male,54,Jaipur,Rajasthan,North,Dining Table,Furniture,Dining,Diya Patel,1,31800.0,15,27030.0,-1787.03,Cash,Returned,Returned
ORD01752,2025-07-02,Ishita Mehta,Female,20,Patna,Bihar,East,Smartwatch,Accessories,Wearables,Aarav Shah,3,14300.0,20,34320.0,-2059.47,UPI,Returned,Returned
ORD01753,2025-10-08,Anaya Patel,Male,27,Kochi,Kerala,South,Television,Electronics,Home Entertainment,Arjun Patel,1,55500.0,5,52725.0,4696.15,Net Banking,Completed,Delivered
ORD01754,2025-09-27,Anaya Verma,Female,33,Hyderabad,Telangana,South,Office Chair,Furniture,Office,Anaya Joshi,1,8400.0,10,7560.0,400.42,Debit Card,Completed,Delivered
ORD01755,2025-02-11,Kabir Verma,Male,40,Hyderabad,Telangana,South,Refrigerator,Appliances,Kitchen Appliances,Ishita Shah,2,33200.0,20,53120.0,-3632.44,Debit Card,Returned,Returned
ORD01756,2025-09-02,Arjun Singh,Female,29,Kolkata,West Bengal,East,Running Shoes,Fashion,Footwear,Diya Patel,4,4300.0,15,14620.0,990.79,Credit Card,Completed,Delivered
ORD01757,2025-06-27,Ishita Verma,Female,48,Bengaluru,Karnataka,South,Bed,Furniture,Bedroom,Kabir Joshi,3,37700.0,10,0.0,0.0,UPI,Cancelled,Cancelled
ORD01758,2025-10-06,Rohan Joshi,Male,36,Chennai,Tamil Nadu,South,Microwave,Appliances,Kitchen Appliances,Meera Mehta,3,18000.0,10,48600.0,4842.08,UPI,Completed,Delivered
ORD01759,2025-01-17,Diya Verma,Female,51,Mysuru,Karnataka,South,Watch,Accessories,Watches,Anaya Joshi,4,4400.0,5,16720.0,-723.11,UPI,Returned,Returned
ORD01760,2025-03-07,Ishita Shah,Female,46,Surat,Gujarat,West,Sunglasses,Accessories,Eyewear,Vivaan Desai,1,4600.0,5,4370.0,401.1,UPI,Completed,In Transit
ORD01761,2025-05-30,Anaya Shah,Female,50,Patna,Bihar,East,Microwave,Appliances,Kitchen Appliances,Meera Mehta,3,11700.0,20,28080.0,-2583.62,UPI,Returned,Returned
ORD01762,2025-05-04,Arjun Patel,Female,49,Surat,Gujarat,West,Running Shoes,Fashion,Footwear,Anaya Joshi,1,4700.0,10,4230.0,646.39,UPI,Completed,Delivered
ORD01763,2025-08-09,Arjun Verma,Female,60,Indore,Madhya Pradesh,Central,Bed,Furniture,Bedroom,Kabir Joshi,4,49400.0,20,158080.0,-5944.46,Net Banking,Returned,Returned
ORD01764,2025-11-16,Rohan Shah,Female,33,Hyderabad,Telangana,South,Backpack,Fashion,Bags,Diya Patel,1,4100.0,15,3485.0,395.55,Debit Card,Completed,Delivered
ORD01765,2025-12-02,Riya Kapoor,Female,19,Chennai,Tamil Nadu,South,Bed,Furniture,Bedroom,Kabir Joshi,1,13400.0,10,0.0,0.0,Net Banking,Cancelled,Cancelled
ORD01766,2025-02-05,Meera Kapoor,Female,31,Chandigarh,Chandigarh,North,Office Chair,Furniture,Office,Vivaan Desai,1,14700.0,15,12495.0,1706.72,Credit Card,Completed,Delayed
ORD01767,2025-04-30,Vivaan Mehta,Male,36,Mumbai,Maharashtra,West,Smartphone,Electronics,Mobiles,Ishita Shah,5,47200.0,0,236000.0,31078.85,Credit Card,Completed,Delivered
ORD01768,2025-01-07,Aarav Patel,Female,29,Jaipur,Rajasthan,North,Jacket,Fashion,Clothing,Diya Patel,2,6900.0,0,13800.0,1995.71,UPI,Completed,Delivered
ORD01769,2025-11-04,Riya Singh,Female,27,Delhi,Delhi,North,Smartwatch,Accessories,Wearables,Rohan Mehta,3,13700.0,10,36990.0,2488.83,Debit Card,Completed,Delivered
ORD01770,2025-12-15,Rohan Joshi,Male,48,Hyderabad,Telangana,South,Sofa,Furniture,Living Room,Kabir Joshi,5,34900.0,5,165775.0,9497.99,Cash,Completed,Delivered
ORD01771,2025-01-10,Meera Mehta,Male,50,Udaipur,Rajasthan,North,Smartwatch,Accessories,Wearables,Vivaan Desai,5,4700.0,15,19975.0,1579.71,Debit Card,Completed,Delivered
ORD01772,2025-03-30,Arjun Mehta,Male,32,Delhi,Delhi,North,Smartphone,Electronics,Mobiles,Ishita Shah,3,38000.0,15,0.0,0.0,UPI,Cancelled,Cancelled
ORD01773,2025-09-03,Vivaan Mehta,Female,55,Kolkata,West Bengal,East,Backpack,Fashion,Bags,Vivaan Desai,1,3100.0,20,2480.0,250.68,Credit Card,Completed,Delivered
ORD01774,2025-01-31,Riya Kapoor,Male,45,Kochi,Kerala,South,Watch,Accessories,Watches,Riya Desai,3,10000.0,10,27000.0,3363.8,Debit Card,Completed,Delivered
ORD01775,2025-11-27,Vivaan Desai,Male,52,Mumbai,Maharashtra,West,Running Shoes,Fashion,Footwear,Diya Patel,5,1900.0,10,8550.0,1482.48,UPI,Completed,Delayed
ORD01776,2025-10-12,Riya Singh,Female,26,Hyderabad,Telangana,South,Sofa,Furniture,Living Room,Meera Mehta,2,45600.0,20,0.0,0.0,UPI,Cancelled,Cancelled
ORD01777,2025-06-11,Kabir Joshi,Male,52,Nagpur,Maharashtra,West,Air Conditioner,Appliances,Cooling,Ishita Shah,3,56100.0,10,0.0,0.0,UPI,Cancelled,Cancelled
ORD01778,2025-12-21,Meera Shah,Female,22,Lucknow,Uttar Pradesh,North,Watch,Accessories,Watches,Arjun Patel,1,11700.0,25,8775.0,1052.58,Net Banking,Completed,Delivered
ORD01779,2025-01-26,Anaya Shah,Male,34,Ahmedabad,Gujarat,West,Television,Electronics,Home Entertainment,Riya Desai,2,30100.0,10,54180.0,3914.77,UPI,Completed,Delivered
ORD01780,2025-10-05,Anaya Desai,Male,21,Jaipur,Rajasthan,North,Smartphone,Electronics,Mobiles,Anaya Joshi,1,37300.0,10,33570.0,4561.23,UPI,Completed,Delivered
ORD01781,2025-02-24,Kabir Mehta,Female,56,Patna,Bihar,East,Washing Machine,Appliances,Laundry Appliances,Aarav Shah,4,64200.0,15,218280.0,12462.79,Cash,Completed,Delivered
ORD01782,2025-07-16,Ishita Singh,Female,46,Pune,Maharashtra,West,Jeans,Fashion,Clothing,Meera Mehta,5,2900.0,25,10875.0,591.84,Debit Card,Completed,Delivered
ORD01783,2025-10-22,Rohan Patel,Male,20,Delhi,Delhi,North,Sunglasses,Accessories,Eyewear,Ishita Shah,5,3900.0,0,19500.0,-2335.36,Net Banking,Returned,Returned
ORD01784,2025-12-06,Ishita Joshi,Female,26,Surat,Gujarat,West,Office Chair,Furniture,Office,Arjun Patel,2,11000.0,20,17600.0,1498.2,UPI,Completed,Delayed
ORD01785,2025-03-18,Riya Shah,Female,58,Pune,Maharashtra,West,Running Shoes,Fashion,Footwear,Aarav Shah,3,5000.0,25,11250.0,-526.1,Debit Card,Returned,Returned
ORD01786,2025-03-31,Meera Joshi,Female,27,Jaipur,Rajasthan,North,Watch,Accessories,Watches,Meera Mehta,4,6000.0,10,21600.0,1863.48,Credit Card,Completed,Delivered
ORD01787,2025-05-24,Anaya Patel,Male,25,Surat,Gujarat,West,Refrigerator,Appliances,Kitchen Appliances,Aarav Shah,1,50700.0,10,45630.0,3141.08,Credit Card,Completed,Delivered
ORD01788,2025-04-19,Vivaan Shah,Male,60,Delhi,Delhi,North,T-Shirt,Fashion,Clothing,Rohan Mehta,5,1700.0,5,8075.0,464.21,UPI,Completed,Delivered
ORD01789,2025-10-08,Diya Mehta,Female,48,Lucknow,Uttar Pradesh,North,Refrigerator,Appliances,Kitchen Appliances,Vivaan Desai,4,31000.0,10,111600.0,16039.29,Credit Card,Completed,In Transit
ORD01790,2025-10-19,Aarav Verma,Male,35,Indore,Madhya Pradesh,Central,Washing Machine,Appliances,Laundry Appliances,Aarav Shah,3,51300.0,15,0.0,0.0,Cash,Cancelled,Cancelled
ORD01791,2025-03-25,Anaya Patel,Female,52,Nagpur,Maharashtra,West,Backpack,Fashion,Bags,Riya Desai,4,800.0,10,2880.0,-311.12,UPI,Returned,Returned
ORD01792,2025-11-25,Vivaan Mehta,Female,49,Mumbai,Maharashtra,West,Laptop,Electronics,Computers,Aarav Shah,3,77700.0,10,209790.0,-24546.01,UPI,Returned,Returned
ORD01793,2025-11-25,Ishita Patel,Female,29,Jaipur,Rajasthan,North,Sunglasses,Accessories,Eyewear,Vivaan Desai,5,2800.0,15,11900.0,1112.46,UPI,Completed,Delivered
ORD01794,2025-02-21,Anaya Shah,Male,52,Nagpur,Maharashtra,West,Watch,Accessories,Watches,Diya Patel,5,14200.0,15,60350.0,7196.27,Net Banking,Completed,Delivered
ORD01795,2025-11-25,Anaya Verma,Female,31,Patna,Bihar,East,Air Conditioner,Appliances,Cooling,Anaya Joshi,1,51500.0,20,41200.0,3549.56,UPI,Completed,Delivered
ORD01796,2025-08-01,Diya Singh,Female,51,Lucknow,Uttar Pradesh,North,Backpack,Fashion,Bags,Rohan Mehta,3,4000.0,10,0.0,0.0,UPI,Cancelled,Cancelled
ORD01797,2025-02-27,Aarav Joshi,Female,38,Mumbai,Maharashtra,West,Refrigerator,Appliances,Kitchen Appliances,Anaya Joshi,3,71800.0,5,204630.0,16332.29,UPI,Completed,Delivered
ORD01798,2025-04-01,Ishita Patel,Male,33,Chandigarh,Chandigarh,North,Jeans,Fashion,Clothing,Arjun Patel,4,1300.0,0,5200.0,880.6,UPI,Completed,Delivered
ORD01799,2025-10-28,Vivaan Singh,Female,59,Indore,Madhya Pradesh,Central,Sofa,Furniture,Living Room,Arjun Patel,2,63700.0,10,114660.0,7404.09,Debit Card,Completed,Delivered
ORD01800,2025-04-18,Ishita Joshi,Male,21,Jaipur,Rajasthan,North,Backpack,Fashion,Bags,Arjun Patel,5,2400.0,20,0.0,0.0,Net Banking,Cancelled,Cancelled
ORD01801,2025-12-21,Kabir Desai,Female,42,Surat,Gujarat,West,Television,Electronics,Home Entertainment,Ishita Shah,1,27500.0,0,0.0,0.0,Cash,Cancelled,Cancelled
ORD01802,2025-04-29,Rohan Desai,Male,20,Indore,Madhya Pradesh,Central,Office Chair,Furniture,Office,Ishita Shah,4,6200.0,0,0.0,0.0,Debit Card,Cancelled,Cancelled
ORD01803,2025-02-25,Aarav Mehta,Female,29,Surat,Gujarat,West,Watch,Accessories,Watches,Diya Patel,5,8100.0,15,34425.0,6144.09,Debit Card,Completed,In Transit
ORD01804,2025-02-24,Riya Singh,Female,29,Ahmedabad,Gujarat,West,Bed,Furniture,Bedroom,Meera Mehta,4,16200.0,25,48600.0,8283.08,Net Banking,Completed,Delivered
ORD01805,2025-07-16,Riya Kapoor,Male,54,Vadodara,Gujarat,West,Television,Electronics,Home Entertainment,Kabir Joshi,5,84100.0,5,399475.0,27315.62,Cash,Completed,Delivered
ORD01806,2025-10-25,Diya Desai,Female,35,Udaipur,Rajasthan,North,T-Shirt,Fashion,Clothing,Aarav Shah,1,2300.0,0,2300.0,-219.62,Credit Card,Returned,Returned
ORD01807,2025-01-10,Arjun Kapoor,Male,41,Mumbai,Maharashtra,West,Running Shoes,Fashion,Footwear,Anaya Joshi,5,2300.0,15,9775.0,1241.0,UPI,Completed,In Transit
ORD01808,2025-06-04,Vivaan Joshi,Female,41,Pune,Maharashtra,West,Refrigerator,Appliances,Kitchen Appliances,Kabir Joshi,3,51200.0,20,0.0,0.0,Cash,Cancelled,Cancelled
ORD01809,2025-09-19,Kabir Desai,Female,55,Kolkata,West Bengal,East,Backpack,Fashion,Bags,Aarav Shah,4,1900.0,15,6460.0,-647.25,UPI,Returned,Returned
ORD01810,2025-05-12,Vivaan Patel,Male,24,Hyderabad,Telangana,South,Washing Machine,Appliances,Laundry Appliances,Rohan Mehta,5,57300.0,5,0.0,0.0,Debit Card,Cancelled,Cancelled
ORD01811,2025-08-24,Meera Mehta,Female,59,Lucknow,Uttar Pradesh,North,Smartphone,Electronics,Mobiles,Meera Mehta,1,22800.0,15,19380.0,2426.4,Credit Card,Completed,Delayed
ORD01812,2025-03-01,Arjun Patel,Female,60,Delhi,Delhi,North,Air Conditioner,Appliances,Cooling,Ishita Shah,1,31200.0,10,28080.0,-2252.27,Net Banking,Returned,Returned
ORD01813,2025-02-17,Ishita Joshi,Male,34,Chennai,Tamil Nadu,South,Jacket,Fashion,Clothing,Meera Mehta,1,4700.0,5,4465.0,230.27,Debit Card,Completed,Delivered
ORD01814,2025-11-29,Aarav Shah,Male,23,Pune,Maharashtra,West,Jacket,Fashion,Clothing,Riya Desai,5,2300.0,5,10925.0,1442.32,Cash,Completed,Delivered
ORD01815,2025-04-19,Vivaan Desai,Female,41,Mysuru,Karnataka,South,Sofa,Furniture,Living Room,Vivaan Desai,1,33100.0,0,33100.0,5398.71,UPI,Completed,Delivered
ORD01816,2025-11-15,Diya Joshi,Female,25,Mysuru,Karnataka,South,Headphones,Electronics,Accessories,Diya Patel,1,1100.0,15,935.0,72.19,Credit Card,Completed,Delivered
ORD01817,2025-12-12,Kabir Verma,Male,32,Bengaluru,Karnataka,South,Refrigerator,Appliances,Kitchen Appliances,Kabir Joshi,3,51700.0,10,139590.0,16692.33,Credit Card,Completed,Delayed
ORD01818,2025-05-06,Diya Singh,Male,45,Mumbai,Maharashtra,West,Smartwatch,Accessories,Wearables,Riya Desai,3,12100.0,5,34485.0,-1761.83,UPI,Returned,Returned
ORD01819,2025-07-01,Rohan Mehta,Female,24,Surat,Gujarat,West,Smartwatch,Accessories,Wearables,Diya Patel,4,13900.0,20,44480.0,-2400.16,Debit Card,Returned,Returned
ORD01820,2025-10-27,Rohan Desai,Male,44,Mysuru,Karnataka,South,Washing Machine,Appliances,Laundry Appliances,Kabir Joshi,2,54800.0,0,109600.0,13670.18,Debit Card,Completed,Delivered
ORD01821,2025-07-20,Aarav Verma,Female,18,Indore,Madhya Pradesh,Central,Air Conditioner,Appliances,Cooling,Riya Desai,4,64100.0,5,243580.0,33429.46,Credit Card,Completed,Delivered
ORD01822,2025-07-13,Kabir Patel,Female,34,Lucknow,Uttar Pradesh,North,T-Shirt,Fashion,Clothing,Kabir Joshi,1,1700.0,10,1530.0,-113.6,UPI,Returned,Returned
ORD01823,2025-03-02,Meera Verma,Female,58,Surat,Gujarat,West,Refrigerator,Appliances,Kitchen Appliances,Anaya Joshi,4,43800.0,20,140160.0,-4826.42,Cash,Returned,Returned
ORD01824,2025-02-10,Meera Desai,Male,39,Chandigarh,Chandigarh,North,Smartphone,Electronics,Mobiles,Vivaan Desai,3,38900.0,0,116700.0,18912.62,Cash,Completed,Delivered
ORD01825,2025-03-26,Aarav Kapoor,Female,30,Delhi,Delhi,North,Jeans,Fashion,Clothing,Rohan Mehta,1,4100.0,15,3485.0,475.07,UPI,Completed,Delivered
ORD01826,2025-01-03,Kabir Singh,Female,53,Ahmedabad,Gujarat,West,Microwave,Appliances,Kitchen Appliances,Arjun Patel,2,17500.0,15,29750.0,5097.59,Credit Card,Completed,Delivered
ORD01827,2025-12-12,Vivaan Shah,Female,41,Lucknow,Uttar Pradesh,North,Microwave,Appliances,Kitchen Appliances,Arjun Patel,4,22300.0,15,75820.0,10594.45,Debit Card,Completed,Delivered
ORD01828,2025-06-16,Vivaan Kapoor,Male,57,Hyderabad,Telangana,South,Smartphone,Electronics,Mobiles,Kabir Joshi,2,36700.0,10,66060.0,5923.24,Credit Card,Completed,Delivered
ORD01829,2025-08-20,Vivaan Shah,Male,33,Bhopal,Madhya Pradesh,Central,Running Shoes,Fashion,Footwear,Riya Desai,3,2700.0,10,7290.0,1202.27,UPI,Completed,Delivered
ORD01830,2025-05-02,Diya Desai,Male,22,Vadodara,Gujarat,West,Smartphone,Electronics,Mobiles,Kabir Joshi,1,39100.0,25,29325.0,-3342.6,Debit Card,Returned,Returned
ORD01831,2025-10-04,Rohan Desai,Male,45,Hyderabad,Telangana,South,Office Chair,Furniture,Office,Aarav Shah,3,17600.0,10,47520.0,6717.39,Credit Card,Completed,Delivered
ORD01832,2025-10-04,Rohan Desai,Female,43,Mysuru,Karnataka,South,Office Chair,Furniture,Office,Kabir Joshi,5,7900.0,15,0.0,0.0,Credit Card,Cancelled,Cancelled
ORD01833,2025-05-21,Kabir Joshi,Female,31,Indore,Madhya Pradesh,Central,Sunglasses,Accessories,Eyewear,Meera Mehta,1,2700.0,10,0.0,0.0,UPI,Cancelled,Cancelled
ORD01834,2025-06-13,Riya Kapoor,Male,31,Vadodara,Gujarat,West,Watch,Accessories,Watches,Arjun Patel,1,12300.0,0,12300.0,783.38,Net Banking,Completed,In Transit
ORD01835,2025-02-10,Kabir Kapoor,Female,21,Surat,Gujarat,West,Dining Table,Furniture,Dining,Rohan Mehta,3,42400.0,15,108120.0,-4869.86,UPI,Returned,Returned
ORD01836,2025-07-24,Kabir Singh,Male,40,Indore,Madhya Pradesh,Central,Refrigerator,Appliances,Kitchen Appliances,Meera Mehta,4,56900.0,15,0.0,0.0,UPI,Cancelled,Cancelled
ORD01837,2025-09-27,Meera Mehta,Male,21,Indore,Madhya Pradesh,Central,Washing Machine,Appliances,Laundry Appliances,Vivaan Desai,5,49000.0,15,208250.0,18067.64,Net Banking,Completed,Delivered
ORD01838,2025-06-09,Aarav Verma,Male,22,Kolkata,West Bengal,East,Jacket,Fashion,Clothing,Riya Desai,4,5300.0,20,16960.0,2350.45,UPI,Completed,Delayed
ORD01839,2025-07-04,Ishita Patel,Female,42,Vadodara,Gujarat,West,Smartphone,Electronics,Mobiles,Kabir Joshi,2,39400.0,10,70920.0,6653.39,UPI,Completed,Delivered
ORD01840,2025-12-22,Meera Kapoor,Female,56,Hyderabad,Telangana,South,Office Chair,Furniture,Office,Ishita Shah,1,8000.0,20,6400.0,-313.77,Debit Card,Returned,Returned
ORD01841,2025-02-14,Diya Mehta,Male,39,Delhi,Delhi,North,Smartwatch,Accessories,Wearables,Rohan Mehta,3,11100.0,10,0.0,0.0,Debit Card,Cancelled,Cancelled
ORD01842,2025-03-08,Anaya Verma,Female,30,Bengaluru,Karnataka,South,Jeans,Fashion,Clothing,Kabir Joshi,5,4800.0,10,0.0,0.0,Cash,Cancelled,Cancelled
ORD01843,2025-05-09,Vivaan Desai,Male,51,Delhi,Delhi,North,Microwave,Appliances,Kitchen Appliances,Arjun Patel,2,8700.0,10,0.0,0.0,Net Banking,Cancelled,Cancelled
ORD01844,2025-05-09,Anaya Kapoor,Male,58,Kolkata,West Bengal,East,Refrigerator,Appliances,Kitchen Appliances,Anaya Joshi,3,34900.0,10,94230.0,-9072.23,UPI,Returned,Returned
ORD01845,2025-03-20,Kabir Singh,Female,48,Chennai,Tamil Nadu,South,Backpack,Fashion,Bags,Anaya Joshi,5,3000.0,5,14250.0,-1647.57,Net Banking,Returned,Returned
ORD01846,2025-12-11,Riya Verma,Female,30,Surat,Gujarat,West,Jacket,Fashion,Clothing,Vivaan Desai,3,7500.0,10,20250.0,3131.61,Credit Card,Completed,Delivered
ORD01847,2025-10-23,Diya Mehta,Male,32,Pune,Maharashtra,West,Jeans,Fashion,Clothing,Anaya Joshi,3,4600.0,0,13800.0,-881.87,UPI,Returned,Returned
ORD01848,2025-12-16,Arjun Desai,Male,46,Vadodara,Gujarat,West,Backpack,Fashion,Bags,Vivaan Desai,3,3300.0,15,0.0,0.0,UPI,Cancelled,Cancelled
ORD01849,2025-11-03,Kabir Verma,Female,49,Udaipur,Rajasthan,North,Office Chair,Furniture,Office,Diya Patel,2,14200.0,10,0.0,0.0,Credit Card,Cancelled,Cancelled
ORD01850,2025-02-05,Ishita Desai,Female,38,Pune,Maharashtra,West,Dining Table,Furniture,Dining,Meera Mehta,1,19800.0,25,14850.0,911.13,Debit Card,Completed,Delivered
ORD01851,2025-01-30,Meera Mehta,Female,38,Indore,Madhya Pradesh,Central,Bed,Furniture,Bedroom,Vivaan Desai,2,49400.0,15,83980.0,12160.54,Net Banking,Completed,Delivered
ORD01852,2025-05-23,Ishita Desai,Male,59,Bhopal,Madhya Pradesh,Central,Backpack,Fashion,Bags,Rohan Mehta,2,3900.0,5,7410.0,1036.6,UPI,Completed,Delivered
ORD01853,2025-12-03,Vivaan Desai,Female,54,Patna,Bihar,East,Sofa,Furniture,Living Room,Meera Mehta,1,63600.0,0,63600.0,10955.04,UPI,Completed,Delivered
ORD01854,2025-11-11,Riya Desai,Female,45,Mysuru,Karnataka,South,Dining Table,Furniture,Dining,Vivaan Desai,2,48600.0,0,97200.0,9844.62,Net Banking,Completed,Delivered
ORD01855,2025-07-10,Kabir Verma,Female,58,Surat,Gujarat,West,Refrigerator,Appliances,Kitchen Appliances,Rohan Mehta,3,46600.0,15,118830.0,9404.71,UPI,Completed,Delivered
ORD01856,2025-08-28,Ishita Patel,Male,51,Jaipur,Rajasthan,North,Air Conditioner,Appliances,Cooling,Anaya Joshi,1,43200.0,10,0.0,0.0,UPI,Cancelled,Cancelled
ORD01857,2025-10-06,Ishita Mehta,Male,34,Delhi,Delhi,North,T-Shirt,Fashion,Clothing,Vivaan Desai,1,2000.0,5,1900.0,160.0,Net Banking,Completed,Delivered
ORD01858,2025-06-06,Anaya Singh,Female,57,Chennai,Tamil Nadu,South,Watch,Accessories,Watches,Aarav Shah,2,2200.0,25,0.0,0.0,UPI,Cancelled,Cancelled
ORD01859,2025-01-12,Rohan Joshi,Male,59,Surat,Gujarat,West,Smartphone,Electronics,Mobiles,Ishita Shah,4,36100.0,20,115520.0,15514.66,Credit Card,Completed,Delivered
ORD01860,2025-03-16,Arjun Patel,Male,43,Indore,Madhya Pradesh,Central,Television,Electronics,Home Entertainment,Kabir Joshi,2,43400.0,20,69440.0,7273.54,Credit Card,Completed,Delivered
ORD01861,2025-11-10,Arjun Shah,Male,30,Mumbai,Maharashtra,West,Washing Machine,Appliances,Laundry Appliances,Rohan Mehta,4,53000.0,10,190800.0,19403.31,Credit Card,Completed,Delivered
ORD01862,2025-03-10,Anaya Joshi,Male,42,Lucknow,Uttar Pradesh,North,Watch,Accessories,Watches,Kabir Joshi,4,2300.0,10,8280.0,622.82,Debit Card,Completed,In Transit
ORD01863,2025-10-07,Ishita Desai,Male,26,Lucknow,Uttar Pradesh,North,Dining Table,Furniture,Dining,Riya Desai,2,46800.0,10,0.0,0.0,UPI,Cancelled,Cancelled
ORD01864,2025-04-11,Ishita Desai,Male,31,Kochi,Kerala,South,Television,Electronics,Home Entertainment,Anaya Joshi,2,84500.0,5,0.0,0.0,Credit Card,Cancelled,Cancelled
ORD01865,2025-01-01,Meera Patel,Male,21,Surat,Gujarat,West,Smartphone,Electronics,Mobiles,Riya Desai,4,46300.0,5,175940.0,-19277.8,Credit Card,Returned,Returned
ORD01866,2025-07-07,Aarav Mehta,Female,32,Mysuru,Karnataka,South,Dining Table,Furniture,Dining,Anaya Joshi,2,48100.0,20,76960.0,5696.64,UPI,Completed,In Transit
ORD01867,2025-08-26,Meera Verma,Female,47,Ahmedabad,Gujarat,West,Television,Electronics,Home Entertainment,Kabir Joshi,5,55300.0,15,0.0,0.0,UPI,Cancelled,Cancelled
ORD01868,2025-09-29,Anaya Joshi,Female,38,Ahmedabad,Gujarat,West,Air Conditioner,Appliances,Cooling,Arjun Patel,1,78100.0,15,66385.0,4852.92,Net Banking,Completed,Delayed
ORD01869,2025-09-17,Riya Desai,Male,53,Mumbai,Maharashtra,West,Headphones,Electronics,Accessories,Anaya Joshi,2,3400.0,20,5440.0,530.11,Debit Card,Completed,Delivered
ORD01870,2025-05-05,Kabir Desai,Male,25,Hyderabad,Telangana,South,Microwave,Appliances,Kitchen Appliances,Arjun Patel,4,15400.0,20,49280.0,5036.23,UPI,Completed,Delivered
ORD01871,2025-01-25,Meera Desai,Male,54,Pune,Maharashtra,West,Sofa,Furniture,Living Room,Kabir Joshi,4,45000.0,10,0.0,0.0,Debit Card,Cancelled,Cancelled
ORD01872,2025-05-19,Ishita Shah,Female,21,Hyderabad,Telangana,South,Television,Electronics,Home Entertainment,Arjun Patel,1,53300.0,25,39975.0,7140.18,Debit Card,Completed,Delivered
ORD01873,2025-01-20,Ishita Shah,Male,53,Patna,Bihar,East,Sofa,Furniture,Living Room,Diya Patel,2,16500.0,5,31350.0,-3485.86,Credit Card,Returned,Returned
ORD01874,2025-01-01,Diya Singh,Male,34,Vadodara,Gujarat,West,Air Conditioner,Appliances,Cooling,Vivaan Desai,4,53800.0,25,161400.0,23828.84,UPI,Completed,Delivered
ORD01875,2025-06-08,Anaya Joshi,Female,43,Mysuru,Karnataka,South,Dining Table,Furniture,Dining,Ishita Shah,1,34600.0,10,31140.0,5516.77,Credit Card,Completed,Delayed
ORD01876,2025-09-09,Vivaan Shah,Female,50,Ahmedabad,Gujarat,West,Headphones,Electronics,Accessories,Ishita Shah,5,4100.0,0,0.0,0.0,Credit Card,Cancelled,Cancelled
ORD01877,2025-05-30,Rohan Patel,Male,18,Pune,Maharashtra,West,Television,Electronics,Home Entertainment,Anaya Joshi,3,70700.0,5,201495.0,25547.39,UPI,Completed,Delivered
ORD01878,2025-08-07,Aarav Mehta,Male,46,Ahmedabad,Gujarat,West,Jacket,Fashion,Clothing,Diya Patel,3,2800.0,0,8400.0,1432.26,UPI,Completed,Delivered
ORD01879,2025-06-14,Riya Desai,Female,28,Surat,Gujarat,West,Television,Electronics,Home Entertainment,Diya Patel,3,34600.0,5,98610.0,14139.61,Credit Card,Completed,Delivered
ORD01880,2025-03-28,Riya Desai,Female,48,Hyderabad,Telangana,South,Jacket,Fashion,Clothing,Rohan Mehta,4,1900.0,15,0.0,0.0,Credit Card,Cancelled,Cancelled
ORD01881,2025-04-24,Rohan Singh,Female,37,Ahmedabad,Gujarat,West,Backpack,Fashion,Bags,Rohan Mehta,4,1700.0,10,6120.0,346.95,Credit Card,Completed,Delivered
ORD01882,2025-05-20,Anaya Singh,Female,21,Nagpur,Maharashtra,West,Bed,Furniture,Bedroom,Vivaan Desai,4,45800.0,15,0.0,0.0,UPI,Cancelled,Cancelled
ORD01883,2025-10-07,Vivaan Mehta,Female,58,Mumbai,Maharashtra,West,Microwave,Appliances,Kitchen Appliances,Arjun Patel,1,23200.0,10,20880.0,3010.64,Credit Card,Completed,Delivered
ORD01884,2025-07-23,Anaya Kapoor,Male,20,Kolkata,West Bengal,East,Watch,Accessories,Watches,Vivaan Desai,5,3100.0,10,13950.0,1167.55,Debit Card,Completed,Delivered
ORD01885,2025-04-03,Meera Joshi,Male,60,Bhopal,Madhya Pradesh,Central,Jeans,Fashion,Clothing,Rohan Mehta,4,4000.0,15,13600.0,1789.03,Net Banking,Completed,Delivered
ORD01886,2025-08-03,Diya Joshi,Male,58,Vadodara,Gujarat,West,Jacket,Fashion,Clothing,Kabir Joshi,2,7900.0,20,12640.0,1885.07,Credit Card,Completed,Delivered
ORD01887,2025-08-29,Anaya Shah,Male,54,Delhi,Delhi,North,Air Conditioner,Appliances,Cooling,Rohan Mehta,3,64800.0,15,165240.0,12108.02,UPI,Completed,Delivered
ORD01888,2025-03-05,Arjun Desai,Male,40,Bhopal,Madhya Pradesh,Central,Office Chair,Furniture,Office,Aarav Shah,1,14200.0,20,11360.0,1378.71,Cash,Completed,In Transit
ORD01889,2025-06-20,Rohan Desai,Male,32,Chandigarh,Chandigarh,North,Dining Table,Furniture,Dining,Ishita Shah,2,50800.0,10,91440.0,7108.37,UPI,Completed,Delivered
ORD01890,2025-06-06,Ishita Desai,Female,53,Udaipur,Rajasthan,North,Refrigerator,Appliances,Kitchen Appliances,Aarav Shah,3,48200.0,10,0.0,0.0,Net Banking,Cancelled,Cancelled
ORD01891,2025-04-16,Ishita Verma,Female,39,Kochi,Kerala,South,Washing Machine,Appliances,Laundry Appliances,Riya Desai,1,35800.0,0,35800.0,4627.55,UPI,Completed,Delayed
ORD01892,2025-10-11,Rohan Kapoor,Female,37,Pune,Maharashtra,West,Backpack,Fashion,Bags,Aarav Shah,2,3200.0,25,4800.0,633.39,Net Banking,Completed,In Transit
ORD01893,2025-11-19,Vivaan Mehta,Female,29,Ahmedabad,Gujarat,West,Running Shoes,Fashion,Footwear,Rohan Mehta,2,2200.0,5,4180.0,690.99,UPI,Completed,Delivered
ORD01894,2025-06-12,Meera Singh,Male,59,Delhi,Delhi,North,Air Conditioner,Appliances,Cooling,Rohan Mehta,4,42900.0,10,154440.0,26094.64,Credit Card,Completed,Delivered
ORD01895,2025-07-04,Riya Desai,Female,19,Patna,Bihar,East,Headphones,Electronics,Accessories,Vivaan Desai,4,5800.0,15,19720.0,2185.73,Credit Card,Completed,Delivered
ORD01896,2025-04-21,Anaya Verma,Male,38,Chandigarh,Chandigarh,North,Television,Electronics,Home Entertainment,Riya Desai,4,61800.0,15,210120.0,19581.73,UPI,Completed,Delivered
ORD01897,2025-07-25,Arjun Mehta,Female,26,Indore,Madhya Pradesh,Central,Dining Table,Furniture,Dining,Rohan Mehta,1,53300.0,5,50635.0,5290.05,Credit Card,Completed,Delivered
ORD01898,2025-03-11,Aarav Kapoor,Female,32,Udaipur,Rajasthan,North,Laptop,Electronics,Computers,Aarav Shah,1,78600.0,10,0.0,0.0,Credit Card,Cancelled,Cancelled
ORD01899,2025-10-11,Diya Shah,Female,58,Surat,Gujarat,West,Sunglasses,Accessories,Eyewear,Arjun Patel,2,1500.0,15,2550.0,181.4,Credit Card,Completed,Delivered
ORD01900,2025-06-04,Vivaan Patel,Male,40,Bengaluru,Karnataka,South,Smartwatch,Accessories,Wearables,Arjun Patel,1,4900.0,20,3920.0,388.85,Cash,Completed,Delivered
ORD01901,2025-03-19,Rohan Desai,Male,59,Indore,Madhya Pradesh,Central,Sunglasses,Accessories,Eyewear,Kabir Joshi,1,2600.0,10,2340.0,118.06,Net Banking,Completed,In Transit
ORD01902,2025-12-17,Aarav Mehta,Male,38,Mumbai,Maharashtra,West,Sunglasses,Accessories,Eyewear,Arjun Patel,2,1400.0,10,0.0,0.0,Net Banking,Cancelled,Cancelled
ORD01903,2025-11-20,Riya Joshi,Female,39,Indore,Madhya Pradesh,Central,Laptop,Electronics,Computers,Arjun Patel,1,55500.0,10,49950.0,6338.47,UPI,Completed,Delivered
ORD01904,2025-06-21,Meera Verma,Female,49,Mysuru,Karnataka,South,Headphones,Electronics,Accessories,Diya Patel,1,4500.0,15,0.0,0.0,Net Banking,Cancelled,Cancelled
ORD01905,2025-07-17,Meera Kapoor,Male,18,Kochi,Kerala,South,Backpack,Fashion,Bags,Vivaan Desai,2,2000.0,25,3000.0,-247.99,UPI,Returned,Returned
ORD01906,2025-03-14,Ishita Kapoor,Female,36,Kolkata,West Bengal,East,Sofa,Furniture,Living Room,Ishita Shah,4,25300.0,10,91080.0,9264.8,UPI,Completed,In Transit
ORD01907,2025-05-19,Diya Mehta,Male,36,Indore,Madhya Pradesh,Central,Headphones,Electronics,Accessories,Kabir Joshi,2,3900.0,5,7410.0,1256.15,UPI,Completed,Delivered
ORD01908,2025-03-26,Arjun Desai,Male,50,Surat,Gujarat,West,Washing Machine,Appliances,Laundry Appliances,Anaya Joshi,5,54400.0,10,0.0,0.0,Net Banking,Cancelled,Cancelled
ORD01909,2025-04-27,Kabir Joshi,Female,46,Vadodara,Gujarat,West,Sunglasses,Accessories,Eyewear,Riya Desai,5,3800.0,15,16150.0,-1391.87,Net Banking,Returned,Returned
ORD01910,2025-08-13,Aarav Patel,Male,44,Chennai,Tamil Nadu,South,Dining Table,Furniture,Dining,Riya Desai,5,51300.0,10,230850.0,20774.86,Debit Card,Completed,Delivered
ORD01911,2025-08-21,Riya Desai,Female,56,Bengaluru,Karnataka,South,Laptop,Electronics,Computers,Riya Desai,1,51800.0,20,41440.0,-2512.71,Cash,Returned,Returned
ORD01912,2025-09-29,Rohan Singh,Female,34,Udaipur,Rajasthan,North,Bed,Furniture,Bedroom,Kabir Joshi,5,20900.0,5,99275.0,7934.44,UPI,Completed,Delivered
ORD01913,2025-05-08,Arjun Desai,Female,54,Vadodara,Gujarat,West,Refrigerator,Appliances,Kitchen Appliances,Anaya Joshi,4,28700.0,15,97580.0,5594.64,Debit Card,Completed,Delivered
ORD01914,2025-10-15,Anaya Shah,Female,46,Patna,Bihar,East,Sunglasses,Accessories,Eyewear,Kabir Joshi,4,6600.0,0,26400.0,3742.11,Credit Card,Completed,Delivered
ORD01915,2025-01-21,Vivaan Singh,Male,53,Hyderabad,Telangana,South,Washing Machine,Appliances,Laundry Appliances,Aarav Shah,4,42700.0,0,170800.0,9533.68,Net Banking,Completed,Delivered
ORD01916,2025-02-21,Vivaan Kapoor,Female,48,Patna,Bihar,East,Laptop,Electronics,Computers,Aarav Shah,5,77700.0,5,369075.0,45018.84,Net Banking,Completed,Delivered
ORD01917,2025-11-21,Aarav Kapoor,Male,45,Ahmedabad,Gujarat,West,Refrigerator,Appliances,Kitchen Appliances,Ishita Shah,1,52700.0,0,52700.0,2977.29,UPI,Completed,Delivered
ORD01918,2025-10-28,Meera Patel,Female,30,Bhopal,Madhya Pradesh,Central,Sofa,Furniture,Living Room,Kabir Joshi,1,56300.0,20,45040.0,7755.79,UPI,Completed,Delivered
ORD01919,2025-06-10,Ishita Mehta,Female,52,Ahmedabad,Gujarat,West,Sofa,Furniture,Living Room,Anaya Joshi,4,52400.0,10,188640.0,-18049.33,Debit Card,Returned,Returned
ORD01920,2025-05-20,Rohan Mehta,Male,35,Bengaluru,Karnataka,South,Running Shoes,Fashion,Footwear,Aarav Shah,4,1600.0,5,6080.0,404.68,Cash,Completed,Delivered
ORD01921,2025-11-17,Arjun Mehta,Female,26,Kolkata,West Bengal,East,Sunglasses,Accessories,Eyewear,Vivaan Desai,3,3000.0,0,9000.0,-551.18,UPI,Returned,Returned
ORD01922,2025-11-27,Ishita Desai,Female,47,Ahmedabad,Gujarat,West,Air Conditioner,Appliances,Cooling,Aarav Shah,3,41800.0,15,0.0,0.0,UPI,Cancelled,Cancelled
ORD01923,2025-07-26,Ishita Mehta,Male,30,Ahmedabad,Gujarat,West,Television,Electronics,Home Entertainment,Riya Desai,5,65000.0,10,0.0,0.0,Debit Card,Cancelled,Cancelled
ORD01924,2025-04-08,Vivaan Kapoor,Male,45,Nagpur,Maharashtra,West,Smartwatch,Accessories,Wearables,Kabir Joshi,4,5000.0,20,16000.0,1610.06,Debit Card,Completed,Delivered
ORD01925,2025-12-07,Riya Singh,Male,59,Mysuru,Karnataka,South,Headphones,Electronics,Accessories,Meera Mehta,2,6400.0,0,0.0,0.0,UPI,Cancelled,Cancelled
ORD01926,2025-09-29,Arjun Shah,Female,48,Kochi,Kerala,South,Sunglasses,Accessories,Eyewear,Arjun Patel,2,2800.0,10,5040.0,880.76,Credit Card,Completed,Delivered
ORD01927,2025-06-13,Meera Desai,Female,36,Ahmedabad,Gujarat,West,Sofa,Furniture,Living Room,Aarav Shah,2,65600.0,10,118080.0,-12648.72,Net Banking,Returned,Returned
ORD01928,2025-06-19,Meera Kapoor,Female,24,Lucknow,Uttar Pradesh,North,Smartwatch,Accessories,Wearables,Aarav Shah,1,17400.0,15,0.0,0.0,Net Banking,Cancelled,Cancelled
ORD01929,2025-11-17,Aarav Desai,Female,27,Ahmedabad,Gujarat,West,Backpack,Fashion,Bags,Rohan Mehta,5,2600.0,5,12350.0,-585.49,UPI,Returned,Returned
ORD01930,2025-06-14,Vivaan Mehta,Male,37,Mysuru,Karnataka,South,Washing Machine,Appliances,Laundry Appliances,Anaya Joshi,3,20200.0,10,54540.0,5607.61,Net Banking,Completed,Delivered
ORD01931,2025-11-15,Rohan Shah,Female,30,Delhi,Delhi,North,Laptop,Electronics,Computers,Rohan Mehta,5,65200.0,20,260800.0,45269.97,Net Banking,Completed,Delivered
ORD01932,2025-10-21,Diya Verma,Male,39,Udaipur,Rajasthan,North,Microwave,Appliances,Kitchen Appliances,Rohan Mehta,5,17300.0,15,0.0,0.0,Credit Card,Cancelled,Cancelled
ORD01933,2025-02-02,Aarav Joshi,Female,18,Bengaluru,Karnataka,South,Dining Table,Furniture,Dining,Kabir Joshi,1,26400.0,10,23760.0,1811.92,Net Banking,Completed,Delayed
ORD01934,2025-02-04,Riya Kapoor,Male,40,Nagpur,Maharashtra,West,Air Conditioner,Appliances,Cooling,Anaya Joshi,1,64800.0,25,48600.0,7308.76,Debit Card,Completed,Delivered
ORD01935,2025-09-02,Meera Patel,Male,32,Mysuru,Karnataka,South,Microwave,Appliances,Kitchen Appliances,Rohan Mehta,1,17100.0,5,16245.0,1524.64,UPI,Completed,Delayed
ORD01936,2025-08-02,Anaya Joshi,Male,36,Lucknow,Uttar Pradesh,North,Running Shoes,Fashion,Footwear,Kabir Joshi,5,5700.0,20,22800.0,4027.3,UPI,Completed,In Transit
ORD01937,2025-07-14,Ishita Singh,Female,39,Kolkata,West Bengal,East,Air Conditioner,Appliances,Cooling,Arjun Patel,5,69800.0,0,349000.0,62498.24,UPI,Completed,Delivered
ORD01938,2025-04-17,Kabir Desai,Female,31,Kolkata,West Bengal,East,Bed,Furniture,Bedroom,Riya Desai,2,45500.0,20,0.0,0.0,Debit Card,Cancelled,Cancelled
ORD01939,2025-09-22,Rohan Shah,Male,45,Delhi,Delhi,North,Laptop,Electronics,Computers,Kabir Joshi,3,76300.0,15,0.0,0.0,UPI,Cancelled,Cancelled
ORD01940,2025-06-28,Arjun Patel,Male,40,Bengaluru,Karnataka,South,Backpack,Fashion,Bags,Aarav Shah,3,3100.0,10,8370.0,-821.45,Debit Card,Returned,Returned
ORD01941,2025-08-24,Riya Patel,Male,41,Kolkata,West Bengal,East,Backpack,Fashion,Bags,Anaya Joshi,4,1200.0,10,4320.0,-457.55,Debit Card,Returned,Returned
ORD01942,2025-08-09,Kabir Joshi,Female,36,Mysuru,Karnataka,South,T-Shirt,Fashion,Clothing,Arjun Patel,1,1100.0,15,0.0,0.0,Credit Card,Cancelled,Cancelled
ORD01943,2025-12-23,Ishita Verma,Female,55,Jaipur,Rajasthan,North,Washing Machine,Appliances,Laundry Appliances,Anaya Joshi,1,56300.0,15,47855.0,5659.18,Net Banking,Completed,Delivered
ORD01944,2025-07-24,Anaya Mehta,Female,28,Vadodara,Gujarat,West,Backpack,Fashion,Bags,Meera Mehta,5,4200.0,20,16800.0,-544.95,Debit Card,Returned,Returned
ORD01945,2025-10-27,Diya Joshi,Male,56,Pune,Maharashtra,West,Refrigerator,Appliances,Kitchen Appliances,Aarav Shah,4,39100.0,10,140760.0,22001.87,Debit Card,Completed,Delayed
ORD01946,2025-06-01,Rohan Singh,Female,18,Bengaluru,Karnataka,South,Headphones,Electronics,Accessories,Riya Desai,3,2600.0,25,5850.0,885.37,UPI,Completed,Delivered
ORD01947,2025-07-28,Anaya Desai,Male,42,Kochi,Kerala,South,Microwave,Appliances,Kitchen Appliances,Riya Desai,4,15300.0,10,55080.0,8336.85,Credit Card,Completed,Delivered
ORD01948,2025-11-19,Aarav Joshi,Male,43,Mumbai,Maharashtra,West,Smartphone,Electronics,Mobiles,Meera Mehta,4,49700.0,15,0.0,0.0,Debit Card,Cancelled,Cancelled
ORD01949,2025-01-05,Meera Desai,Male,29,Mumbai,Maharashtra,West,Sunglasses,Accessories,Eyewear,Kabir Joshi,5,900.0,0,4500.0,-157.9,UPI,Returned,Returned
ORD01950,2025-04-16,Arjun Desai,Male,20,Mysuru,Karnataka,South,Dining Table,Furniture,Dining,Arjun Patel,3,40000.0,10,108000.0,10401.01,UPI,Completed,Delivered
ORD01951,2025-11-14,Riya Desai,Male,27,Pune,Maharashtra,West,Sunglasses,Accessories,Eyewear,Diya Patel,1,5200.0,10,0.0,0.0,Credit Card,Cancelled,Cancelled
ORD01952,2025-07-31,Vivaan Verma,Male,20,Jaipur,Rajasthan,North,Smartwatch,Accessories,Wearables,Rohan Mehta,3,6100.0,25,13725.0,1242.74,Debit Card,Completed,Delivered
ORD01953,2025-06-16,Aarav Kapoor,Female,55,Mumbai,Maharashtra,West,Watch,Accessories,Watches,Meera Mehta,2,13400.0,5,25460.0,1290.55,Credit Card,Completed,Delivered
ORD01954,2025-12-10,Vivaan Singh,Male,56,Hyderabad,Telangana,South,Refrigerator,Appliances,Kitchen Appliances,Diya Patel,5,57400.0,10,258300.0,25828.33,Credit Card,Completed,Delivered
ORD01955,2025-09-11,Vivaan Verma,Male,43,Mysuru,Karnataka,South,Jeans,Fashion,Clothing,Kabir Joshi,2,3000.0,15,5100.0,768.26,UPI,Completed,Delivered
ORD01956,2025-03-09,Arjun Joshi,Male,33,Ahmedabad,Gujarat,West,Sofa,Furniture,Living Room,Arjun Patel,3,34900.0,10,94230.0,11903.55,Debit Card,Completed,Delivered
ORD01957,2025-01-22,Ishita Singh,Male,53,Delhi,Delhi,North,T-Shirt,Fashion,Clothing,Arjun Patel,1,1000.0,5,950.0,-72.31,Debit Card,Returned,Returned
ORD01958,2025-05-03,Arjun Mehta,Female,40,Kolkata,West Bengal,East,Watch,Accessories,Watches,Anaya Joshi,5,2700.0,5,12825.0,-924.2,Debit Card,Returned,Returned
ORD01959,2025-11-15,Riya Singh,Male,42,Jaipur,Rajasthan,North,Microwave,Appliances,Kitchen Appliances,Kabir Joshi,5,21300.0,25,79875.0,12067.42,UPI,Completed,Delivered
ORD01960,2025-09-12,Kabir Verma,Male,28,Vadodara,Gujarat,West,Smartwatch,Accessories,Wearables,Diya Patel,5,16500.0,5,78375.0,11571.05,Credit Card,Completed,Delayed
ORD01961,2025-01-14,Meera Verma,Male,44,Udaipur,Rajasthan,North,Dining Table,Furniture,Dining,Meera Mehta,5,35100.0,0,175500.0,23036.53,Credit Card,Completed,Delayed
ORD01962,2025-05-12,Riya Patel,Female,21,Lucknow,Uttar Pradesh,North,Television,Electronics,Home Entertainment,Ishita Shah,2,74500.0,15,0.0,0.0,Credit Card,Cancelled,Cancelled
ORD01963,2025-06-21,Aarav Joshi,Female,23,Indore,Madhya Pradesh,Central,Microwave,Appliances,Kitchen Appliances,Arjun Patel,4,24200.0,15,82280.0,6285.06,UPI,Completed,Delivered
ORD01964,2025-01-16,Anaya Patel,Male,26,Vadodara,Gujarat,West,Backpack,Fashion,Bags,Rohan Mehta,5,800.0,15,3400.0,-130.09,Debit Card,Returned,Returned
ORD01965,2025-06-04,Anaya Singh,Male,60,Bhopal,Madhya Pradesh,Central,Microwave,Appliances,Kitchen Appliances,Meera Mehta,5,16800.0,0,0.0,0.0,Debit Card,Cancelled,Cancelled
ORD01966,2025-11-08,Vivaan Desai,Female,42,Mysuru,Karnataka,South,Refrigerator,Appliances,Kitchen Appliances,Aarav Shah,5,53700.0,0,268500.0,45076.48,Net Banking,Completed,Delivered
ORD01967,2025-11-25,Ishita Desai,Male,58,Ahmedabad,Gujarat,West,Laptop,Electronics,Computers,Vivaan Desai,1,74600.0,15,63410.0,-3539.35,UPI,Returned,Returned
ORD01968,2025-04-16,Meera Kapoor,Male,54,Vadodara,Gujarat,West,Sofa,Furniture,Living Room,Anaya Joshi,3,42100.0,5,119985.0,18774.95,UPI,Completed,In Transit
ORD01969,2025-01-23,Arjun Verma,Male,28,Indore,Madhya Pradesh,Central,Watch,Accessories,Watches,Diya Patel,5,3800.0,0,0.0,0.0,UPI,Cancelled,Cancelled
ORD01970,2025-10-10,Ishita Mehta,Male,30,Mysuru,Karnataka,South,T-Shirt,Fashion,Clothing,Meera Mehta,1,600.0,15,510.0,76.13,Debit Card,Completed,Delivered
ORD01971,2025-01-16,Anaya Singh,Male,35,Hyderabad,Telangana,South,Smartphone,Electronics,Mobiles,Diya Patel,5,30300.0,0,0.0,0.0,UPI,Cancelled,Cancelled
ORD01972,2025-11-05,Diya Singh,Female,31,Patna,Bihar,East,Sunglasses,Accessories,Eyewear,Diya Patel,5,7000.0,15,29750.0,1933.1,UPI,Completed,Delivered
ORD01973,2025-04-07,Ishita Desai,Male,50,Jaipur,Rajasthan,North,Air Conditioner,Appliances,Cooling,Aarav Shah,5,68000.0,5,323000.0,28536.75,Net Banking,Completed,Delivered
ORD01974,2025-02-11,Diya Joshi,Male,23,Bhopal,Madhya Pradesh,Central,Washing Machine,Appliances,Laundry Appliances,Ishita Shah,4,43800.0,10,157680.0,9399.28,UPI,Completed,Delivered
ORD01975,2025-01-26,Vivaan Shah,Male,27,Chennai,Tamil Nadu,South,Refrigerator,Appliances,Kitchen Appliances,Riya Desai,4,60300.0,15,205020.0,12066.96,UPI,Completed,Delivered
ORD01976,2025-06-01,Anaya Patel,Female,57,Vadodara,Gujarat,West,Air Conditioner,Appliances,Cooling,Kabir Joshi,2,59000.0,5,112100.0,17226.22,Credit Card,Completed,Delivered
ORD01977,2025-09-22,Meera Shah,Male,24,Udaipur,Rajasthan,North,Microwave,Appliances,Kitchen Appliances,Meera Mehta,3,22300.0,5,63555.0,10179.27,UPI,Completed,Delivered
ORD01978,2025-04-08,Meera Verma,Female,47,Indore,Madhya Pradesh,Central,Washing Machine,Appliances,Laundry Appliances,Diya Patel,3,32300.0,10,87210.0,7701.23,Debit Card,Completed,Delivered
ORD01979,2025-11-26,Kabir Desai,Male,25,Hyderabad,Telangana,South,Backpack,Fashion,Bags,Arjun Patel,4,3500.0,25,0.0,0.0,Debit Card,Cancelled,Cancelled
ORD01980,2025-07-28,Riya Desai,Male,51,Pune,Maharashtra,West,Air Conditioner,Appliances,Cooling,Rohan Mehta,5,34900.0,0,174500.0,10358.81,UPI,Completed,Delivered
ORD01981,2025-07-01,Riya Shah,Male,49,Bengaluru,Karnataka,South,Bed,Furniture,Bedroom,Rohan Mehta,4,16000.0,20,0.0,0.0,Debit Card,Cancelled,Cancelled
ORD01982,2025-11-09,Rohan Desai,Female,36,Indore,Madhya Pradesh,Central,Running Shoes,Fashion,Footwear,Kabir Joshi,4,6600.0,10,0.0,0.0,Credit Card,Cancelled,Cancelled
ORD01983,2025-05-07,Ishita Mehta,Male,21,Ahmedabad,Gujarat,West,Running Shoes,Fashion,Footwear,Riya Desai,2,6200.0,5,11780.0,897.64,UPI,Completed,Delivered
ORD01984,2025-04-09,Vivaan Mehta,Female,58,Udaipur,Rajasthan,North,Sofa,Furniture,Living Room,Kabir Joshi,1,51400.0,0,51400.0,6394.16,UPI,Completed,Delivered
ORD01985,2025-12-24,Arjun Joshi,Male,22,Mumbai,Maharashtra,West,Air Conditioner,Appliances,Cooling,Vivaan Desai,5,74500.0,25,279375.0,39560.39,Cash,Completed,In Transit
ORD01986,2025-09-22,Anaya Mehta,Female,27,Ahmedabad,Gujarat,West,Watch,Accessories,Watches,Diya Patel,2,10800.0,5,20520.0,3157.35,Credit Card,Completed,Delayed
ORD01987,2025-08-07,Meera Shah,Male,23,Lucknow,Uttar Pradesh,North,Running Shoes,Fashion,Footwear,Ishita Shah,3,2300.0,15,5865.0,-245.99,Debit Card,Returned,Returned
ORD01988,2025-03-17,Vivaan Verma,Male,58,Kolkata,West Bengal,East,Washing Machine,Appliances,Laundry Appliances,Ishita Shah,4,18400.0,15,0.0,0.0,Credit Card,Cancelled,Cancelled
ORD01989,2025-05-12,Anaya Joshi,Male,41,Surat,Gujarat,West,Bed,Furniture,Bedroom,Diya Patel,2,47100.0,0,94200.0,-9525.04,Credit Card,Returned,Returned
ORD01990,2025-03-18,Rohan Joshi,Female,40,Surat,Gujarat,West,T-Shirt,Fashion,Clothing,Aarav Shah,3,2200.0,20,5280.0,535.64,UPI,Completed,Delivered
ORD01991,2025-03-31,Rohan Desai,Female,51,Nagpur,Maharashtra,West,Sunglasses,Accessories,Eyewear,Meera Mehta,5,5000.0,5,23750.0,3190.31,Credit Card,Completed,Delivered
ORD01992,2025-07-30,Vivaan Joshi,Female,24,Patna,Bihar,East,Smartwatch,Accessories,Wearables,Arjun Patel,4,12200.0,20,39040.0,2197.45,Debit Card,Completed,Delivered
ORD01993,2025-11-18,Anaya Mehta,Male,30,Pune,Maharashtra,West,Smartwatch,Accessories,Wearables,Kabir Joshi,5,16400.0,5,77900.0,4572.18,UPI,Completed,Delivered
ORD01994,2025-12-28,Vivaan Joshi,Female,55,Indore,Madhya Pradesh,Central,Dining Table,Furniture,Dining,Vivaan Desai,5,52500.0,0,0.0,0.0,Debit Card,Cancelled,Cancelled
ORD01995,2025-11-24,Kabir Singh,Male,46,Chennai,Tamil Nadu,South,Smartwatch,Accessories,Wearables,Vivaan Desai,3,12200.0,20,29280.0,-2651.81,Net Banking,Returned,Returned
ORD01996,2025-03-26,Vivaan Kapoor,Female,49,Lucknow,Uttar Pradesh,North,Air Conditioner,Appliances,Cooling,Aarav Shah,5,67000.0,10,301500.0,27939.76,Debit Card,Completed,Delivered
ORD01997,2025-01-10,Aarav Shah,Female,35,Vadodara,Gujarat,West,Office Chair,Furniture,Office,Kabir Joshi,2,8800.0,0,17600.0,1501.54,UPI,Completed,Delivered
ORD01998,2025-04-24,Rohan Singh,Male,27,Mumbai,Maharashtra,West,Smartphone,Electronics,Mobiles,Meera Mehta,3,45800.0,10,123660.0,7858.2,Credit Card,Completed,Delivered
ORD01999,2025-09-02,Arjun Patel,Female,53,Chandigarh,Chandigarh,North,Watch,Accessories,Watches,Aarav Shah,3,5000.0,10,13500.0,905.11,Debit Card,Completed,Delivered
ORD02000,2025-01-26,Meera Singh,Female,42,Vadodara,Gujarat,West,Sofa,Furniture,Living Room,Aarav Shah,4,65700.0,5,249660.0,19745.71,Credit Card,Completed,Delayed
